0 verbose cli C:\Program Files\nodejs\node.exe C:\Program Files\nodejs\node_modules\npm\bin\npm-cli.js
1 info using npm@11.11.0
2 info using node@v24.14.1
3 silly config load:file:C:\Program Files\nodejs\node_modules\npm\npmrc
4 silly config load:file:C:\wang\mobile-order\.npmrc
5 silly config load:file:C:\Users\study\.npmrc
6 silly config load:file:C:\Users\study\AppData\Roaming\npm\etc\npmrc
7 verbose title npm install
8 verbose argv "install"
9 verbose logfile logs-max:10 dir:C:\wang\.npm-cache\_logs\2026-08-03T06_21_24_675Z-
10 verbose logfile C:\wang\.npm-cache\_logs\2026-08-03T06_21_24_675Z-debug-0.log
11 silly logfile done cleaning log files
12 silly packumentCache heap:4496293888 maxSize:1124073472 maxEntrySize:562036736
13 silly idealTree buildDeps
14 http fetch GET https://registry.npmjs.org/npm attempt 1 failed with EACCES
15 silly reify mark retired [ 'C:\\wang\\mobile-order\\node_modules\\acorn' ]
16 silly reify mark retired [ 'C:\\wang\\mobile-order\\node_modules\\acorn-import-phases' ]
17 silly reify mark retired [ 'C:\\wang\\mobile-order\\node_modules\\acorn-loose' ]
18 silly reify mark retired [ 'C:\\wang\\mobile-order\\node_modules\\acorn-jsx' ]
19 silly reify mark retired [ 'C:\\wang\\mobile-order\\node_modules\\ajv' ]
20 silly reify mark retired [ 'C:\\wang\\mobile-order\\node_modules\\aria-query' ]
21 silly reify mark retired [ 'C:\\wang\\mobile-order\\node_modules\\array-includes' ]
22 silly reify mark retired [ 'C:\\wang\\mobile-order\\node_modules\\array-buffer-byte-length' ]
23 silly reify mark retired [ 'C:\\wang\\mobile-order\\node_modules\\array.prototype.findlast' ]
24 silly reify mark retired [
24 silly reify   'C:\\wang\\mobile-order\\node_modules\\array.prototype.findlastindex'
24 silly reify ]
25 silly reify mark retired [ 'C:\\wang\\mobile-order\\node_modules\\array.prototype.flat' ]
26 silly reify mark retired [ 'C:\\wang\\mobile-order\\node_modules\\array.prototype.tosorted' ]
27 silly reify mark retired [ 'C:\\wang\\mobile-order\\node_modules\\array.prototype.flatmap' ]
28 silly reify mark retired [ 'C:\\wang\\mobile-order\\node_modules\\arraybuffer.prototype.slice' ]
29 silly reify mark retired [ 'C:\\wang\\mobile-order\\node_modules\\ast-types-flow' ]
30 silly reify mark retired [ 'C:\\wang\\mobile-order\\node_modules\\async-function' ]
31 silly reify mark retired [ 'C:\\wang\\mobile-order\\node_modules\\axe-core' ]
32 silly reify mark retired [ 'C:\\wang\\mobile-order\\node_modules\\axobject-query' ]
33 silly reify mark retired [ 'C:\\wang\\mobile-order\\node_modules\\base64-js' ]
34 silly reify mark retired [ 'C:\\wang\\mobile-order\\node_modules\\baseline-browser-mapping' ]
35 silly reify mark retired [ 'C:\\wang\\mobile-order\\node_modules\\blake3-wasm' ]
36 silly reify mark retired [ 'C:\\wang\\mobile-order\\node_modules\\brace-expansion' ]
37 silly reify mark retired [ 'C:\\wang\\mobile-order\\node_modules\\browserslist' ]
38 silly reify mark retired [ 'C:\\wang\\mobile-order\\node_modules\\buffer-from' ]
39 silly reify mark retired [ 'C:\\wang\\mobile-order\\node_modules\\camelize' ]
40 silly reify mark retired [ 'C:\\wang\\mobile-order\\node_modules\\caniuse-lite' ]
41 silly reify mark retired [ 'C:\\wang\\mobile-order\\node_modules\\chrome-trace-event' ]
42 silly reify mark retired [ 'C:\\wang\\mobile-order\\node_modules\\client-only' ]
43 silly reify mark retired [ 'C:\\wang\\mobile-order\\node_modules\\convert-source-map' ]
44 silly reify mark retired [ 'C:\\wang\\mobile-order\\node_modules\\cookie' ]
45 silly reify mark retired [ 'C:\\wang\\mobile-order\\node_modules\\css-background-parser' ]
46 silly reify mark retired [ 'C:\\wang\\mobile-order\\node_modules\\css-box-shadow' ]
47 silly reify mark retired [ 'C:\\wang\\mobile-order\\node_modules\\css-color-keywords' ]
48 silly reify mark retired [ 'C:\\wang\\mobile-order\\node_modules\\css-gradient-parser' ]
49 silly reify mark retired [ 'C:\\wang\\mobile-order\\node_modules\\css-to-react-native' ]
50 silly reify mark retired [ 'C:\\wang\\mobile-order\\node_modules\\damerau-levenshtein' ]
51 silly reify mark retired [ 'C:\\wang\\mobile-order\\node_modules\\data-view-buffer' ]
52 silly reify mark retired [ 'C:\\wang\\mobile-order\\node_modules\\data-view-byte-length' ]
53 silly reify mark retired [ 'C:\\wang\\mobile-order\\node_modules\\data-view-byte-offset' ]
54 silly reify mark retired [ 'C:\\wang\\mobile-order\\node_modules\\deep-is' ]
55 silly reify mark retired [ 'C:\\wang\\mobile-order\\node_modules\\define-properties' ]
56 silly reify mark retired [ 'C:\\wang\\mobile-order\\node_modules\\detect-libc' ]
57 silly reify mark retired [ 'C:\\wang\\mobile-order\\node_modules\\doctrine' ]
58 silly reify mark retired [ 'C:\\wang\\mobile-order\\node_modules\\drizzle-kit' ]
59 silly reify mark retired [ 'C:\\wang\\mobile-order\\node_modules\\drizzle-orm' ]
60 silly reify mark retired [ 'C:\\wang\\mobile-order\\node_modules\\electron-to-chromium' ]
61 silly reify mark retired [ 'C:\\wang\\mobile-order\\node_modules\\emoji-regex' ]
62 silly reify mark retired [ 'C:\\wang\\mobile-order\\node_modules\\emoji-regex-xs' ]
63 silly reify mark retired [ 'C:\\wang\\mobile-order\\node_modules\\enhanced-resolve' ]
64 silly reify mark retired [ 'C:\\wang\\mobile-order\\node_modules\\es-abstract' ]
65 silly reify mark retired [ 'C:\\wang\\mobile-order\\node_modules\\error-stack-parser-es' ]
66 silly reify mark retired [ 'C:\\wang\\mobile-order\\node_modules\\es-iterator-helpers' ]
67 silly reify mark retired [ 'C:\\wang\\mobile-order\\node_modules\\es-module-lexer' ]
68 silly reify mark retired [ 'C:\\wang\\mobile-order\\node_modules\\es-object-atoms' ]
69 silly reify mark retired [ 'C:\\wang\\mobile-order\\node_modules\\es-shim-unscopables' ]
70 silly reify mark retired [ 'C:\\wang\\mobile-order\\node_modules\\es-to-primitive' ]
71 silly reify mark retired [ 'C:\\wang\\mobile-order\\node_modules\\esbuild' ]
72 silly reify mark retired [ 'C:\\wang\\mobile-order\\node_modules\\escape-html' ]
73 silly reify mark retired [ 'C:\\wang\\mobile-order\\node_modules\\eslint' ]
74 silly reify mark retired [ 'C:\\wang\\mobile-order\\node_modules\\eslint-config-next' ]
75 silly reify mark retired [ 'C:\\wang\\mobile-order\\node_modules\\eslint-import-resolver-node' ]
76 silly reify mark retired [
76 silly reify   'C:\\wang\\mobile-order\\node_modules\\eslint-import-resolver-typescript'
76 silly reify ]
77 silly reify mark retired [ 'C:\\wang\\mobile-order\\node_modules\\eslint-module-utils' ]
78 silly reify mark retired [ 'C:\\wang\\mobile-order\\node_modules\\eslint-plugin-import' ]
79 silly reify mark retired [ 'C:\\wang\\mobile-order\\node_modules\\eslint-plugin-jsx-a11y' ]
80 silly reify mark retired [ 'C:\\wang\\mobile-order\\node_modules\\eslint-plugin-react' ]
81 silly reify mark retired [ 'C:\\wang\\mobile-order\\node_modules\\eslint-plugin-react-hooks' ]
82 silly reify mark retired [ 'C:\\wang\\mobile-order\\node_modules\\eslint-visitor-keys' ]
83 silly reify mark retired [ 'C:\\wang\\mobile-order\\node_modules\\espree' ]
84 silly reify mark retired [ 'C:\\wang\\mobile-order\\node_modules\\esquery' ]
85 silly reify mark retired [ 'C:\\wang\\mobile-order\\node_modules\\eslint-scope' ]
86 silly reify mark retired [ 'C:\\wang\\mobile-order\\node_modules\\esrecurse' ]
87 silly reify mark retired [ 'C:\\wang\\mobile-order\\node_modules\\estree-walker' ]
88 silly reify mark retired [ 'C:\\wang\\mobile-order\\node_modules\\events' ]
89 silly reify mark retired [ 'C:\\wang\\mobile-order\\node_modules\\fast-glob' ]
90 silly reify mark retired [ 'C:\\wang\\mobile-order\\node_modules\\fast-levenshtein' ]
91 silly reify mark retired [ 'C:\\wang\\mobile-order\\node_modules\\fflate' ]
92 silly reify mark retired [ 'C:\\wang\\mobile-order\\node_modules\\file-entry-cache' ]
93 silly reify mark retired [ 'C:\\wang\\mobile-order\\node_modules\\find-up' ]
94 silly reify mark retired [ 'C:\\wang\\mobile-order\\node_modules\\flat-cache' ]
95 silly reify mark retired [ 'C:\\wang\\mobile-order\\node_modules\\flatted' ]
96 silly reify mark retired [ 'C:\\wang\\mobile-order\\node_modules\\function.prototype.name' ]
97 silly reify mark retired [ 'C:\\wang\\mobile-order\\node_modules\\functions-have-names' ]
98 silly reify mark retired [ 'C:\\wang\\mobile-order\\node_modules\\gensync' ]
99 silly reify mark retired [ 'C:\\wang\\mobile-order\\node_modules\\get-symbol-description' ]
100 silly reify mark retired [ 'C:\\wang\\mobile-order\\node_modules\\get-tsconfig' ]
101 silly reify mark retired [ 'C:\\wang\\mobile-order\\node_modules\\glob-parent' ]
102 silly reify mark retired [ 'C:\\wang\\mobile-order\\node_modules\\glob-to-regexp' ]
103 silly reify mark retired [ 'C:\\wang\\mobile-order\\node_modules\\globals' ]
104 silly reify mark retired [ 'C:\\wang\\mobile-order\\node_modules\\globalthis' ]
105 silly reify mark retired [ 'C:\\wang\\mobile-order\\node_modules\\globrex' ]
106 silly reify mark retired [ 'C:\\wang\\mobile-order\\node_modules\\has-bigints' ]
107 silly reify mark retired [ 'C:\\wang\\mobile-order\\node_modules\\has-proto' ]
108 silly reify mark retired [ 'C:\\wang\\mobile-order\\node_modules\\hasown' ]
109 silly reify mark retired [ 'C:\\wang\\mobile-order\\node_modules\\hermes-estree' ]
110 silly reify mark retired [ 'C:\\wang\\mobile-order\\node_modules\\hermes-parser' ]
111 silly reify mark retired [ 'C:\\wang\\mobile-order\\node_modules\\hex-rgb' ]
112 silly reify mark retired [ 'C:\\wang\\mobile-order\\node_modules\\image-size' ]
113 silly reify mark retired [ 'C:\\wang\\mobile-order\\node_modules\\imurmurhash' ]
114 silly reify mark retired [ 'C:\\wang\\mobile-order\\node_modules\\internal-slot' ]
115 silly reify mark retired [ 'C:\\wang\\mobile-order\\node_modules\\ipaddr.js' ]
116 silly reify mark retired [ 'C:\\wang\\mobile-order\\node_modules\\is-array-buffer' ]
117 silly reify mark retired [ 'C:\\wang\\mobile-order\\node_modules\\is-async-function' ]
118 silly reify mark retired [ 'C:\\wang\\mobile-order\\node_modules\\is-bigint' ]
119 silly reify mark retired [ 'C:\\wang\\mobile-order\\node_modules\\is-boolean-object' ]
120 silly reify mark retired [ 'C:\\wang\\mobile-order\\node_modules\\is-bun-module' ]
121 silly reify mark retired [ 'C:\\wang\\mobile-order\\node_modules\\is-core-module' ]
122 silly reify mark retired [ 'C:\\wang\\mobile-order\\node_modules\\is-data-view' ]
123 silly reify mark retired [ 'C:\\wang\\mobile-order\\node_modules\\is-date-object' ]
124 silly reify mark retired [ 'C:\\wang\\mobile-order\\node_modules\\is-finalizationregistry' ]
125 silly reify mark retired [ 'C:\\wang\\mobile-order\\node_modules\\is-map' ]
126 silly reify mark retired [ 'C:\\wang\\mobile-order\\node_modules\\is-negative-zero' ]
127 silly reify mark retired [ 'C:\\wang\\mobile-order\\node_modules\\is-number-object' ]
128 silly reify mark retired [ 'C:\\wang\\mobile-order\\node_modules\\is-shared-array-buffer' ]
129 silly reify mark retired [ 'C:\\wang\\mobile-order\\node_modules\\is-set' ]
130 silly reify mark retired [ 'C:\\wang\\mobile-order\\node_modules\\is-string' ]
131 silly reify mark retired [ 'C:\\wang\\mobile-order\\node_modules\\is-symbol' ]
132 silly reify mark retired [ 'C:\\wang\\mobile-order\\node_modules\\is-weakmap' ]
133 silly reify mark retired [ 'C:\\wang\\mobile-order\\node_modules\\is-weakref' ]
134 silly reify mark retired [ 'C:\\wang\\mobile-order\\node_modules\\is-weakset' ]
135 silly reify mark retired [ 'C:\\wang\\mobile-order\\node_modules\\iterator.prototype' ]
136 silly reify mark retired [ 'C:\\wang\\mobile-order\\node_modules\\jest-worker' ]
137 silly reify mark retired [ 'C:\\wang\\mobile-order\\node_modules\\jiti' ]
138 silly reify mark retired [ 'C:\\wang\\mobile-order\\node_modules\\js-yaml' ]
139 silly reify mark retired [ 'C:\\wang\\mobile-order\\node_modules\\jsesc' ]
140 silly reify mark retired [
140 silly reify   'C:\\wang\\mobile-order\\node_modules\\json-stable-stringify-without-jsonify'
140 silly reify ]
141 silly reify mark retired [ 'C:\\wang\\mobile-order\\node_modules\\json-buffer' ]
142 silly reify mark retired [ 'C:\\wang\\mobile-order\\node_modules\\json5' ]
143 silly reify mark retired [ 'C:\\wang\\mobile-order\\node_modules\\jsx-ast-utils' ]
144 silly reify mark retired [ 'C:\\wang\\mobile-order\\node_modules\\keyv' ]
145 silly reify mark retired [ 'C:\\wang\\mobile-order\\node_modules\\kleur' ]
146 silly reify mark retired [ 'C:\\wang\\mobile-order\\node_modules\\language-subtag-registry' ]
147 silly reify mark retired [ 'C:\\wang\\mobile-order\\node_modules\\language-tags' ]
148 silly reify mark retired [ 'C:\\wang\\mobile-order\\node_modules\\levn' ]
149 silly reify mark retired [ 'C:\\wang\\mobile-order\\node_modules\\lightningcss' ]
150 silly reify mark retired [ 'C:\\wang\\mobile-order\\node_modules\\loader-runner' ]
151 silly reify mark retired [ 'C:\\wang\\mobile-order\\node_modules\\lightningcss-win32-x64-msvc' ]
152 silly reify mark retired [ 'C:\\wang\\mobile-order\\node_modules\\lodash.merge' ]
153 silly reify mark retired [ 'C:\\wang\\mobile-order\\node_modules\\linebreak' ]
154 silly reify mark retired [ 'C:\\wang\\mobile-order\\node_modules\\locate-path' ]
155 silly reify mark retired [ 'C:\\wang\\mobile-order\\node_modules\\loose-envify' ]
156 silly reify mark retired [ 'C:\\wang\\mobile-order\\node_modules\\lru-cache' ]
157 silly reify mark retired [ 'C:\\wang\\mobile-order\\node_modules\\merge-stream' ]
158 silly reify mark retired [ 'C:\\wang\\mobile-order\\node_modules\\mime-db' ]
159 silly reify mark retired [ 'C:\\wang\\mobile-order\\node_modules\\miniflare' ]
160 silly reify mark retired [ 'C:\\wang\\mobile-order\\node_modules\\nanoid' ]
161 silly reify mark retired [ 'C:\\wang\\mobile-order\\node_modules\\napi-postinstall' ]
162 silly reify mark retired [ 'C:\\wang\\mobile-order\\node_modules\\natural-compare' ]
163 silly reify mark retired [ 'C:\\wang\\mobile-order\\node_modules\\next' ]
164 silly reify mark retired [ 'C:\\wang\\mobile-order\\node_modules\\node-exports-info' ]
165 silly reify mark retired [ 'C:\\wang\\mobile-order\\node_modules\\node-releases' ]
166 silly reify mark retired [ 'C:\\wang\\mobile-order\\node_modules\\object-keys' ]
167 silly reify mark retired [ 'C:\\wang\\mobile-order\\node_modules\\object.assign' ]
168 silly reify mark retired [ 'C:\\wang\\mobile-order\\node_modules\\object-inspect' ]
169 silly reify mark retired [ 'C:\\wang\\mobile-order\\node_modules\\object.entries' ]
170 silly reify mark retired [ 'C:\\wang\\mobile-order\\node_modules\\object.fromentries' ]
171 silly reify mark retired [ 'C:\\wang\\mobile-order\\node_modules\\object.groupby' ]
172 silly reify mark retired [ 'C:\\wang\\mobile-order\\node_modules\\object.values' ]
173 silly reify mark retired [ 'C:\\wang\\mobile-order\\node_modules\\optionator' ]
174 silly reify mark retired [ 'C:\\wang\\mobile-order\\node_modules\\own-keys' ]
175 silly reify mark retired [ 'C:\\wang\\mobile-order\\node_modules\\p-limit' ]
176 silly reify mark retired [ 'C:\\wang\\mobile-order\\node_modules\\pako' ]
177 silly reify mark retired [ 'C:\\wang\\mobile-order\\node_modules\\p-locate' ]
178 silly reify mark retired [ 'C:\\wang\\mobile-order\\node_modules\\parse-css-color' ]
179 silly reify mark retired [ 'C:\\wang\\mobile-order\\node_modules\\path-exists' ]
180 silly reify mark retired [ 'C:\\wang\\mobile-order\\node_modules\\path-parse' ]
181 silly reify mark retired [ 'C:\\wang\\mobile-order\\node_modules\\path-to-regexp' ]
182 silly reify mark retired [ 'C:\\wang\\mobile-order\\node_modules\\pathe' ]
183 silly reify mark retired [ 'C:\\wang\\mobile-order\\node_modules\\postcss' ]
184 silly reify mark retired [ 'C:\\wang\\mobile-order\\node_modules\\prelude-ls' ]
185 silly reify mark retired [ 'C:\\wang\\mobile-order\\node_modules\\postcss-value-parser' ]
186 silly reify mark retired [ 'C:\\wang\\mobile-order\\node_modules\\prop-types' ]
187 silly reify mark retired [ 'C:\\wang\\mobile-order\\node_modules\\react' ]
188 silly reify mark retired [ 'C:\\wang\\mobile-order\\node_modules\\react-dom' ]
189 silly reify mark retired [ 'C:\\wang\\mobile-order\\node_modules\\react-is' ]
190 silly reify mark retired [ 'C:\\wang\\mobile-order\\node_modules\\react-loading-skeleton' ]
191 silly reify mark retired [ 'C:\\wang\\mobile-order\\node_modules\\react-server-dom-webpack' ]
192 silly reify mark retired [ 'C:\\wang\\mobile-order\\node_modules\\reflect.getprototypeof' ]
193 silly reify mark retired [ 'C:\\wang\\mobile-order\\node_modules\\regexp.prototype.flags' ]
194 silly reify mark retired [ 'C:\\wang\\mobile-order\\node_modules\\resolve' ]
195 silly reify mark retired [ 'C:\\wang\\mobile-order\\node_modules\\resolve-pkg-maps' ]
196 silly reify mark retired [ 'C:\\wang\\mobile-order\\node_modules\\rolldown' ]
197 silly reify mark retired [ 'C:\\wang\\mobile-order\\node_modules\\safe-array-concat' ]
198 silly reify mark retired [ 'C:\\wang\\mobile-order\\node_modules\\safe-push-apply' ]
199 silly reify mark retired [ 'C:\\wang\\mobile-order\\node_modules\\satori' ]
200 silly reify mark retired [ 'C:\\wang\\mobile-order\\node_modules\\scheduler' ]
201 silly reify mark retired [ 'C:\\wang\\mobile-order\\node_modules\\schema-utils' ]
202 silly reify mark retired [ 'C:\\wang\\mobile-order\\node_modules\\semver' ]
203 silly reify mark retired [ 'C:\\wang\\mobile-order\\node_modules\\set-function-name' ]
204 silly reify mark retired [ 'C:\\wang\\mobile-order\\node_modules\\set-proto' ]
205 silly reify mark retired [ 'C:\\wang\\mobile-order\\node_modules\\sharp' ]
206 silly reify mark retired [ 'C:\\wang\\mobile-order\\node_modules\\side-channel' ]
207 silly reify mark retired [ 'C:\\wang\\mobile-order\\node_modules\\side-channel-list' ]
208 silly reify mark retired [ 'C:\\wang\\mobile-order\\node_modules\\side-channel-weakmap' ]
209 silly reify mark retired [ 'C:\\wang\\mobile-order\\node_modules\\side-channel-map' ]
210 silly reify mark retired [ 'C:\\wang\\mobile-order\\node_modules\\source-map-support' ]
211 silly reify mark retired [ 'C:\\wang\\mobile-order\\node_modules\\srvx' ]
212 silly reify mark retired [ 'C:\\wang\\mobile-order\\node_modules\\stable-hash' ]
213 silly reify mark retired [ 'C:\\wang\\mobile-order\\node_modules\\stop-iteration-iterator' ]
214 silly reify mark retired [ 'C:\\wang\\mobile-order\\node_modules\\string.prototype.includes' ]
215 silly reify mark retired [
215 silly reify   'C:\\wang\\mobile-order\\node_modules\\string.prototype.codepointat'
215 silly reify ]
216 silly reify mark retired [ 'C:\\wang\\mobile-order\\node_modules\\string.prototype.matchall' ]
217 silly reify mark retired [ 'C:\\wang\\mobile-order\\node_modules\\string.prototype.repeat' ]
218 silly reify mark retired [ 'C:\\wang\\mobile-order\\node_modules\\string.prototype.trim' ]
219 silly reify mark retired [ 'C:\\wang\\mobile-order\\node_modules\\string.prototype.trimend' ]
220 silly reify mark retired [ 'C:\\wang\\mobile-order\\node_modules\\string.prototype.trimstart' ]
221 silly reify mark retired [ 'C:\\wang\\mobile-order\\node_modules\\strip-json-comments' ]
222 silly reify mark retired [ 'C:\\wang\\mobile-order\\node_modules\\styled-jsx' ]
223 silly reify mark retired [ 'C:\\wang\\mobile-order\\node_modules\\strip-literal' ]
224 silly reify mark retired [
224 silly reify   'C:\\wang\\mobile-order\\node_modules\\supports-preserve-symlinks-flag'
224 silly reify ]
225 silly reify mark retired [ 'C:\\wang\\mobile-order\\node_modules\\tailwindcss' ]
226 silly reify mark retired [ 'C:\\wang\\mobile-order\\node_modules\\tapable' ]
227 silly reify mark retired [ 'C:\\wang\\mobile-order\\node_modules\\terser' ]
228 silly reify mark retired [ 'C:\\wang\\mobile-order\\node_modules\\terser-webpack-plugin' ]
229 silly reify mark retired [ 'C:\\wang\\mobile-order\\node_modules\\tiny-inflate' ]
230 silly reify mark retired [ 'C:\\wang\\mobile-order\\node_modules\\tinyglobby' ]
231 silly reify mark retired [ 'C:\\wang\\mobile-order\\node_modules\\ts-api-utils' ]
232 silly reify mark retired [ 'C:\\wang\\mobile-order\\node_modules\\tsconfig-paths' ]
233 silly reify mark retired [ 'C:\\wang\\mobile-order\\node_modules\\tsconfck' ]
234 silly reify mark retired [ 'C:\\wang\\mobile-order\\node_modules\\tsx' ]
235 silly reify mark retired [ 'C:\\wang\\mobile-order\\node_modules\\turbo-stream' ]
236 silly reify mark retired [ 'C:\\wang\\mobile-order\\node_modules\\type-check' ]
237 silly reify mark retired [ 'C:\\wang\\mobile-order\\node_modules\\typed-array-byte-length' ]
238 silly reify mark retired [ 'C:\\wang\\mobile-order\\node_modules\\typed-array-byte-offset' ]
239 silly reify mark retired [ 'C:\\wang\\mobile-order\\node_modules\\typed-array-length' ]
240 silly reify mark retired [ 'C:\\wang\\mobile-order\\node_modules\\typescript' ]
241 silly reify mark retired [ 'C:\\wang\\mobile-order\\node_modules\\typescript-eslint' ]
242 silly reify mark retired [ 'C:\\wang\\mobile-order\\node_modules\\unbox-primitive' ]
243 silly reify mark retired [ 'C:\\wang\\mobile-order\\node_modules\\undici' ]
244 silly reify mark retired [ 'C:\\wang\\mobile-order\\node_modules\\undici-types' ]
245 silly reify mark retired [ 'C:\\wang\\mobile-order\\node_modules\\unenv' ]
246 silly reify mark retired [ 'C:\\wang\\mobile-order\\node_modules\\unicode-trie' ]
247 silly reify mark retired [ 'C:\\wang\\mobile-order\\node_modules\\unpic' ]
248 silly reify mark retired [ 'C:\\wang\\mobile-order\\node_modules\\unrs-resolver' ]
249 silly reify mark retired [ 'C:\\wang\\mobile-order\\node_modules\\update-browserslist-db' ]
250 silly reify mark retired [ 'C:\\wang\\mobile-order\\node_modules\\vinext' ]
251 silly reify mark retired [ 'C:\\wang\\mobile-order\\node_modules\\vite' ]
252 silly reify mark retired [ 'C:\\wang\\mobile-order\\node_modules\\vite-plugin-commonjs' ]
253 silly reify mark retired [ 'C:\\wang\\mobile-order\\node_modules\\vite-plugin-dynamic-import' ]
254 silly reify mark retired [ 'C:\\wang\\mobile-order\\node_modules\\vitefu' ]
255 silly reify mark retired [ 'C:\\wang\\mobile-order\\node_modules\\vite-tsconfig-paths' ]
256 silly reify mark retired [ 'C:\\wang\\mobile-order\\node_modules\\watchpack' ]
257 silly reify mark retired [ 'C:\\wang\\mobile-order\\node_modules\\web-vitals' ]
258 silly reify mark retired [ 'C:\\wang\\mobile-order\\node_modules\\webpack' ]
259 silly reify mark retired [ 'C:\\wang\\mobile-order\\node_modules\\webpack-sources' ]
260 silly reify mark retired [ 'C:\\wang\\mobile-order\\node_modules\\which-builtin-type' ]
261 silly reify mark retired [ 'C:\\wang\\mobile-order\\node_modules\\which-collection' ]
262 silly reify mark retired [ 'C:\\wang\\mobile-order\\node_modules\\which-boxed-primitive' ]
263 silly reify mark retired [ 'C:\\wang\\mobile-order\\node_modules\\which-typed-array' ]
264 silly reify mark retired [ 'C:\\wang\\mobile-order\\node_modules\\wrangler' ]
265 silly reify mark retired [ 'C:\\wang\\mobile-order\\node_modules\\word-wrap' ]
266 silly reify mark retired [ 'C:\\wang\\mobile-order\\node_modules\\ws' ]
267 silly reify mark retired [ 'C:\\wang\\mobile-order\\node_modules\\workerd' ]
268 silly reify mark retired [ 'C:\\wang\\mobile-order\\node_modules\\yallist' ]
269 silly reify mark retired [ 'C:\\wang\\mobile-order\\node_modules\\yocto-queue' ]
270 silly reify mark retired [ 'C:\\wang\\mobile-order\\node_modules\\yoga-layout' ]
271 silly reify mark retired [ 'C:\\wang\\mobile-order\\node_modules\\youch' ]
272 silly reify mark retired [ 'C:\\wang\\mobile-order\\node_modules\\zod' ]
273 silly reify mark retired [ 'C:\\wang\\mobile-order\\node_modules\\youch-core' ]
274 silly reify mark retired [ 'C:\\wang\\mobile-order\\node_modules\\zod-validation-error' ]
275 silly reify mark retired [ 'C:\\wang\\mobile-order\\node_modules\\@babel\\code-frame' ]
276 silly reify mark retired [ 'C:\\wang\\mobile-order\\node_modules\\@babel\\compat-data' ]
277 silly reify mark retired [ 'C:\\wang\\mobile-order\\node_modules\\@babel\\core' ]
278 silly reify mark retired [ 'C:\\wang\\mobile-order\\node_modules\\@babel\\generator' ]
279 silly reify mark retired [
279 silly reify   'C:\\wang\\mobile-order\\node_modules\\@babel\\helper-compilation-targets'
279 silly reify ]
280 silly reify mark retired [
280 silly reify   'C:\\wang\\mobile-order\\node_modules\\@babel\\helper-module-imports'
280 silly reify ]
281 silly reify mark retired [
281 silly reify   'C:\\wang\\mobile-order\\node_modules\\@babel\\helper-module-transforms'
281 silly reify ]
282 silly reify mark retired [
282 silly reify   'C:\\wang\\mobile-order\\node_modules\\@babel\\helper-string-parser'
282 silly reify ]
283 silly reify mark retired [
283 silly reify   'C:\\wang\\mobile-order\\node_modules\\@babel\\helper-validator-identifier'
283 silly reify ]
284 silly reify mark retired [ 'C:\\wang\\mobile-order\\node_modules\\@babel\\helper-globals' ]
285 silly reify mark retired [
285 silly reify   'C:\\wang\\mobile-order\\node_modules\\@babel\\helper-validator-option'
285 silly reify ]
286 silly reify mark retired [ 'C:\\wang\\mobile-order\\node_modules\\@babel\\helpers' ]
287 silly reify mark retired [ 'C:\\wang\\mobile-order\\node_modules\\@babel\\parser' ]
288 silly reify mark retired [ 'C:\\wang\\mobile-order\\node_modules\\@babel\\template' ]
289 silly reify mark retired [ 'C:\\wang\\mobile-order\\node_modules\\@babel\\traverse' ]
290 silly reify mark retired [ 'C:\\wang\\mobile-order\\node_modules\\@babel\\types' ]
291 silly reify mark retired [ 'C:\\wang\\mobile-order\\node_modules\\@alloc\\quick-lru' ]
292 silly reify mark retired [
292 silly reify   'C:\\wang\\mobile-order\\node_modules\\@cloudflare\\kv-asset-handler'
292 silly reify ]
293 silly reify mark retired [ 'C:\\wang\\mobile-order\\node_modules\\@cloudflare\\unenv-preset' ]
294 silly reify mark retired [ 'C:\\wang\\mobile-order\\node_modules\\@cloudflare\\vite-plugin' ]
295 silly reify mark retired [
295 silly reify   'C:\\wang\\mobile-order\\node_modules\\@cloudflare\\workerd-windows-64'
295 silly reify ]
296 silly reify mark retired [ 'C:\\wang\\mobile-order\\node_modules\\@emnapi\\core' ]
297 silly reify mark retired [ 'C:\\wang\\mobile-order\\node_modules\\@emnapi\\runtime' ]
298 silly reify mark retired [ 'C:\\wang\\mobile-order\\node_modules\\@emnapi\\wasi-threads' ]
299 silly reify mark retired [ 'C:\\wang\\mobile-order\\node_modules\\@esbuild-kit\\core-utils' ]
300 silly reify mark retired [ 'C:\\wang\\mobile-order\\node_modules\\@esbuild-kit\\esm-loader' ]
301 silly reify mark retired [ 'C:\\wang\\mobile-order\\node_modules\\@esbuild\\win32-x64' ]
302 silly reify mark retired [ 'C:\\wang\\mobile-order\\node_modules\\@drizzle-team\\brocli' ]
303 silly reify mark retired [ 'C:\\wang\\mobile-order\\node_modules\\@eslint\\config-array' ]
304 silly reify mark retired [ 'C:\\wang\\mobile-order\\node_modules\\@eslint\\config-helpers' ]
305 silly reify mark retired [ 'C:\\wang\\mobile-order\\node_modules\\@eslint\\core' ]
306 silly reify mark retired [ 'C:\\wang\\mobile-order\\node_modules\\@eslint\\eslintrc' ]
307 silly reify mark retired [ 'C:\\wang\\mobile-order\\node_modules\\@eslint\\js' ]
308 silly reify mark retired [ 'C:\\wang\\mobile-order\\node_modules\\@eslint\\object-schema' ]
309 silly reify mark retired [ 'C:\\wang\\mobile-order\\node_modules\\@eslint\\plugin-kit' ]
310 silly reify mark retired [ 'C:\\wang\\mobile-order\\node_modules\\@humanfs\\core' ]
311 silly reify mark retired [ 'C:\\wang\\mobile-order\\node_modules\\@humanfs\\node' ]
312 silly reify mark retired [ 'C:\\wang\\mobile-order\\node_modules\\@humanfs\\types' ]
313 silly reify mark retired [ 'C:\\wang\\mobile-order\\node_modules\\@humanwhocodes\\retry' ]
314 silly reify mark retired [
314 silly reify   'C:\\wang\\mobile-order\\node_modules\\@humanwhocodes\\module-importer'
314 silly reify ]
315 silly reify mark retired [
315 silly reify   'C:\\wang\\mobile-order\\node_modules\\@eslint-community\\eslint-utils'
315 silly reify ]
316 silly reify mark retired [ 'C:\\wang\\mobile-order\\node_modules\\@eslint-community\\regexpp' ]
317 silly reify mark retired [ 'C:\\wang\\mobile-order\\node_modules\\@img\\colour' ]
318 silly reify mark retired [ 'C:\\wang\\mobile-order\\node_modules\\@img\\sharp-win32-x64' ]
319 silly reify mark retired [ 'C:\\wang\\mobile-order\\node_modules\\@next\\env' ]
320 silly reify mark retired [ 'C:\\wang\\mobile-order\\node_modules\\@next\\eslint-plugin-next' ]
321 silly reify mark retired [ 'C:\\wang\\mobile-order\\node_modules\\@jridgewell\\gen-mapping' ]
322 silly reify mark retired [ 'C:\\wang\\mobile-order\\node_modules\\@next\\swc-win32-x64-msvc' ]
323 silly reify mark retired [ 'C:\\wang\\mobile-order\\node_modules\\@jridgewell\\remapping' ]
324 silly reify mark retired [ 'C:\\wang\\mobile-order\\node_modules\\@jridgewell\\source-map' ]
325 silly reify mark retired [ 'C:\\wang\\mobile-order\\node_modules\\@jridgewell\\trace-mapping' ]
326 silly reify mark retired [ 'C:\\wang\\mobile-order\\node_modules\\@nolyfill\\is-core-module' ]
327 silly reify mark retired [ 'C:\\wang\\mobile-order\\node_modules\\@oxc-project\\types' ]
328 silly reify mark retired [ 'C:\\wang\\mobile-order\\node_modules\\@poppinss\\colors' ]
329 silly reify mark retired [ 'C:\\wang\\mobile-order\\node_modules\\@poppinss\\dumper' ]
330 silly reify mark retired [ 'C:\\wang\\mobile-order\\node_modules\\@poppinss\\exception' ]
331 silly reify mark retired [ 'C:\\wang\\mobile-order\\node_modules\\@resvg\\resvg-wasm' ]
332 silly reify mark retired [
332 silly reify   'C:\\wang\\mobile-order\\node_modules\\@rolldown\\binding-win32-x64-msvc'
332 silly reify ]
333 silly reify mark retired [ 'C:\\wang\\mobile-order\\node_modules\\@rtsao\\scc' ]
334 silly reify mark retired [ 'C:\\wang\\mobile-order\\node_modules\\@shuding\\opentype.js' ]
335 silly reify mark retired [ 'C:\\wang\\mobile-order\\node_modules\\@sindresorhus\\is' ]
336 silly reify mark retired [ 'C:\\wang\\mobile-order\\node_modules\\@speed-highlight\\core' ]
337 silly reify mark retired [ 'C:\\wang\\mobile-order\\node_modules\\@swc\\helpers' ]
338 silly reify mark retired [ 'C:\\wang\\mobile-order\\node_modules\\@tailwindcss\\node' ]
339 silly reify mark retired [ 'C:\\wang\\mobile-order\\node_modules\\@tailwindcss\\oxide' ]
340 silly reify mark retired [
340 silly reify   'C:\\wang\\mobile-order\\node_modules\\@tailwindcss\\oxide-win32-x64-msvc'
340 silly reify ]
341 silly reify mark retired [ 'C:\\wang\\mobile-order\\node_modules\\@tailwindcss\\postcss' ]
342 silly reify mark retired [ 'C:\\wang\\mobile-order\\node_modules\\@tybys\\wasm-util' ]
343 silly reify mark retired [ 'C:\\wang\\mobile-order\\node_modules\\@types\\eslint-scope' ]
344 silly reify mark retired [ 'C:\\wang\\mobile-order\\node_modules\\@types\\json-schema' ]
345 silly reify mark retired [ 'C:\\wang\\mobile-order\\node_modules\\@types\\node' ]
346 silly reify mark retired [ 'C:\\wang\\mobile-order\\node_modules\\@types\\json5' ]
347 silly reify mark retired [ 'C:\\wang\\mobile-order\\node_modules\\@types\\react' ]
348 silly reify mark retired [ 'C:\\wang\\mobile-order\\node_modules\\@types\\react-dom' ]
349 silly reify mark retired [ 'C:\\wang\\mobile-order\\node_modules\\@types\\eslint' ]
350 silly reify mark retired [
350 silly reify   'C:\\wang\\mobile-order\\node_modules\\@typescript-eslint\\eslint-plugin'
350 silly reify ]
351 silly reify mark retired [ 'C:\\wang\\mobile-order\\node_modules\\@typescript-eslint\\parser' ]
352 silly reify mark retired [
352 silly reify   'C:\\wang\\mobile-order\\node_modules\\@typescript-eslint\\project-service'
352 silly reify ]
353 silly reify mark retired [
353 silly reify   'C:\\wang\\mobile-order\\node_modules\\@typescript-eslint\\scope-manager'
353 silly reify ]
354 silly reify mark retired [
354 silly reify   'C:\\wang\\mobile-order\\node_modules\\@typescript-eslint\\tsconfig-utils'
354 silly reify ]
355 silly reify mark retired [
355 silly reify   'C:\\wang\\mobile-order\\node_modules\\@typescript-eslint\\type-utils'
355 silly reify ]
356 silly reify mark retired [ 'C:\\wang\\mobile-order\\node_modules\\@typescript-eslint\\utils' ]
357 silly reify mark retired [
357 silly reify   'C:\\wang\\mobile-order\\node_modules\\@typescript-eslint\\typescript-estree'
357 silly reify ]
358 silly reify mark retired [
358 silly reify   'C:\\wang\\mobile-order\\node_modules\\@typescript-eslint\\visitor-keys'
358 silly reify ]
359 silly reify mark retired [ 'C:\\wang\\mobile-order\\node_modules\\@typescript-eslint\\types' ]
360 silly reify mark retired [ 'C:\\wang\\mobile-order\\node_modules\\@unpic\\core' ]
361 silly reify mark retired [ 'C:\\wang\\mobile-order\\node_modules\\@unpic\\react' ]
362 silly reify mark retired [
362 silly reify   'C:\\wang\\mobile-order\\node_modules\\@unrs\\resolver-binding-win32-x64-msvc'
362 silly reify ]
363 silly reify mark retired [ 'C:\\wang\\mobile-order\\node_modules\\@vercel\\og' ]
364 silly reify mark retired [ 'C:\\wang\\mobile-order\\node_modules\\@vitejs\\plugin-react' ]
365 silly reify mark retired [ 'C:\\wang\\mobile-order\\node_modules\\@vitejs\\plugin-rsc' ]
366 silly reify mark retired [ 'C:\\wang\\mobile-order\\node_modules\\@webassemblyjs\\ast' ]
367 silly reify mark retired [
367 silly reify   'C:\\wang\\mobile-order\\node_modules\\@webassemblyjs\\floating-point-hex-parser'
367 silly reify ]
368 silly reify mark retired [
368 silly reify   'C:\\wang\\mobile-order\\node_modules\\@webassemblyjs\\helper-api-error'
368 silly reify ]
369 silly reify mark retired [
369 silly reify   'C:\\wang\\mobile-order\\node_modules\\@webassemblyjs\\helper-buffer'
369 silly reify ]
370 silly reify mark retired [
370 silly reify   'C:\\wang\\mobile-order\\node_modules\\@webassemblyjs\\helper-numbers'
370 silly reify ]
371 silly reify mark retired [
371 silly reify   'C:\\wang\\mobile-order\\node_modules\\@webassemblyjs\\helper-wasm-bytecode'
371 silly reify ]
372 silly reify mark retired [ 'C:\\wang\\mobile-order\\node_modules\\@webassemblyjs\\ieee754' ]
373 silly reify mark retired [
373 silly reify   'C:\\wang\\mobile-order\\node_modules\\@webassemblyjs\\helper-wasm-section'
373 silly reify ]
374 silly reify mark retired [ 'C:\\wang\\mobile-order\\node_modules\\@webassemblyjs\\leb128' ]
375 silly reify mark retired [ 'C:\\wang\\mobile-order\\node_modules\\@webassemblyjs\\utf8' ]
376 silly reify mark retired [ 'C:\\wang\\mobile-order\\node_modules\\@webassemblyjs\\wasm-gen' ]
377 silly reify mark retired [ 'C:\\wang\\mobile-order\\node_modules\\@webassemblyjs\\wasm-edit' ]
378 silly reify mark retired [ 'C:\\wang\\mobile-order\\node_modules\\@webassemblyjs\\wasm-opt' ]
379 silly reify mark retired [ 'C:\\wang\\mobile-order\\node_modules\\@webassemblyjs\\wasm-parser' ]
380 silly reify mark retired [
380 silly reify   'C:\\wang\\mobile-order\\node_modules\\@webassemblyjs\\wast-printer'
380 silly reify ]
381 silly reify mark retired [ 'C:\\wang\\mobile-order\\node_modules\\@xtuc\\ieee754' ]
382 silly reify mark retired [ 'C:\\wang\\mobile-order\\node_modules\\@xtuc\\long' ]
383 silly reify mark retired [
383 silly reify   'C:\\wang\\mobile-order\\node_modules\\which',
383 silly reify   'C:\\wang\\mobile-order\\node_modules\\.bin\\node-which',
383 silly reify   'C:\\wang\\mobile-order\\node_modules\\.bin\\node-which.cmd',
383 silly reify   'C:\\wang\\mobile-order\\node_modules\\.bin\\node-which.ps1'
383 silly reify ]
384 silly reify moves {
384 silly reify   'C:\\wang\\mobile-order\\node_modules\\acorn': 'C:\\wang\\mobile-order\\node_modules\\.acorn-rwQLznYG',
384 silly reify   'C:\\wang\\mobile-order\\node_modules\\acorn-import-phases': 'C:\\wang\\mobile-order\\node_modules\\.acorn-import-phases-RocnB0Ah',
384 silly reify   'C:\\wang\\mobile-order\\node_modules\\acorn-loose': 'C:\\wang\\mobile-order\\node_modules\\.acorn-loose-lhBbf78H',
384 silly reify   'C:\\wang\\mobile-order\\node_modules\\acorn-jsx': 'C:\\wang\\mobile-order\\node_modules\\.acorn-jsx-G0VPs7o8',
384 silly reify   'C:\\wang\\mobile-order\\node_modules\\ajv': 'C:\\wang\\mobile-order\\node_modules\\.ajv-KjtUWpuZ',
384 silly reify   'C:\\wang\\mobile-order\\node_modules\\aria-query': 'C:\\wang\\mobile-order\\node_modules\\.aria-query-XyVFsy6X',
384 silly reify   'C:\\wang\\mobile-order\\node_modules\\array-includes': 'C:\\wang\\mobile-order\\node_modules\\.array-includes-FGOLdbfq',
384 silly reify   'C:\\wang\\mobile-order\\node_modules\\array-buffer-byte-length': 'C:\\wang\\mobile-order\\node_modules\\.array-buffer-byte-length-NfyoEHiT',
384 silly reify   'C:\\wang\\mobile-order\\node_modules\\array.prototype.findlast': 'C:\\wang\\mobile-order\\node_modules\\.array.prototype.findlast-PBSg8NVm',
384 silly reify   'C:\\wang\\mobile-order\\node_modules\\array.prototype.findlastindex': 'C:\\wang\\mobile-order\\node_modules\\.array.prototype.findlastindex-ObkYzQ2U',
384 silly reify   'C:\\wang\\mobile-order\\node_modules\\array.prototype.flat': 'C:\\wang\\mobile-order\\node_modules\\.array.prototype.flat-DvDSifAq',
384 silly reify   'C:\\wang\\mobile-order\\node_modules\\array.prototype.tosorted': 'C:\\wang\\mobile-order\\node_modules\\.array.prototype.tosorted-XOTO6pfx',
384 silly reify   'C:\\wang\\mobile-order\\node_modules\\array.prototype.flatmap': 'C:\\wang\\mobile-order\\node_modules\\.array.prototype.flatmap-OrRtownZ',
384 silly reify   'C:\\wang\\mobile-order\\node_modules\\arraybuffer.prototype.slice': 'C:\\wang\\mobile-order\\node_modules\\.arraybuffer.prototype.slice-nQKQu9wf',
384 silly reify   'C:\\wang\\mobile-order\\node_modules\\ast-types-flow': 'C:\\wang\\mobile-order\\node_modules\\.ast-types-flow-JjXxnAu7',
384 silly reify   'C:\\wang\\mobile-order\\node_modules\\async-function': 'C:\\wang\\mobile-order\\node_modules\\.async-function-XIWlnU5x',
384 silly reify   'C:\\wang\\mobile-order\\node_modules\\axe-core': 'C:\\wang\\mobile-order\\node_modules\\.axe-core-nTXU7Js5',
384 silly reify   'C:\\wang\\mobile-order\\node_modules\\axobject-query': 'C:\\wang\\mobile-order\\node_modules\\.axobject-query-Ols9vFlc',
384 silly reify   'C:\\wang\\mobile-order\\node_modules\\base64-js': 'C:\\wang\\mobile-order\\node_modules\\.base64-js-w3cjtlFt',
384 silly reify   'C:\\wang\\mobile-order\\node_modules\\baseline-browser-mapping': 'C:\\wang\\mobile-order\\node_modules\\.baseline-browser-mapping-bMP7tEGQ',
384 silly reify   'C:\\wang\\mobile-order\\node_modules\\blake3-wasm': 'C:\\wang\\mobile-order\\node_modules\\.blake3-wasm-ZF32Jg0x',
384 silly reify   'C:\\wang\\mobile-order\\node_modules\\brace-expansion': 'C:\\wang\\mobile-order\\node_modules\\.brace-expansion-NKo87ie2',
384 silly reify   'C:\\wang\\mobile-order\\node_modules\\browserslist': 'C:\\wang\\mobile-order\\node_modules\\.browserslist-Q6VigHj6',
384 silly reify   'C:\\wang\\mobile-order\\node_modules\\buffer-from': 'C:\\wang\\mobile-order\\node_modules\\.buffer-from-PVqnFVwa',
384 silly reify   'C:\\wang\\mobile-order\\node_modules\\camelize': 'C:\\wang\\mobile-order\\node_modules\\.camelize-P81gbxXg',
384 silly reify   'C:\\wang\\mobile-order\\node_modules\\caniuse-lite': 'C:\\wang\\mobile-order\\node_modules\\.caniuse-lite-DayQ1Vtt',
384 silly reify   'C:\\wang\\mobile-order\\node_modules\\chrome-trace-event': 'C:\\wang\\mobile-order\\node_modules\\.chrome-trace-event-Bmz97Z6k',
384 silly reify   'C:\\wang\\mobile-order\\node_modules\\client-only': 'C:\\wang\\mobile-order\\node_modules\\.client-only-5zr9Phhq',
384 silly reify   'C:\\wang\\mobile-order\\node_modules\\convert-source-map': 'C:\\wang\\mobile-order\\node_modules\\.convert-source-map-bJHhkCJm',
384 silly reify   'C:\\wang\\mobile-order\\node_modules\\cookie': 'C:\\wang\\mobile-order\\node_modules\\.cookie-YdbIF3NG',
384 silly reify   'C:\\wang\\mobile-order\\node_modules\\css-background-parser': 'C:\\wang\\mobile-order\\node_modules\\.css-background-parser-bA9ozcvS',
384 silly reify   'C:\\wang\\mobile-order\\node_modules\\css-box-shadow': 'C:\\wang\\mobile-order\\node_modules\\.css-box-shadow-y7TDOSZM',
384 silly reify   'C:\\wang\\mobile-order\\node_modules\\css-color-keywords': 'C:\\wang\\mobile-order\\node_modules\\.css-color-keywords-vyPZptsA',
384 silly reify   'C:\\wang\\mobile-order\\node_modules\\css-gradient-parser': 'C:\\wang\\mobile-order\\node_modules\\.css-gradient-parser-y0U0ToCy',
384 silly reify   'C:\\wang\\mobile-order\\node_modules\\css-to-react-native': 'C:\\wang\\mobile-order\\node_modules\\.css-to-react-native-F3kANA4P',
384 silly reify   'C:\\wang\\mobile-order\\node_modules\\damerau-levenshtein': 'C:\\wang\\mobile-order\\node_modules\\.damerau-levenshtein-Cv2jKKN8',
384 silly reify   'C:\\wang\\mobile-order\\node_modules\\data-view-buffer': 'C:\\wang\\mobile-order\\node_modules\\.data-view-buffer-WGhVTAZ4',
384 silly reify   'C:\\wang\\mobile-order\\node_modules\\data-view-byte-length': 'C:\\wang\\mobile-order\\node_modules\\.data-view-byte-length-3b3eYPFj',
384 silly reify   'C:\\wang\\mobile-order\\node_modules\\data-view-byte-offset': 'C:\\wang\\mobile-order\\node_modules\\.data-view-byte-offset-n49daiiZ',
384 silly reify   'C:\\wang\\mobile-order\\node_modules\\deep-is': 'C:\\wang\\mobile-order\\node_modules\\.deep-is-rXLKq0F1',
384 silly reify   'C:\\wang\\mobile-order\\node_modules\\define-properties': 'C:\\wang\\mobile-order\\node_modules\\.define-properties-ElOdeL2j',
384 silly reify   'C:\\wang\\mobile-order\\node_modules\\detect-libc': 'C:\\wang\\mobile-order\\node_modules\\.detect-libc-NIE0USMT',
384 silly reify   'C:\\wang\\mobile-order\\node_modules\\doctrine': 'C:\\wang\\mobile-order\\node_modules\\.doctrine-SXYOWb8m',
384 silly reify   'C:\\wang\\mobile-order\\node_modules\\drizzle-kit': 'C:\\wang\\mobile-order\\node_modules\\.drizzle-kit-qLYydx04',
384 silly reify   'C:\\wang\\mobile-order\\node_modules\\drizzle-orm': 'C:\\wang\\mobile-order\\node_modules\\.drizzle-orm-ANlhpMWM',
384 silly reify   'C:\\wang\\mobile-order\\node_modules\\electron-to-chromium': 'C:\\wang\\mobile-order\\node_modules\\.electron-to-chromium-1RjY62jV',
384 silly reify   'C:\\wang\\mobile-order\\node_modules\\emoji-regex': 'C:\\wang\\mobile-order\\node_modules\\.emoji-regex-GyxXOtN7',
384 silly reify   'C:\\wang\\mobile-order\\node_modules\\emoji-regex-xs': 'C:\\wang\\mobile-order\\node_modules\\.emoji-regex-xs-057G4cf2',
384 silly reify   'C:\\wang\\mobile-order\\node_modules\\enhanced-resolve': 'C:\\wang\\mobile-order\\node_modules\\.enhanced-resolve-ddJOY7HX',
384 silly reify   'C:\\wang\\mobile-order\\node_modules\\es-abstract': 'C:\\wang\\mobile-order\\node_modules\\.es-abstract-80JGqnKJ',
384 silly reify   'C:\\wang\\mobile-order\\node_modules\\error-stack-parser-es': 'C:\\wang\\mobile-order\\node_modules\\.error-stack-parser-es-Ht7cuS1l',
384 silly reify   'C:\\wang\\mobile-order\\node_modules\\es-iterator-helpers': 'C:\\wang\\mobile-order\\node_modules\\.es-iterator-helpers-Km6pIwr0',
384 silly reify   'C:\\wang\\mobile-order\\node_modules\\es-module-lexer': 'C:\\wang\\mobile-order\\node_modules\\.es-module-lexer-k3P5nMWi',
384 silly reify   'C:\\wang\\mobile-order\\node_modules\\es-object-atoms': 'C:\\wang\\mobile-order\\node_modules\\.es-object-atoms-9L6fwNc7',
384 silly reify   'C:\\wang\\mobile-order\\node_modules\\es-shim-unscopables': 'C:\\wang\\mobile-order\\node_modules\\.es-shim-unscopables-pVffd3Ck',
384 silly reify   'C:\\wang\\mobile-order\\node_modules\\es-to-primitive': 'C:\\wang\\mobile-order\\node_modules\\.es-to-primitive-5AyoV7FL',
384 silly reify   'C:\\wang\\mobile-order\\node_modules\\esbuild': 'C:\\wang\\mobile-order\\node_modules\\.esbuild-TJ9WmoUr',
384 silly reify   'C:\\wang\\mobile-order\\node_modules\\escape-html': 'C:\\wang\\mobile-order\\node_modules\\.escape-html-ZDwlwoWn',
384 silly reify   'C:\\wang\\mobile-order\\node_modules\\eslint': 'C:\\wang\\mobile-order\\node_modules\\.eslint-2BUuNG9W',
384 silly reify   'C:\\wang\\mobile-order\\node_modules\\eslint-config-next': 'C:\\wang\\mobile-order\\node_modules\\.eslint-config-next-VVAJzmpK',
384 silly reify   'C:\\wang\\mobile-order\\node_modules\\eslint-import-resolver-node': 'C:\\wang\\mobile-order\\node_modules\\.eslint-import-resolver-node-aSRieYn0',
384 silly reify   'C:\\wang\\mobile-order\\node_modules\\eslint-import-resolver-typescript': 'C:\\wang\\mobile-order\\node_modules\\.eslint-import-resolver-typescript-fsJfneYE',
384 silly reify   'C:\\wang\\mobile-order\\node_modules\\eslint-module-utils': 'C:\\wang\\mobile-order\\node_modules\\.eslint-module-utils-aOmnZPep',
384 silly reify   'C:\\wang\\mobile-order\\node_modules\\eslint-plugin-import': 'C:\\wang\\mobile-order\\node_modules\\.eslint-plugin-import-HhAW9vFb',
384 silly reify   'C:\\wang\\mobile-order\\node_modules\\eslint-plugin-jsx-a11y': 'C:\\wang\\mobile-order\\node_modules\\.eslint-plugin-jsx-a11y-MtXdvSuB',
384 silly reify   'C:\\wang\\mobile-order\\node_modules\\eslint-plugin-react': 'C:\\wang\\mobile-order\\node_modules\\.eslint-plugin-react-ivciKQpo',
384 silly reify   'C:\\wang\\mobile-order\\node_modules\\eslint-plugin-react-hooks': 'C:\\wang\\mobile-order\\node_modules\\.eslint-plugin-react-hooks-mIPNWucp',
384 silly reify   'C:\\wang\\mobile-order\\node_modules\\eslint-visitor-keys': 'C:\\wang\\mobile-order\\node_modules\\.eslint-visitor-keys-yE6Fwdjj',
384 silly reify   'C:\\wang\\mobile-order\\node_modules\\espree': 'C:\\wang\\mobile-order\\node_modules\\.espree-kMSKVnly',
384 silly reify   'C:\\wang\\mobile-order\\node_modules\\esquery': 'C:\\wang\\mobile-order\\node_modules\\.esquery-SFo4b6Gh',
384 silly reify   'C:\\wang\\mobile-order\\node_modules\\eslint-scope': 'C:\\wang\\mobile-order\\node_modules\\.eslint-scope-aYSvtn4o',
384 silly reify   'C:\\wang\\mobile-order\\node_modules\\esrecurse': 'C:\\wang\\mobile-order\\node_modules\\.esrecurse-qMqRc50q',
384 silly reify   'C:\\wang\\mobile-order\\node_modules\\estree-walker': 'C:\\wang\\mobile-order\\node_modules\\.estree-walker-jILtJYO8',
384 silly reify   'C:\\wang\\mobile-order\\node_modules\\events': 'C:\\wang\\mobile-order\\node_modules\\.events-uvdjp5Ub',
384 silly reify   'C:\\wang\\mobile-order\\node_modules\\fast-glob': 'C:\\wang\\mobile-order\\node_modules\\.fast-glob-OjiDoH9m',
384 silly reify   'C:\\wang\\mobile-order\\node_modules\\fast-levenshtein': 'C:\\wang\\mobile-order\\node_modules\\.fast-levenshtein-Ek5w0zbP',
384 silly reify   'C:\\wang\\mobile-order\\node_modules\\fflate': 'C:\\wang\\mobile-order\\node_modules\\.fflate-9rh1Tfpl',
384 silly reify   'C:\\wang\\mobile-order\\node_modules\\file-entry-cache': 'C:\\wang\\mobile-order\\node_modules\\.file-entry-cache-fbUmAJf5',
384 silly reify   'C:\\wang\\mobile-order\\node_modules\\find-up': 'C:\\wang\\mobile-order\\node_modules\\.find-up-4HkWsYVZ',
384 silly reify   'C:\\wang\\mobile-order\\node_modules\\flat-cache': 'C:\\wang\\mobile-order\\node_modules\\.flat-cache-vimL78dy',
384 silly reify   'C:\\wang\\mobile-order\\node_modules\\flatted': 'C:\\wang\\mobile-order\\node_modules\\.flatted-Hg1ecBpd',
384 silly reify   'C:\\wang\\mobile-order\\node_modules\\function.prototype.name': 'C:\\wang\\mobile-order\\node_modules\\.function.prototype.name-upF16gCc',
384 silly reify   'C:\\wang\\mobile-order\\node_modules\\functions-have-names': 'C:\\wang\\mobile-order\\node_modules\\.functions-have-names-CS38Ki8d',
384 silly reify   'C:\\wang\\mobile-order\\node_modules\\gensync': 'C:\\wang\\mobile-order\\node_modules\\.gensync-tBJXEw2l',
384 silly reify   'C:\\wang\\mobile-order\\node_modules\\get-symbol-description': 'C:\\wang\\mobile-order\\node_modules\\.get-symbol-description-W9RzmNtZ',
384 silly reify   'C:\\wang\\mobile-order\\node_modules\\get-tsconfig': 'C:\\wang\\mobile-order\\node_modules\\.get-tsconfig-ngCsOswE',
384 silly reify   'C:\\wang\\mobile-order\\node_modules\\glob-parent': 'C:\\wang\\mobile-order\\node_modules\\.glob-parent-CYRnXc5x',
384 silly reify   'C:\\wang\\mobile-order\\node_modules\\glob-to-regexp': 'C:\\wang\\mobile-order\\node_modules\\.glob-to-regexp-QtyaRytx',
384 silly reify   'C:\\wang\\mobile-order\\node_modules\\globals': 'C:\\wang\\mobile-order\\node_modules\\.globals-ox8LZ0Hj',
384 silly reify   'C:\\wang\\mobile-order\\node_modules\\globalthis': 'C:\\wang\\mobile-order\\node_modules\\.globalthis-J5Evk6fv',
384 silly reify   'C:\\wang\\mobile-order\\node_modules\\globrex': 'C:\\wang\\mobile-order\\node_modules\\.globrex-GN74CLVq',
384 silly reify   'C:\\wang\\mobile-order\\node_modules\\has-bigints': 'C:\\wang\\mobile-order\\node_modules\\.has-bigints-Wx0ZRR7W',
384 silly reify   'C:\\wang\\mobile-order\\node_modules\\has-proto': 'C:\\wang\\mobile-order\\node_modules\\.has-proto-i1vBMw7d',
384 silly reify   'C:\\wang\\mobile-order\\node_modules\\hasown': 'C:\\wang\\mobile-order\\node_modules\\.hasown-I7fLzhRs',
384 silly reify   'C:\\wang\\mobile-order\\node_modules\\hermes-estree': 'C:\\wang\\mobile-order\\node_modules\\.hermes-estree-8uWN2PAn',
384 silly reify   'C:\\wang\\mobile-order\\node_modules\\hermes-parser': 'C:\\wang\\mobile-order\\node_modules\\.hermes-parser-tXuI0CCj',
384 silly reify   'C:\\wang\\mobile-order\\node_modules\\hex-rgb': 'C:\\wang\\mobile-order\\node_modules\\.hex-rgb-7WP970ch',
384 silly reify   'C:\\wang\\mobile-order\\node_modules\\image-size': 'C:\\wang\\mobile-order\\node_modules\\.image-size-anDpX6g8',
384 silly reify   'C:\\wang\\mobile-order\\node_modules\\imurmurhash': 'C:\\wang\\mobile-order\\node_modules\\.imurmurhash-gyaw7dXH',
384 silly reify   'C:\\wang\\mobile-order\\node_modules\\internal-slot': 'C:\\wang\\mobile-order\\node_modules\\.internal-slot-arwZhgWI',
384 silly reify   'C:\\wang\\mobile-order\\node_modules\\ipaddr.js': 'C:\\wang\\mobile-order\\node_modules\\.ipaddr.js-DyXuecfw',
384 silly reify   'C:\\wang\\mobile-order\\node_modules\\is-array-buffer': 'C:\\wang\\mobile-order\\node_modules\\.is-array-buffer-DbMa10gz',
384 silly reify   'C:\\wang\\mobile-order\\node_modules\\is-async-function': 'C:\\wang\\mobile-order\\node_modules\\.is-async-function-472yRDFA',
384 silly reify   'C:\\wang\\mobile-order\\node_modules\\is-bigint': 'C:\\wang\\mobile-order\\node_modules\\.is-bigint-3DsTpy8Z',
384 silly reify   'C:\\wang\\mobile-order\\node_modules\\is-boolean-object': 'C:\\wang\\mobile-order\\node_modules\\.is-boolean-object-BdohXo2M',
384 silly reify   'C:\\wang\\mobile-order\\node_modules\\is-bun-module': 'C:\\wang\\mobile-order\\node_modules\\.is-bun-module-uhfLoHqB',
384 silly reify   'C:\\wang\\mobile-order\\node_modules\\is-core-module': 'C:\\wang\\mobile-order\\node_modules\\.is-core-module-lL6u0Div',
384 silly reify   'C:\\wang\\mobile-order\\node_modules\\is-data-view': 'C:\\wang\\mobile-order\\node_modules\\.is-data-view-Ae2ILz6f',
384 silly reify   'C:\\wang\\mobile-order\\node_modules\\is-date-object': 'C:\\wang\\mobile-order\\node_modules\\.is-date-object-aEa2wewq',
384 silly reify   'C:\\wang\\mobile-order\\node_modules\\is-finalizationregistry': 'C:\\wang\\mobile-order\\node_modules\\.is-finalizationregistry-sp4jmWhU',
384 silly reify   'C:\\wang\\mobile-order\\node_modules\\is-map': 'C:\\wang\\mobile-order\\node_modules\\.is-map-3TRNNx4I',
384 silly reify   'C:\\wang\\mobile-order\\node_modules\\is-negative-zero': 'C:\\wang\\mobile-order\\node_modules\\.is-negative-zero-wEfXImw6',
384 silly reify   'C:\\wang\\mobile-order\\node_modules\\is-number-object': 'C:\\wang\\mobile-order\\node_modules\\.is-number-object-axj5lfZs',
384 silly reify   'C:\\wang\\mobile-order\\node_modules\\is-shared-array-buffer': 'C:\\wang\\mobile-order\\node_modules\\.is-shared-array-buffer-T0wvzTfQ',
384 silly reify   'C:\\wang\\mobile-order\\node_modules\\is-set': 'C:\\wang\\mobile-order\\node_modules\\.is-set-raG2zgmK',
384 silly reify   'C:\\wang\\mobile-order\\node_modules\\is-string': 'C:\\wang\\mobile-order\\node_modules\\.is-string-M3ZjROMW',
384 silly reify   'C:\\wang\\mobile-order\\node_modules\\is-symbol': 'C:\\wang\\mobile-order\\node_modules\\.is-symbol-JjdIDZ7H',
384 silly reify   'C:\\wang\\mobile-order\\node_modules\\is-weakmap': 'C:\\wang\\mobile-order\\node_modules\\.is-weakmap-94RWnbhN',
384 silly reify   'C:\\wang\\mobile-order\\node_modules\\is-weakref': 'C:\\wang\\mobile-order\\node_modules\\.is-weakref-Qj9FvLRq',
384 silly reify   'C:\\wang\\mobile-order\\node_modules\\is-weakset': 'C:\\wang\\mobile-order\\node_modules\\.is-weakset-scBHwbuh',
384 silly reify   'C:\\wang\\mobile-order\\node_modules\\iterator.prototype': 'C:\\wang\\mobile-order\\node_modules\\.iterator.prototype-ykcblSHv',
384 silly reify   'C:\\wang\\mobile-order\\node_modules\\jest-worker': 'C:\\wang\\mobile-order\\node_modules\\.jest-worker-cXd6A679',
384 silly reify   'C:\\wang\\mobile-order\\node_modules\\jiti': 'C:\\wang\\mobile-order\\node_modules\\.jiti-84UUUV95',
384 silly reify   'C:\\wang\\mobile-order\\node_modules\\js-yaml': 'C:\\wang\\mobile-order\\node_modules\\.js-yaml-iESNwibj',
384 silly reify   'C:\\wang\\mobile-order\\node_modules\\jsesc': 'C:\\wang\\mobile-order\\node_modules\\.jsesc-yklO68Bz',
384 silly reify   'C:\\wang\\mobile-order\\node_modules\\json-stable-stringify-without-jsonify': 'C:\\wang\\mobile-order\\node_modules\\.json-stable-stringify-without-jsonify-QjrXBCEW',
384 silly reify   'C:\\wang\\mobile-order\\node_modules\\json-buffer': 'C:\\wang\\mobile-order\\node_modules\\.json-buffer-Gxmm2OJp',
384 silly reify   'C:\\wang\\mobile-order\\node_modules\\json5': 'C:\\wang\\mobile-order\\node_modules\\.json5-q9YPEoWL',
384 silly reify   'C:\\wang\\mobile-order\\node_modules\\jsx-ast-utils': 'C:\\wang\\mobile-order\\node_modules\\.jsx-ast-utils-YRQZX0Lf',
384 silly reify   'C:\\wang\\mobile-order\\node_modules\\keyv': 'C:\\wang\\mobile-order\\node_modules\\.keyv-0nIvZsmF',
384 silly reify   'C:\\wang\\mobile-order\\node_modules\\kleur': 'C:\\wang\\mobile-order\\node_modules\\.kleur-AbtjNHBJ',
384 silly reify   'C:\\wang\\mobile-order\\node_modules\\language-subtag-registry': 'C:\\wang\\mobile-order\\node_modules\\.language-subtag-registry-JJijNVpi',
384 silly reify   'C:\\wang\\mobile-order\\node_modules\\language-tags': 'C:\\wang\\mobile-order\\node_modules\\.language-tags-DPbTWcUQ',
384 silly reify   'C:\\wang\\mobile-order\\node_modules\\levn': 'C:\\wang\\mobile-order\\node_modules\\.levn-asXQjpfH',
384 silly reify   'C:\\wang\\mobile-order\\node_modules\\lightningcss': 'C:\\wang\\mobile-order\\node_modules\\.lightningcss-2G6TDarg',
384 silly reify   'C:\\wang\\mobile-order\\node_modules\\loader-runner': 'C:\\wang\\mobile-order\\node_modules\\.loader-runner-UfXFDmeU',
384 silly reify   'C:\\wang\\mobile-order\\node_modules\\lightningcss-win32-x64-msvc': 'C:\\wang\\mobile-order\\node_modules\\.lightningcss-win32-x64-msvc-ZsREEQRp',
384 silly reify   'C:\\wang\\mobile-order\\node_modules\\lodash.merge': 'C:\\wang\\mobile-order\\node_modules\\.lodash.merge-JqmiVir5',
384 silly reify   'C:\\wang\\mobile-order\\node_modules\\linebreak': 'C:\\wang\\mobile-order\\node_modules\\.linebreak-Nk8cQg5b',
384 silly reify   'C:\\wang\\mobile-order\\node_modules\\locate-path': 'C:\\wang\\mobile-order\\node_modules\\.locate-path-a3rOnsVC',
384 silly reify   'C:\\wang\\mobile-order\\node_modules\\loose-envify': 'C:\\wang\\mobile-order\\node_modules\\.loose-envify-coUw2O2F',
384 silly reify   'C:\\wang\\mobile-order\\node_modules\\lru-cache': 'C:\\wang\\mobile-order\\node_modules\\.lru-cache-cQBWmlTN',
384 silly reify   'C:\\wang\\mobile-order\\node_modules\\merge-stream': 'C:\\wang\\mobile-order\\node_modules\\.merge-stream-uErBMwKf',
384 silly reify   'C:\\wang\\mobile-order\\node_modules\\mime-db': 'C:\\wang\\mobile-order\\node_modules\\.mime-db-p4wL5evI',
384 silly reify   'C:\\wang\\mobile-order\\node_modules\\miniflare': 'C:\\wang\\mobile-order\\node_modules\\.miniflare-fnZjmTd2',
384 silly reify   'C:\\wang\\mobile-order\\node_modules\\nanoid': 'C:\\wang\\mobile-order\\node_modules\\.nanoid-RhNVnmgJ',
384 silly reify   'C:\\wang\\mobile-order\\node_modules\\napi-postinstall': 'C:\\wang\\mobile-order\\node_modules\\.napi-postinstall-hsRtD6Gy',
384 silly reify   'C:\\wang\\mobile-order\\node_modules\\natural-compare': 'C:\\wang\\mobile-order\\node_modules\\.natural-compare-abCiCjb9',
384 silly reify   'C:\\wang\\mobile-order\\node_modules\\next': 'C:\\wang\\mobile-order\\node_modules\\.next-rH1VHUlx',
384 silly reify   'C:\\wang\\mobile-order\\node_modules\\node-exports-info': 'C:\\wang\\mobile-order\\node_modules\\.node-exports-info-rZddRIBe',
384 silly reify   'C:\\wang\\mobile-order\\node_modules\\node-releases': 'C:\\wang\\mobile-order\\node_modules\\.node-releases-5C5qGl5s',
384 silly reify   'C:\\wang\\mobile-order\\node_modules\\object-keys': 'C:\\wang\\mobile-order\\node_modules\\.object-keys-sokFeOvq',
384 silly reify   'C:\\wang\\mobile-order\\node_modules\\object.assign': 'C:\\wang\\mobile-order\\node_modules\\.object.assign-5ifHiS6b',
384 silly reify   'C:\\wang\\mobile-order\\node_modules\\object-inspect': 'C:\\wang\\mobile-order\\node_modules\\.object-inspect-JwZzdGdP',
384 silly reify   'C:\\wang\\mobile-order\\node_modules\\object.entries': 'C:\\wang\\mobile-order\\node_modules\\.object.entries-9YmAFDnN',
384 silly reify   'C:\\wang\\mobile-order\\node_modules\\object.fromentries': 'C:\\wang\\mobile-order\\node_modules\\.object.fromentries-JpfOSU52',
384 silly reify   'C:\\wang\\mobile-order\\node_modules\\object.groupby': 'C:\\wang\\mobile-order\\node_modules\\.object.groupby-pxlBBxZF',
384 silly reify   'C:\\wang\\mobile-order\\node_modules\\object.values': 'C:\\wang\\mobile-order\\node_modules\\.object.values-0dh7SSsq',
384 silly reify   'C:\\wang\\mobile-order\\node_modules\\optionator': 'C:\\wang\\mobile-order\\node_modules\\.optionator-R2uWNceK',
384 silly reify   'C:\\wang\\mobile-order\\node_modules\\own-keys': 'C:\\wang\\mobile-order\\node_modules\\.own-keys-1Xutcvwc',
384 silly reify   'C:\\wang\\mobile-order\\node_modules\\p-limit': 'C:\\wang\\mobile-order\\node_modules\\.p-limit-MOdfzY1Y',
384 silly reify   'C:\\wang\\mobile-order\\node_modules\\pako': 'C:\\wang\\mobile-order\\node_modules\\.pako-rFdRE3Pr',
384 silly reify   'C:\\wang\\mobile-order\\node_modules\\p-locate': 'C:\\wang\\mobile-order\\node_modules\\.p-locate-YWt9b9e2',
384 silly reify   'C:\\wang\\mobile-order\\node_modules\\parse-css-color': 'C:\\wang\\mobile-order\\node_modules\\.parse-css-color-1ixdrIS1',
384 silly reify   'C:\\wang\\mobile-order\\node_modules\\path-exists': 'C:\\wang\\mobile-order\\node_modules\\.path-exists-GXw4K99H',
384 silly reify   'C:\\wang\\mobile-order\\node_modules\\path-parse': 'C:\\wang\\mobile-order\\node_modules\\.path-parse-FsgmTgnN',
384 silly reify   'C:\\wang\\mobile-order\\node_modules\\path-to-regexp': 'C:\\wang\\mobile-order\\node_modules\\.path-to-regexp-t44WzI7u',
384 silly reify   'C:\\wang\\mobile-order\\node_modules\\pathe': 'C:\\wang\\mobile-order\\node_modules\\.pathe-6r76HXVz',
384 silly reify   'C:\\wang\\mobile-order\\node_modules\\postcss': 'C:\\wang\\mobile-order\\node_modules\\.postcss-nBCR4Rj0',
384 silly reify   'C:\\wang\\mobile-order\\node_modules\\prelude-ls': 'C:\\wang\\mobile-order\\node_modules\\.prelude-ls-mcwv1q31',
384 silly reify   'C:\\wang\\mobile-order\\node_modules\\postcss-value-parser': 'C:\\wang\\mobile-order\\node_modules\\.postcss-value-parser-gvmUo6kZ',
384 silly reify   'C:\\wang\\mobile-order\\node_modules\\prop-types': 'C:\\wang\\mobile-order\\node_modules\\.prop-types-j3V1kxmD',
384 silly reify   'C:\\wang\\mobile-order\\node_modules\\react': 'C:\\wang\\mobile-order\\node_modules\\.react-Lc6yvx35',
384 silly reify   'C:\\wang\\mobile-order\\node_modules\\react-dom': 'C:\\wang\\mobile-order\\node_modules\\.react-dom-mw5WdZuE',
384 silly reify   'C:\\wang\\mobile-order\\node_modules\\react-is': 'C:\\wang\\mobile-order\\node_modules\\.react-is-EOGV5DNK',
384 silly reify   'C:\\wang\\mobile-order\\node_modules\\react-loading-skeleton': 'C:\\wang\\mobile-order\\node_modules\\.react-loading-skeleton-oTPef85b',
384 silly reify   'C:\\wang\\mobile-order\\node_modules\\react-server-dom-webpack': 'C:\\wang\\mobile-order\\node_modules\\.react-server-dom-webpack-X7BENf7R',
384 silly reify   'C:\\wang\\mobile-order\\node_modules\\reflect.getprototypeof': 'C:\\wang\\mobile-order\\node_modules\\.reflect.getprototypeof-a4ytoCPz',
384 silly reify   'C:\\wang\\mobile-order\\node_modules\\regexp.prototype.flags': 'C:\\wang\\mobile-order\\node_modules\\.regexp.prototype.flags-MItlGWgU',
384 silly reify   'C:\\wang\\mobile-order\\node_modules\\resolve': 'C:\\wang\\mobile-order\\node_modules\\.resolve-F4BaAVDp',
384 silly reify   'C:\\wang\\mobile-order\\node_modules\\resolve-pkg-maps': 'C:\\wang\\mobile-order\\node_modules\\.resolve-pkg-maps-5xvQnMTY',
384 silly reify   'C:\\wang\\mobile-order\\node_modules\\rolldown': 'C:\\wang\\mobile-order\\node_modules\\.rolldown-PmqmSPip',
384 silly reify   'C:\\wang\\mobile-order\\node_modules\\safe-array-concat': 'C:\\wang\\mobile-order\\node_modules\\.safe-array-concat-Zt2Cs76M',
384 silly reify   'C:\\wang\\mobile-order\\node_modules\\safe-push-apply': 'C:\\wang\\mobile-order\\node_modules\\.safe-push-apply-M7g3AV4p',
384 silly reify   'C:\\wang\\mobile-order\\node_modules\\satori': 'C:\\wang\\mobile-order\\node_modules\\.satori-0BplyhBB',
384 silly reify   'C:\\wang\\mobile-order\\node_modules\\scheduler': 'C:\\wang\\mobile-order\\node_modules\\.scheduler-MTwJ99kP',
384 silly reify   'C:\\wang\\mobile-order\\node_modules\\schema-utils': 'C:\\wang\\mobile-order\\node_modules\\.schema-utils-FOiyUnFJ',
384 silly reify   'C:\\wang\\mobile-order\\node_modules\\semver': 'C:\\wang\\mobile-order\\node_modules\\.semver-DLJBcihR',
384 silly reify   'C:\\wang\\mobile-order\\node_modules\\set-function-name': 'C:\\wang\\mobile-order\\node_modules\\.set-function-name-CqbKY03b',
384 silly reify   'C:\\wang\\mobile-order\\node_modules\\set-proto': 'C:\\wang\\mobile-order\\node_modules\\.set-proto-HXui8yxb',
384 silly reify   'C:\\wang\\mobile-order\\node_modules\\sharp': 'C:\\wang\\mobile-order\\node_modules\\.sharp-zECccy0L',
384 silly reify   'C:\\wang\\mobile-order\\node_modules\\side-channel': 'C:\\wang\\mobile-order\\node_modules\\.side-channel-QZCElYP3',
384 silly reify   'C:\\wang\\mobile-order\\node_modules\\side-channel-list': 'C:\\wang\\mobile-order\\node_modules\\.side-channel-list-sPDbdXWC',
384 silly reify   'C:\\wang\\mobile-order\\node_modules\\side-channel-weakmap': 'C:\\wang\\mobile-order\\node_modules\\.side-channel-weakmap-LTzC90Go',
384 silly reify   'C:\\wang\\mobile-order\\node_modules\\side-channel-map': 'C:\\wang\\mobile-order\\node_modules\\.side-channel-map-IsRgA2Uu',
384 silly reify   'C:\\wang\\mobile-order\\node_modules\\source-map-support': 'C:\\wang\\mobile-order\\node_modules\\.source-map-support-7buyE95e',
384 silly reify   'C:\\wang\\mobile-order\\node_modules\\srvx': 'C:\\wang\\mobile-order\\node_modules\\.srvx-RAJL8OnW',
384 silly reify   'C:\\wang\\mobile-order\\node_modules\\stable-hash': 'C:\\wang\\mobile-order\\node_modules\\.stable-hash-vwt6BEjr',
384 silly reify   'C:\\wang\\mobile-order\\node_modules\\stop-iteration-iterator': 'C:\\wang\\mobile-order\\node_modules\\.stop-iteration-iterator-quMjsMzY',
384 silly reify   'C:\\wang\\mobile-order\\node_modules\\string.prototype.includes': 'C:\\wang\\mobile-order\\node_modules\\.string.prototype.includes-HBQA14eM',
384 silly reify   'C:\\wang\\mobile-order\\node_modules\\string.prototype.codepointat': 'C:\\wang\\mobile-order\\node_modules\\.string.prototype.codepointat-vjHctsxR',
384 silly reify   'C:\\wang\\mobile-order\\node_modules\\string.prototype.matchall': 'C:\\wang\\mobile-order\\node_modules\\.string.prototype.matchall-HmvHyn5W',
384 silly reify   'C:\\wang\\mobile-order\\node_modules\\string.prototype.repeat': 'C:\\wang\\mobile-order\\node_modules\\.string.prototype.repeat-prDYRW3f',
384 silly reify   'C:\\wang\\mobile-order\\node_modules\\string.prototype.trim': 'C:\\wang\\mobile-order\\node_modules\\.string.prototype.trim-fQn8t15e',
384 silly reify   'C:\\wang\\mobile-order\\node_modules\\string.prototype.trimend': 'C:\\wang\\mobile-order\\node_modules\\.string.prototype.trimend-97cpuuyI',
384 silly reify   'C:\\wang\\mobile-order\\node_modules\\string.prototype.trimstart': 'C:\\wang\\mobile-order\\node_modules\\.string.prototype.trimstart-MgyAB31G',
384 silly reify   'C:\\wang\\mobile-order\\node_modules\\strip-json-comments': 'C:\\wang\\mobile-order\\node_modules\\.strip-json-comments-GTz25tZg',
384 silly reify   'C:\\wang\\mobile-order\\node_modules\\styled-jsx': 'C:\\wang\\mobile-order\\node_modules\\.styled-jsx-7qhjALRF',
384 silly reify   'C:\\wang\\mobile-order\\node_modules\\strip-literal': 'C:\\wang\\mobile-order\\node_modules\\.strip-literal-orF9Ag7l',
384 silly reify   'C:\\wang\\mobile-order\\node_modules\\supports-preserve-symlinks-flag': 'C:\\wang\\mobile-order\\node_modules\\.supports-preserve-symlinks-flag-WOJ1jK8n',
384 silly reify   'C:\\wang\\mobile-order\\node_modules\\tailwindcss': 'C:\\wang\\mobile-order\\node_modules\\.tailwindcss-ASODM23i',
384 silly reify   'C:\\wang\\mobile-order\\node_modules\\tapable': 'C:\\wang\\mobile-order\\node_modules\\.tapable-ELf7ZBHQ',
384 silly reify   'C:\\wang\\mobile-order\\node_modules\\terser': 'C:\\wang\\mobile-order\\node_modules\\.terser-vlg95V9C',
384 silly reify   'C:\\wang\\mobile-order\\node_modules\\terser-webpack-plugin': 'C:\\wang\\mobile-order\\node_modules\\.terser-webpack-plugin-c1yzlkqp',
384 silly reify   'C:\\wang\\mobile-order\\node_modules\\tiny-inflate': 'C:\\wang\\mobile-order\\node_modules\\.tiny-inflate-kf1lwlQA',
384 silly reify   'C:\\wang\\mobile-order\\node_modules\\tinyglobby': 'C:\\wang\\mobile-order\\node_modules\\.tinyglobby-fQ1kzrVD',
384 silly reify   'C:\\wang\\mobile-order\\node_modules\\ts-api-utils': 'C:\\wang\\mobile-order\\node_modules\\.ts-api-utils-UHFt9dWw',
384 silly reify   'C:\\wang\\mobile-order\\node_modules\\tsconfig-paths': 'C:\\wang\\mobile-order\\node_modules\\.tsconfig-paths-Lt0WrVXn',
384 silly reify   'C:\\wang\\mobile-order\\node_modules\\tsconfck': 'C:\\wang\\mobile-order\\node_modules\\.tsconfck-qpSU0Bt7',
384 silly reify   'C:\\wang\\mobile-order\\node_modules\\tsx': 'C:\\wang\\mobile-order\\node_modules\\.tsx-H0RQd8Cp',
384 silly reify   'C:\\wang\\mobile-order\\node_modules\\turbo-stream': 'C:\\wang\\mobile-order\\node_modules\\.turbo-stream-bCGL1A15',
384 silly reify   'C:\\wang\\mobile-order\\node_modules\\type-check': 'C:\\wang\\mobile-order\\node_modules\\.type-check-ANOK98pE',
384 silly reify   'C:\\wang\\mobile-order\\node_modules\\typed-array-byte-length': 'C:\\wang\\mobile-order\\node_modules\\.typed-array-byte-length-MvV8qaH7',
384 silly reify   'C:\\wang\\mobile-order\\node_modules\\typed-array-byte-offset': 'C:\\wang\\mobile-order\\node_modules\\.typed-array-byte-offset-x7VYvGEu',
384 silly reify   'C:\\wang\\mobile-order\\node_modules\\typed-array-length': 'C:\\wang\\mobile-order\\node_modules\\.typed-array-length-t4NY2FxV',
384 silly reify   'C:\\wang\\mobile-order\\node_modules\\typescript': 'C:\\wang\\mobile-order\\node_modules\\.typescript-nnUrlyJc',
384 silly reify   'C:\\wang\\mobile-order\\node_modules\\typescript-eslint': 'C:\\wang\\mobile-order\\node_modules\\.typescript-eslint-pAfk0fTJ',
384 silly reify   'C:\\wang\\mobile-order\\node_modules\\unbox-primitive': 'C:\\wang\\mobile-order\\node_modules\\.unbox-primitive-hM5JM4rj',
384 silly reify   'C:\\wang\\mobile-order\\node_modules\\undici': 'C:\\wang\\mobile-order\\node_modules\\.undici-k9sW7439',
384 silly reify   'C:\\wang\\mobile-order\\node_modules\\undici-types': 'C:\\wang\\mobile-order\\node_modules\\.undici-types-IN9xjHqD',
384 silly reify   'C:\\wang\\mobile-order\\node_modules\\unenv': 'C:\\wang\\mobile-order\\node_modules\\.unenv-KqpPBJLE',
384 silly reify   'C:\\wang\\mobile-order\\node_modules\\unicode-trie': 'C:\\wang\\mobile-order\\node_modules\\.unicode-trie-0qIrD1b4',
384 silly reify   'C:\\wang\\mobile-order\\node_modules\\unpic': 'C:\\wang\\mobile-order\\node_modules\\.unpic-WgCPfmPg',
384 silly reify   'C:\\wang\\mobile-order\\node_modules\\unrs-resolver': 'C:\\wang\\mobile-order\\node_modules\\.unrs-resolver-h5SPCq0q',
384 silly reify   'C:\\wang\\mobile-order\\node_modules\\update-browserslist-db': 'C:\\wang\\mobile-order\\node_modules\\.update-browserslist-db-Qpy0oq9q',
384 silly reify   'C:\\wang\\mobile-order\\node_modules\\vinext': 'C:\\wang\\mobile-order\\node_modules\\.vinext-9sAnED8c',
384 silly reify   'C:\\wang\\mobile-order\\node_modules\\vite': 'C:\\wang\\mobile-order\\node_modules\\.vite-u0KADUNy',
384 silly reify   'C:\\wang\\mobile-order\\node_modules\\vite-plugin-commonjs': 'C:\\wang\\mobile-order\\node_modules\\.vite-plugin-commonjs-SBRMx02y',
384 silly reify   'C:\\wang\\mobile-order\\node_modules\\vite-plugin-dynamic-import': 'C:\\wang\\mobile-order\\node_modules\\.vite-plugin-dynamic-import-fcBpe20X',
384 silly reify   'C:\\wang\\mobile-order\\node_modules\\vitefu': 'C:\\wang\\mobile-order\\node_modules\\.vitefu-QTzu8oQK',
384 silly reify   'C:\\wang\\mobile-order\\node_modules\\vite-tsconfig-paths': 'C:\\wang\\mobile-order\\node_modules\\.vite-tsconfig-paths-7hiaCxD4',
384 silly reify   'C:\\wang\\mobile-order\\node_modules\\watchpack': 'C:\\wang\\mobile-order\\node_modules\\.watchpack-qXIrsi87',
384 silly reify   'C:\\wang\\mobile-order\\node_modules\\web-vitals': 'C:\\wang\\mobile-order\\node_modules\\.web-vitals-t5T0fl1X',
384 silly reify   'C:\\wang\\mobile-order\\node_modules\\webpack': 'C:\\wang\\mobile-order\\node_modules\\.webpack-gibeLgGF',
384 silly reify   'C:\\wang\\mobile-order\\node_modules\\webpack-sources': 'C:\\wang\\mobile-order\\node_modules\\.webpack-sources-VNld6BQ8',
384 silly reify   'C:\\wang\\mobile-order\\node_modules\\which-builtin-type': 'C:\\wang\\mobile-order\\node_modules\\.which-builtin-type-nGP8RBJY',
384 silly reify   'C:\\wang\\mobile-order\\node_modules\\which-collection': 'C:\\wang\\mobile-order\\node_modules\\.which-collection-guwdFlh7',
384 silly reify   'C:\\wang\\mobile-order\\node_modules\\which-boxed-primitive': 'C:\\wang\\mobile-order\\node_modules\\.which-boxed-primitive-kCB35Ll1',
384 silly reify   'C:\\wang\\mobile-order\\node_modules\\which-typed-array': 'C:\\wang\\mobile-order\\node_modules\\.which-typed-array-YRlCi5O2',
384 silly reify   'C:\\wang\\mobile-order\\node_modules\\wrangler': 'C:\\wang\\mobile-order\\node_modules\\.wrangler-8GLmRUtE',
384 silly reify   'C:\\wang\\mobile-order\\node_modules\\word-wrap': 'C:\\wang\\mobile-order\\node_modules\\.word-wrap-z82nLdzI',
384 silly reify   'C:\\wang\\mobile-order\\node_modules\\ws': 'C:\\wang\\mobile-order\\node_modules\\.ws-OTzGGRZG',
384 silly reify   'C:\\wang\\mobile-order\\node_modules\\workerd': 'C:\\wang\\mobile-order\\node_modules\\.workerd-MeVvHh7O',
384 silly reify   'C:\\wang\\mobile-order\\node_modules\\yallist': 'C:\\wang\\mobile-order\\node_modules\\.yallist-ZxQrRCI6',
384 silly reify   'C:\\wang\\mobile-order\\node_modules\\yocto-queue': 'C:\\wang\\mobile-order\\node_modules\\.yocto-queue-4ub12piQ',
384 silly reify   'C:\\wang\\mobile-order\\node_modules\\yoga-layout': 'C:\\wang\\mobile-order\\node_modules\\.yoga-layout-HmTOHURC',
384 silly reify   'C:\\wang\\mobile-order\\node_modules\\youch': 'C:\\wang\\mobile-order\\node_modules\\.youch-anPYCkpm',
384 silly reify   'C:\\wang\\mobile-order\\node_modules\\zod': 'C:\\wang\\mobile-order\\node_modules\\.zod-i1TXvxeU',
384 silly reify   'C:\\wang\\mobile-order\\node_modules\\youch-core': 'C:\\wang\\mobile-order\\node_modules\\.youch-core-5o7ZolqB',
384 silly reify   'C:\\wang\\mobile-order\\node_modules\\zod-validation-error': 'C:\\wang\\mobile-order\\node_modules\\.zod-validation-error-s9ZcBOfG',
384 silly reify   'C:\\wang\\mobile-order\\node_modules\\@babel\\code-frame': 'C:\\wang\\mobile-order\\node_modules\\@babel\\.code-frame-q0om3mkd',
384 silly reify   'C:\\wang\\mobile-order\\node_modules\\@babel\\compat-data': 'C:\\wang\\mobile-order\\node_modules\\@babel\\.compat-data-WcuN2WEu',
384 silly reify   'C:\\wang\\mobile-order\\node_modules\\@babel\\core': 'C:\\wang\\mobile-order\\node_modules\\@babel\\.core-OW1sSiZP',
384 silly reify   'C:\\wang\\mobile-order\\node_modules\\@babel\\generator': 'C:\\wang\\mobile-order\\node_modules\\@babel\\.generator-vJQTTEry',
384 silly reify   'C:\\wang\\mobile-order\\node_modules\\@babel\\helper-compilation-targets': 'C:\\wang\\mobile-order\\node_modules\\@babel\\.helper-compilation-targets-urgVL15I',
384 silly reify   'C:\\wang\\mobile-order\\node_modules\\@babel\\helper-module-imports': 'C:\\wang\\mobile-order\\node_modules\\@babel\\.helper-module-imports-YVi5RKYg',
384 silly reify   'C:\\wang\\mobile-order\\node_modules\\@babel\\helper-module-transforms': 'C:\\wang\\mobile-order\\node_modules\\@babel\\.helper-module-transforms-f30VTqJq',
384 silly reify   'C:\\wang\\mobile-order\\node_modules\\@babel\\helper-string-parser': 'C:\\wang\\mobile-order\\node_modules\\@babel\\.helper-string-parser-3ohhT0NA',
384 silly reify   'C:\\wang\\mobile-order\\node_modules\\@babel\\helper-validator-identifier': 'C:\\wang\\mobile-order\\node_modules\\@babel\\.helper-validator-identifier-uWDuVcr0',
384 silly reify   'C:\\wang\\mobile-order\\node_modules\\@babel\\helper-globals': 'C:\\wang\\mobile-order\\node_modules\\@babel\\.helper-globals-fzGAGdkQ',
384 silly reify   'C:\\wang\\mobile-order\\node_modules\\@babel\\helper-validator-option': 'C:\\wang\\mobile-order\\node_modules\\@babel\\.helper-validator-option-fvUExBYS',
384 silly reify   'C:\\wang\\mobile-order\\node_modules\\@babel\\helpers': 'C:\\wang\\mobile-order\\node_modules\\@babel\\.helpers-0bqk3KyC',
384 silly reify   'C:\\wang\\mobile-order\\node_modules\\@babel\\parser': 'C:\\wang\\mobile-order\\node_modules\\@babel\\.parser-3vkHWcf6',
384 silly reify   'C:\\wang\\mobile-order\\node_modules\\@babel\\template': 'C:\\wang\\mobile-order\\node_modules\\@babel\\.template-BmGJeizS',
384 silly reify   'C:\\wang\\mobile-order\\node_modules\\@babel\\traverse': 'C:\\wang\\mobile-order\\node_modules\\@babel\\.traverse-DVLRUOf8',
384 silly reify   'C:\\wang\\mobile-order\\node_modules\\@babel\\types': 'C:\\wang\\mobile-order\\node_modules\\@babel\\.types-9Es2IrZY',
384 silly reify   'C:\\wang\\mobile-order\\node_modules\\@alloc\\quick-lru': 'C:\\wang\\mobile-order\\node_modules\\@alloc\\.quick-lru-R6jzACWi',
384 silly reify   'C:\\wang\\mobile-order\\node_modules\\@cloudflare\\kv-asset-handler': 'C:\\wang\\mobile-order\\node_modules\\@cloudflare\\.kv-asset-handler-U2YWokdg',
384 silly reify   'C:\\wang\\mobile-order\\node_modules\\@cloudflare\\unenv-preset': 'C:\\wang\\mobile-order\\node_modules\\@cloudflare\\.unenv-preset-UrrmV9g3',
384 silly reify   'C:\\wang\\mobile-order\\node_modules\\@cloudflare\\vite-plugin': 'C:\\wang\\mobile-order\\node_modules\\@cloudflare\\.vite-plugin-Z50ybceb',
384 silly reify   'C:\\wang\\mobile-order\\node_modules\\@cloudflare\\workerd-windows-64': 'C:\\wang\\mobile-order\\node_modules\\@cloudflare\\.workerd-windows-64-7g78NSJe',
384 silly reify   'C:\\wang\\mobile-order\\node_modules\\@emnapi\\core': 'C:\\wang\\mobile-order\\node_modules\\@emnapi\\.core-wXjKIF9h',
384 silly reify   'C:\\wang\\mobile-order\\node_modules\\@emnapi\\runtime': 'C:\\wang\\mobile-order\\node_modules\\@emnapi\\.runtime-02YrRWgX',
384 silly reify   'C:\\wang\\mobile-order\\node_modules\\@emnapi\\wasi-threads': 'C:\\wang\\mobile-order\\node_modules\\@emnapi\\.wasi-threads-hHAfSc1x',
384 silly reify   'C:\\wang\\mobile-order\\node_modules\\@esbuild-kit\\core-utils': 'C:\\wang\\mobile-order\\node_modules\\@esbuild-kit\\.core-utils-2hZ2tgrd',
384 silly reify   'C:\\wang\\mobile-order\\node_modules\\@esbuild-kit\\esm-loader': 'C:\\wang\\mobile-order\\node_modules\\@esbuild-kit\\.esm-loader-H0JXePPA',
384 silly reify   'C:\\wang\\mobile-order\\node_modules\\@esbuild\\win32-x64': 'C:\\wang\\mobile-order\\node_modules\\@esbuild\\.win32-x64-5DJxxXIz',
384 silly reify   'C:\\wang\\mobile-order\\node_modules\\@drizzle-team\\brocli': 'C:\\wang\\mobile-order\\node_modules\\@drizzle-team\\.brocli-vSawPcxR',
384 silly reify   'C:\\wang\\mobile-order\\node_modules\\@eslint\\config-array': 'C:\\wang\\mobile-order\\node_modules\\@eslint\\.config-array-1tnf8xAu',
384 silly reify   'C:\\wang\\mobile-order\\node_modules\\@eslint\\config-helpers': 'C:\\wang\\mobile-order\\node_modules\\@eslint\\.config-helpers-yTkCU7Cz',
384 silly reify   'C:\\wang\\mobile-order\\node_modules\\@eslint\\core': 'C:\\wang\\mobile-order\\node_modules\\@eslint\\.core-DJrHDGsb',
384 silly reify   'C:\\wang\\mobile-order\\node_modules\\@eslint\\eslintrc': 'C:\\wang\\mobile-order\\node_modules\\@eslint\\.eslintrc-g0DZdoVP',
384 silly reify   'C:\\wang\\mobile-order\\node_modules\\@eslint\\js': 'C:\\wang\\mobile-order\\node_modules\\@eslint\\.js-qEaaiF4M',
384 silly reify   'C:\\wang\\mobile-order\\node_modules\\@eslint\\object-schema': 'C:\\wang\\mobile-order\\node_modules\\@eslint\\.object-schema-JAPRYozd',
384 silly reify   'C:\\wang\\mobile-order\\node_modules\\@eslint\\plugin-kit': 'C:\\wang\\mobile-order\\node_modules\\@eslint\\.plugin-kit-zvktZ4Lm',
384 silly reify   'C:\\wang\\mobile-order\\node_modules\\@humanfs\\core': 'C:\\wang\\mobile-order\\node_modules\\@humanfs\\.core-0ocFNW3O',
384 silly reify   'C:\\wang\\mobile-order\\node_modules\\@humanfs\\node': 'C:\\wang\\mobile-order\\node_modules\\@humanfs\\.node-5Y6VNoF7',
384 silly reify   'C:\\wang\\mobile-order\\node_modules\\@humanfs\\types': 'C:\\wang\\mobile-order\\node_modules\\@humanfs\\.types-I3UIVFOZ',
384 silly reify   'C:\\wang\\mobile-order\\node_modules\\@humanwhocodes\\retry': 'C:\\wang\\mobile-order\\node_modules\\@humanwhocodes\\.retry-5HvfELWR',
384 silly reify   'C:\\wang\\mobile-order\\node_modules\\@humanwhocodes\\module-importer': 'C:\\wang\\mobile-order\\node_modules\\@humanwhocodes\\.module-importer-TvAiTotA',
384 silly reify   'C:\\wang\\mobile-order\\node_modules\\@eslint-community\\eslint-utils': 'C:\\wang\\mobile-order\\node_modules\\@eslint-community\\.eslint-utils-ZbHoUqCD',
384 silly reify   'C:\\wang\\mobile-order\\node_modules\\@eslint-community\\regexpp': 'C:\\wang\\mobile-order\\node_modules\\@eslint-community\\.regexpp-nXdMbiBL',
384 silly reify   'C:\\wang\\mobile-order\\node_modules\\@img\\colour': 'C:\\wang\\mobile-order\\node_modules\\@img\\.colour-hBB3Q7OM',
384 silly reify   'C:\\wang\\mobile-order\\node_modules\\@img\\sharp-win32-x64': 'C:\\wang\\mobile-order\\node_modules\\@img\\.sharp-win32-x64-CghbJN9d',
384 silly reify   'C:\\wang\\mobile-order\\node_modules\\@next\\env': 'C:\\wang\\mobile-order\\node_modules\\@next\\.env-AjaKQ0KQ',
384 silly reify   'C:\\wang\\mobile-order\\node_modules\\@next\\eslint-plugin-next': 'C:\\wang\\mobile-order\\node_modules\\@next\\.eslint-plugin-next-90oMg8CD',
384 silly reify   'C:\\wang\\mobile-order\\node_modules\\@jridgewell\\gen-mapping': 'C:\\wang\\mobile-order\\node_modules\\@jridgewell\\.gen-mapping-KEquyi9M',
384 silly reify   'C:\\wang\\mobile-order\\node_modules\\@next\\swc-win32-x64-msvc': 'C:\\wang\\mobile-order\\node_modules\\@next\\.swc-win32-x64-msvc-hFGZkZZA',
384 silly reify   'C:\\wang\\mobile-order\\node_modules\\@jridgewell\\remapping': 'C:\\wang\\mobile-order\\node_modules\\@jridgewell\\.remapping-BHKExEkP',
384 silly reify   'C:\\wang\\mobile-order\\node_modules\\@jridgewell\\source-map': 'C:\\wang\\mobile-order\\node_modules\\@jridgewell\\.source-map-30rdDC82',
384 silly reify   'C:\\wang\\mobile-order\\node_modules\\@jridgewell\\trace-mapping': 'C:\\wang\\mobile-order\\node_modules\\@jridgewell\\.trace-mapping-PHHlUSXp',
384 silly reify   'C:\\wang\\mobile-order\\node_modules\\@nolyfill\\is-core-module': 'C:\\wang\\mobile-order\\node_modules\\@nolyfill\\.is-core-module-wXaiYqfC',
384 silly reify   'C:\\wang\\mobile-order\\node_modules\\@oxc-project\\types': 'C:\\wang\\mobile-order\\node_modules\\@oxc-project\\.types-VxU4wwst',
384 silly reify   'C:\\wang\\mobile-order\\node_modules\\@poppinss\\colors': 'C:\\wang\\mobile-order\\node_modules\\@poppinss\\.colors-GldCbJL3',
384 silly reify   'C:\\wang\\mobile-order\\node_modules\\@poppinss\\dumper': 'C:\\wang\\mobile-order\\node_modules\\@poppinss\\.dumper-UpOniiKI',
384 silly reify   'C:\\wang\\mobile-order\\node_modules\\@poppinss\\exception': 'C:\\wang\\mobile-order\\node_modules\\@poppinss\\.exception-sBEGZjOj',
384 silly reify   'C:\\wang\\mobile-order\\node_modules\\@resvg\\resvg-wasm': 'C:\\wang\\mobile-order\\node_modules\\@resvg\\.resvg-wasm-Y6qrHc8G',
384 silly reify   'C:\\wang\\mobile-order\\node_modules\\@rolldown\\binding-win32-x64-msvc': 'C:\\wang\\mobile-order\\node_modules\\@rolldown\\.binding-win32-x64-msvc-6NfISne0',
384 silly reify   'C:\\wang\\mobile-order\\node_modules\\@rtsao\\scc': 'C:\\wang\\mobile-order\\node_modules\\@rtsao\\.scc-ozTbBlVF',
384 silly reify   'C:\\wang\\mobile-order\\node_modules\\@shuding\\opentype.js': 'C:\\wang\\mobile-order\\node_modules\\@shuding\\.opentype.js-nuCrp2Or',
384 silly reify   'C:\\wang\\mobile-order\\node_modules\\@sindresorhus\\is': 'C:\\wang\\mobile-order\\node_modules\\@sindresorhus\\.is-lx5n2hQu',
384 silly reify   'C:\\wang\\mobile-order\\node_modules\\@speed-highlight\\core': 'C:\\wang\\mobile-order\\node_modules\\@speed-highlight\\.core-UPISnFuy',
384 silly reify   'C:\\wang\\mobile-order\\node_modules\\@swc\\helpers': 'C:\\wang\\mobile-order\\node_modules\\@swc\\.helpers-yFqev7iR',
384 silly reify   'C:\\wang\\mobile-order\\node_modules\\@tailwindcss\\node': 'C:\\wang\\mobile-order\\node_modules\\@tailwindcss\\.node-w8wY4fQq',
384 silly reify   'C:\\wang\\mobile-order\\node_modules\\@tailwindcss\\oxide': 'C:\\wang\\mobile-order\\node_modules\\@tailwindcss\\.oxide-Epgrgr5S',
384 silly reify   'C:\\wang\\mobile-order\\node_modules\\@tailwindcss\\oxide-win32-x64-msvc': 'C:\\wang\\mobile-order\\node_modules\\@tailwindcss\\.oxide-win32-x64-msvc-NlRGOsbB',
384 silly reify   'C:\\wang\\mobile-order\\node_modules\\@tailwindcss\\postcss': 'C:\\wang\\mobile-order\\node_modules\\@tailwindcss\\.postcss-dhCEJNC3',
384 silly reify   'C:\\wang\\mobile-order\\node_modules\\@tybys\\wasm-util': 'C:\\wang\\mobile-order\\node_modules\\@tybys\\.wasm-util-IF8ofWO7',
384 silly reify   'C:\\wang\\mobile-order\\node_modules\\@types\\eslint-scope': 'C:\\wang\\mobile-order\\node_modules\\@types\\.eslint-scope-GrR3soLk',
384 silly reify   'C:\\wang\\mobile-order\\node_modules\\@types\\json-schema': 'C:\\wang\\mobile-order\\node_modules\\@types\\.json-schema-fNxO2BRH',
384 silly reify   'C:\\wang\\mobile-order\\node_modules\\@types\\node': 'C:\\wang\\mobile-order\\node_modules\\@types\\.node-slYmJcsO',
384 silly reify   'C:\\wang\\mobile-order\\node_modules\\@types\\json5': 'C:\\wang\\mobile-order\\node_modules\\@types\\.json5-TfEdk4zl',
384 silly reify   'C:\\wang\\mobile-order\\node_modules\\@types\\react': 'C:\\wang\\mobile-order\\node_modules\\@types\\.react-xMMEsIp8',
384 silly reify   'C:\\wang\\mobile-order\\node_modules\\@types\\react-dom': 'C:\\wang\\mobile-order\\node_modules\\@types\\.react-dom-udBsNlAQ',
384 silly reify   'C:\\wang\\mobile-order\\node_modules\\@types\\eslint': 'C:\\wang\\mobile-order\\node_modules\\@types\\.eslint-RtURRU8w',
384 silly reify   'C:\\wang\\mobile-order\\node_modules\\@typescript-eslint\\eslint-plugin': 'C:\\wang\\mobile-order\\node_modules\\@typescript-eslint\\.eslint-plugin-9M9k0VPU',
384 silly reify   'C:\\wang\\mobile-order\\node_modules\\@typescript-eslint\\parser': 'C:\\wang\\mobile-order\\node_modules\\@typescript-eslint\\.parser-kWvcZX3z',
384 silly reify   'C:\\wang\\mobile-order\\node_modules\\@typescript-eslint\\project-service': 'C:\\wang\\mobile-order\\node_modules\\@typescript-eslint\\.project-service-aphGjubx',
384 silly reify   'C:\\wang\\mobile-order\\node_modules\\@typescript-eslint\\scope-manager': 'C:\\wang\\mobile-order\\node_modules\\@typescript-eslint\\.scope-manager-TNZq18Vn',
384 silly reify   'C:\\wang\\mobile-order\\node_modules\\@typescript-eslint\\tsconfig-utils': 'C:\\wang\\mobile-order\\node_modules\\@typescript-eslint\\.tsconfig-utils-2HDHY73M',
384 silly reify   'C:\\wang\\mobile-order\\node_modules\\@typescript-eslint\\type-utils': 'C:\\wang\\mobile-order\\node_modules\\@typescript-eslint\\.type-utils-a6DpHarY',
384 silly reify   'C:\\wang\\mobile-order\\node_modules\\@typescript-eslint\\utils': 'C:\\wang\\mobile-order\\node_modules\\@typescript-eslint\\.utils-Lh0E8HE4',
384 silly reify   'C:\\wang\\mobile-order\\node_modules\\@typescript-eslint\\typescript-estree': 'C:\\wang\\mobile-order\\node_modules\\@typescript-eslint\\.typescript-estree-RmzqD8dC',
384 silly reify   'C:\\wang\\mobile-order\\node_modules\\@typescript-eslint\\visitor-keys': 'C:\\wang\\mobile-order\\node_modules\\@typescript-eslint\\.visitor-keys-mXHvs6mN',
384 silly reify   'C:\\wang\\mobile-order\\node_modules\\@typescript-eslint\\types': 'C:\\wang\\mobile-order\\node_modules\\@typescript-eslint\\.types-Kdj5p6vE',
384 silly reify   'C:\\wang\\mobile-order\\node_modules\\@unpic\\core': 'C:\\wang\\mobile-order\\node_modules\\@unpic\\.core-IKfrr0tn',
384 silly reify   'C:\\wang\\mobile-order\\node_modules\\@unpic\\react': 'C:\\wang\\mobile-order\\node_modules\\@unpic\\.react-v74hgXc1',
384 silly reify   'C:\\wang\\mobile-order\\node_modules\\@unrs\\resolver-binding-win32-x64-msvc': 'C:\\wang\\mobile-order\\node_modules\\@unrs\\.resolver-binding-win32-x64-msvc-AVZxhTYG',
384 silly reify   'C:\\wang\\mobile-order\\node_modules\\@vercel\\og': 'C:\\wang\\mobile-order\\node_modules\\@vercel\\.og-9nW2WfOR',
384 silly reify   'C:\\wang\\mobile-order\\node_modules\\@vitejs\\plugin-react': 'C:\\wang\\mobile-order\\node_modules\\@vitejs\\.plugin-react-dvNpyiH8',
384 silly reify   'C:\\wang\\mobile-order\\node_modules\\@vitejs\\plugin-rsc': 'C:\\wang\\mobile-order\\node_modules\\@vitejs\\.plugin-rsc-wbnTeJ97',
384 silly reify   'C:\\wang\\mobile-order\\node_modules\\@webassemblyjs\\ast': 'C:\\wang\\mobile-order\\node_modules\\@webassemblyjs\\.ast-fAVS66io',
384 silly reify   'C:\\wang\\mobile-order\\node_modules\\@webassemblyjs\\floating-point-hex-parser': 'C:\\wang\\mobile-order\\node_modules\\@webassemblyjs\\.floating-point-hex-parser-OLuQ13xX',
384 silly reify   'C:\\wang\\mobile-order\\node_modules\\@webassemblyjs\\helper-api-error': 'C:\\wang\\mobile-order\\node_modules\\@webassemblyjs\\.helper-api-error-zv05joI6',
384 silly reify   'C:\\wang\\mobile-order\\node_modules\\@webassemblyjs\\helper-buffer': 'C:\\wang\\mobile-order\\node_modules\\@webassemblyjs\\.helper-buffer-ixOSydVz',
384 silly reify   'C:\\wang\\mobile-order\\node_modules\\@webassemblyjs\\helper-numbers': 'C:\\wang\\mobile-order\\node_modules\\@webassemblyjs\\.helper-numbers-ZVLgeVUU',
384 silly reify   'C:\\wang\\mobile-order\\node_modules\\@webassemblyjs\\helper-wasm-bytecode': 'C:\\wang\\mobile-order\\node_modules\\@webassemblyjs\\.helper-wasm-bytecode-M0Ozyd0W',
384 silly reify   'C:\\wang\\mobile-order\\node_modules\\@webassemblyjs\\ieee754': 'C:\\wang\\mobile-order\\node_modules\\@webassemblyjs\\.ieee754-LzBtsN5I',
384 silly reify   'C:\\wang\\mobile-order\\node_modules\\@webassemblyjs\\helper-wasm-section': 'C:\\wang\\mobile-order\\node_modules\\@webassemblyjs\\.helper-wasm-section-rYhol96C',
384 silly reify   'C:\\wang\\mobile-order\\node_modules\\@webassemblyjs\\leb128': 'C:\\wang\\mobile-order\\node_modules\\@webassemblyjs\\.leb128-CPwLhcGG',
384 silly reify   'C:\\wang\\mobile-order\\node_modules\\@webassemblyjs\\utf8': 'C:\\wang\\mobile-order\\node_modules\\@webassemblyjs\\.utf8-TdXpkiYD',
384 silly reify   'C:\\wang\\mobile-order\\node_modules\\@webassemblyjs\\wasm-gen': 'C:\\wang\\mobile-order\\node_modules\\@webassemblyjs\\.wasm-gen-KeS5w8yE',
384 silly reify   'C:\\wang\\mobile-order\\node_modules\\@webassemblyjs\\wasm-edit': 'C:\\wang\\mobile-order\\node_modules\\@webassemblyjs\\.wasm-edit-u7xWDYZj',
384 silly reify   'C:\\wang\\mobile-order\\node_modules\\@webassemblyjs\\wasm-opt': 'C:\\wang\\mobile-order\\node_modules\\@webassemblyjs\\.wasm-opt-rQSejdJc',
384 silly reify   'C:\\wang\\mobile-order\\node_modules\\@webassemblyjs\\wasm-parser': 'C:\\wang\\mobile-order\\node_modules\\@webassemblyjs\\.wasm-parser-pMW94CBM',
384 silly reify   'C:\\wang\\mobile-order\\node_modules\\@webassemblyjs\\wast-printer': 'C:\\wang\\mobile-order\\node_modules\\@webassemblyjs\\.wast-printer-Noq9h9KX',
384 silly reify   'C:\\wang\\mobile-order\\node_modules\\@xtuc\\ieee754': 'C:\\wang\\mobile-order\\node_modules\\@xtuc\\.ieee754-9vtipBJb',
384 silly reify   'C:\\wang\\mobile-order\\node_modules\\@xtuc\\long': 'C:\\wang\\mobile-order\\node_modules\\@xtuc\\.long-66K5a6Hf',
384 silly reify   'C:\\wang\\mobile-order\\node_modules\\which': 'C:\\wang\\mobile-order\\node_modules\\.which-tAZaLgYL',
384 silly reify   'C:\\wang\\mobile-order\\node_modules\\.bin\\node-which': 'C:\\wang\\mobile-order\\node_modules\\.bin\\.node-which-fN0OV1XT',
384 silly reify   'C:\\wang\\mobile-order\\node_modules\\.bin\\node-which.cmd': 'C:\\wang\\mobile-order\\node_modules\\.bin\\.node-which.cmd-zxDJJi86',
384 silly reify   'C:\\wang\\mobile-order\\node_modules\\.bin\\node-which.ps1': 'C:\\wang\\mobile-order\\node_modules\\.bin\\.node-which.ps1-i9X6ja1E'
384 silly reify }
385 silly audit bulk request {
385 silly audit   '@alloc/quick-lru': [ '5.2.0' ],
385 silly audit   '@babel/code-frame': [ '7.29.0' ],
385 silly audit   '@babel/compat-data': [ '7.29.3' ],
385 silly audit   '@babel/core': [ '7.29.0' ],
385 silly audit   '@babel/generator': [ '7.29.1' ],
385 silly audit   '@babel/helper-compilation-targets': [ '7.28.6' ],
385 silly audit   '@babel/helper-globals': [ '7.28.0' ],
385 silly audit   '@babel/helper-module-imports': [ '7.28.6' ],
385 silly audit   '@babel/helper-module-transforms': [ '7.28.6' ],
385 silly audit   '@babel/helper-string-parser': [ '7.27.1' ],
385 silly audit   '@babel/helper-validator-identifier': [ '7.28.5' ],
385 silly audit   '@babel/helper-validator-option': [ '7.27.1' ],
385 silly audit   '@babel/helpers': [ '7.29.2' ],
385 silly audit   '@babel/parser': [ '7.29.3' ],
385 silly audit   '@babel/template': [ '7.28.6' ],
385 silly audit   '@babel/traverse': [ '7.29.0' ],
385 silly audit   '@babel/types': [ '7.29.0' ],
385 silly audit   '@cloudflare/kv-asset-handler': [ '0.5.0' ],
385 silly audit   '@cloudflare/unenv-preset': [ '2.16.1' ],
385 silly audit   '@cloudflare/vite-plugin': [ '1.37.1' ],
385 silly audit   '@cloudflare/workerd-darwin-64': [ '1.20260515.1' ],
385 silly audit   '@cloudflare/workerd-darwin-arm64': [ '1.20260515.1' ],
385 silly audit   '@cloudflare/workerd-linux-64': [ '1.20260515.1' ],
385 silly audit   '@cloudflare/workerd-linux-arm64': [ '1.20260515.1' ],
385 silly audit   '@cloudflare/workerd-windows-64': [ '1.20260515.1' ],
385 silly audit   '@cspotcode/source-map-support': [ '0.8.1' ],
385 silly audit   '@jridgewell/trace-mapping': [ '0.3.9', '0.3.31' ],
385 silly audit   '@drizzle-team/brocli': [ '0.10.2' ],
385 silly audit   '@emnapi/core': [ '1.10.0', '1.8.1' ],
385 silly audit   '@emnapi/runtime': [ '1.10.0', '1.8.1' ],
385 silly audit   '@emnapi/wasi-threads': [ '1.2.1', '1.1.0' ],
385 silly audit   '@esbuild-kit/core-utils': [ '3.3.2' ],
385 silly audit   '@esbuild/android-arm': [ '0.18.20', '0.28.0', '0.25.12', '0.27.3' ],
385 silly audit   '@esbuild/android-arm64': [ '0.18.20', '0.28.0', '0.25.12', '0.27.3' ],
385 silly audit   '@esbuild/android-x64': [ '0.18.20', '0.28.0', '0.25.12', '0.27.3' ],
385 silly audit   '@esbuild/darwin-arm64': [ '0.18.20', '0.28.0', '0.25.12', '0.27.3' ],
385 silly audit   '@esbuild/darwin-x64': [ '0.18.20', '0.28.0', '0.25.12', '0.27.3' ],
385 silly audit   '@esbuild/freebsd-arm64': [ '0.18.20', '0.28.0', '0.25.12', '0.27.3' ],
385 silly audit   '@esbuild/freebsd-x64': [ '0.18.20', '0.28.0', '0.25.12', '0.27.3' ],
385 silly audit   '@esbuild/linux-arm': [ '0.18.20', '0.28.0', '0.25.12', '0.27.3' ],
385 silly audit   '@esbuild/linux-arm64': [ '0.18.20', '0.28.0', '0.25.12', '0.27.3' ],
385 silly audit   '@esbuild/linux-ia32': [ '0.18.20', '0.28.0', '0.25.12', '0.27.3' ],
385 silly audit   '@esbuild/linux-loong64': [ '0.18.20', '0.28.0', '0.25.12', '0.27.3' ],
385 silly audit   '@esbuild/linux-mips64el': [ '0.18.20', '0.28.0', '0.25.12', '0.27.3' ],
385 silly audit   '@esbuild/linux-ppc64': [ '0.18.20', '0.28.0', '0.25.12', '0.27.3' ],
385 silly audit   '@esbuild/linux-riscv64': [ '0.18.20', '0.28.0', '0.25.12', '0.27.3' ],
385 silly audit   '@esbuild/linux-s390x': [ '0.18.20', '0.28.0', '0.25.12', '0.27.3' ],
385 silly audit   '@esbuild/linux-x64': [ '0.18.20', '0.28.0', '0.25.12', '0.27.3' ],
385 silly audit   '@esbuild/netbsd-x64': [ '0.18.20', '0.28.0', '0.25.12', '0.27.3' ],
385 silly audit   '@esbuild/openbsd-x64': [ '0.18.20', '0.28.0', '0.25.12', '0.27.3' ],
385 silly audit   '@esbuild/sunos-x64': [ '0.18.20', '0.28.0', '0.25.12', '0.27.3' ],
385 silly audit   '@esbuild/win32-arm64': [ '0.18.20', '0.28.0', '0.25.12', '0.27.3' ],
385 silly audit   '@esbuild/win32-ia32': [ '0.18.20', '0.28.0', '0.25.12', '0.27.3' ],
385 silly audit   '@esbuild/win32-x64': [ '0.18.20', '0.28.0', '0.25.12', '0.27.3' ],
385 silly audit   esbuild: [ '0.18.20', '0.25.12', '0.28.0', '0.27.3' ],
385 silly audit   '@esbuild-kit/esm-loader': [ '2.6.5' ],
385 silly audit   '@esbuild/aix-ppc64': [ '0.28.0', '0.25.12', '0.27.3' ],
385 silly audit   '@esbuild/netbsd-arm64': [ '0.28.0', '0.25.12', '0.27.3' ],
385 silly audit   '@esbuild/openbsd-arm64': [ '0.28.0', '0.25.12', '0.27.3' ],
385 silly audit   '@esbuild/openharmony-arm64': [ '0.28.0', '0.25.12', '0.27.3' ],
385 silly audit   '@eslint-community/eslint-utils': [ '4.9.1' ],
385 silly audit   'eslint-visitor-keys': [ '3.4.3', '5.0.1', '4.2.1' ],
385 silly audit   '@eslint-community/regexpp': [ '4.12.2' ],
385 silly audit   '@eslint/config-array': [ '0.21.2' ],
385 silly audit   '@eslint/config-helpers': [ '0.4.2' ],
385 silly audit   '@eslint/core': [ '0.17.0' ],
385 silly audit   '@eslint/eslintrc': [ '3.3.5' ],
385 silly audit   '@eslint/js': [ '9.39.4' ],
385 silly audit   '@eslint/object-schema': [ '2.1.7' ],
385 silly audit   '@eslint/plugin-kit': [ '0.4.1' ],
385 silly audit   '@humanfs/core': [ '0.19.2' ],
385 silly audit   '@humanfs/node': [ '0.16.8' ],
385 silly audit   '@humanfs/types': [ '0.15.0' ],
385 silly audit   '@humanwhocodes/module-importer': [ '1.0.1' ],
385 silly audit   '@humanwhocodes/retry': [ '0.4.3' ],
385 silly audit   '@img/colour': [ '1.1.0' ],
385 silly audit   '@img/sharp-darwin-arm64': [ '0.34.5' ],
385 silly audit   '@img/sharp-darwin-x64': [ '0.34.5' ],
385 silly audit   '@img/sharp-libvips-darwin-arm64': [ '1.2.4' ],
385 silly audit   '@img/sharp-libvips-darwin-x64': [ '1.2.4' ],
385 silly audit   '@img/sharp-libvips-linux-arm': [ '1.2.4' ],
385 silly audit   '@img/sharp-libvips-linux-arm64': [ '1.2.4' ],
385 silly audit   '@img/sharp-libvips-linux-ppc64': [ '1.2.4' ],
385 silly audit   '@img/sharp-libvips-linux-riscv64': [ '1.2.4' ],
385 silly audit   '@img/sharp-libvips-linux-s390x': [ '1.2.4' ],
385 silly audit   '@img/sharp-libvips-linux-x64': [ '1.2.4' ],
385 silly audit   '@img/sharp-libvips-linuxmusl-arm64': [ '1.2.4' ],
385 silly audit   '@img/sharp-libvips-linuxmusl-x64': [ '1.2.4' ],
385 silly audit   '@img/sharp-linux-arm': [ '0.34.5' ],
385 silly audit   '@img/sharp-linux-arm64': [ '0.34.5' ],
385 silly audit   '@img/sharp-linux-ppc64': [ '0.34.5' ],
385 silly audit   '@img/sharp-linux-riscv64': [ '0.34.5' ],
385 silly audit   '@img/sharp-linux-s390x': [ '0.34.5' ],
385 silly audit   '@img/sharp-linux-x64': [ '0.34.5' ],
385 silly audit   '@img/sharp-linuxmusl-arm64': [ '0.34.5' ],
385 silly audit   '@img/sharp-linuxmusl-x64': [ '0.34.5' ],
385 silly audit   '@img/sharp-wasm32': [ '0.34.5' ],
385 silly audit   '@img/sharp-win32-arm64': [ '0.34.5' ],
385 silly audit   '@img/sharp-win32-ia32': [ '0.34.5' ],
385 silly audit   '@img/sharp-win32-x64': [ '0.34.5' ],
385 silly audit   '@jridgewell/gen-mapping': [ '0.3.13' ],
385 silly audit   '@jridgewell/remapping': [ '2.3.5' ],
385 silly audit   '@jridgewell/resolve-uri': [ '3.1.2' ],
385 silly audit   '@jridgewell/source-map': [ '0.3.11' ],
385 silly audit   '@jridgewell/sourcemap-codec': [ '1.5.5' ],
385 silly audit   '@napi-rs/wasm-runtime': [ '0.2.12', '1.1.4', '1.1.1' ],
385 silly audit   '@next/env': [ '16.2.6' ],
385 silly audit   '@next/eslint-plugin-next': [ '16.2.6' ],
385 silly audit   '@next/swc-darwin-arm64': [ '16.2.6' ],
385 silly audit   '@next/swc-darwin-x64': [ '16.2.6' ],
385 silly audit   '@next/swc-linux-arm64-gnu': [ '16.2.6' ],
385 silly audit   '@next/swc-linux-arm64-musl': [ '16.2.6' ],
385 silly audit   '@next/swc-linux-x64-gnu': [ '16.2.6' ],
385 silly audit   '@next/swc-linux-x64-musl': [ '16.2.6' ],
385 silly audit   '@next/swc-win32-arm64-msvc': [ '16.2.6' ],
385 silly audit   '@next/swc-win32-x64-msvc': [ '16.2.6' ],
385 silly audit   '@nodelib/fs.scandir': [ '2.1.5' ],
385 silly audit   '@nodelib/fs.stat': [ '2.0.5' ],
385 silly audit   '@nodelib/fs.walk': [ '1.2.8' ],
385 silly audit   '@nolyfill/is-core-module': [ '1.0.39' ],
385 silly audit   '@oxc-project/types': [ '0.130.0' ],
385 silly audit   '@poppinss/colors': [ '4.1.6' ],
385 silly audit   '@poppinss/dumper': [ '0.6.5' ],
385 silly audit   'supports-color': [ '10.2.2', '8.1.1', '7.2.0' ],
385 silly audit   '@poppinss/exception': [ '1.2.3' ],
385 silly audit   '@resvg/resvg-wasm': [ '2.4.0' ],
385 silly audit   '@rolldown/binding-android-arm64': [ '1.0.1' ],
385 silly audit   '@rolldown/binding-darwin-arm64': [ '1.0.1' ],
385 silly audit   '@rolldown/binding-darwin-x64': [ '1.0.1' ],
385 silly audit   '@rolldown/binding-freebsd-x64': [ '1.0.1' ],
385 silly audit   '@rolldown/binding-linux-arm-gnueabihf': [ '1.0.1' ],
385 silly audit   '@rolldown/binding-linux-arm64-gnu': [ '1.0.1' ],
385 silly audit   '@rolldown/binding-linux-arm64-musl': [ '1.0.1' ],
385 silly audit   '@rolldown/binding-linux-ppc64-gnu': [ '1.0.1' ],
385 silly audit   '@rolldown/binding-linux-s390x-gnu': [ '1.0.1' ],
385 silly audit   '@rolldown/binding-linux-x64-gnu': [ '1.0.1' ],
385 silly audit   '@rolldown/binding-linux-x64-musl': [ '1.0.1' ],
385 silly audit   '@rolldown/binding-openharmony-arm64': [ '1.0.1' ],
385 silly audit   '@rolldown/binding-wasm32-wasi': [ '1.0.1' ],
385 silly audit   '@rolldown/binding-win32-arm64-msvc': [ '1.0.1' ],
385 silly audit   '@rolldown/binding-win32-x64-msvc': [ '1.0.1' ],
385 silly audit   '@rolldown/pluginutils': [ '1.0.1', '1.0.0-rc.18' ],
385 silly audit   '@rtsao/scc': [ '1.1.0' ],
385 silly audit   '@shuding/opentype.js': [ '1.4.0-beta.0' ],
385 silly audit   '@sindresorhus/is': [ '7.2.0' ],
385 silly audit   '@speed-highlight/core': [ '1.2.15' ],
385 silly audit   '@swc/helpers': [ '0.5.15' ],
385 silly audit   '@tailwindcss/node': [ '4.2.1' ],
385 silly audit   '@tailwindcss/oxide': [ '4.2.1' ],
385 silly audit   '@tailwindcss/oxide-android-arm64': [ '4.2.1' ],
385 silly audit   '@tailwindcss/oxide-darwin-arm64': [ '4.2.1' ],
385 silly audit   '@tailwindcss/oxide-darwin-x64': [ '4.2.1' ],
385 silly audit   '@tailwindcss/oxide-freebsd-x64': [ '4.2.1' ],
385 silly audit   '@tailwindcss/oxide-linux-arm-gnueabihf': [ '4.2.1' ],
385 silly audit   '@tailwindcss/oxide-linux-arm64-gnu': [ '4.2.1' ],
385 silly audit   '@tailwindcss/oxide-linux-arm64-musl': [ '4.2.1' ],
385 silly audit   '@tailwindcss/oxide-linux-x64-gnu': [ '4.2.1' ],
385 silly audit   '@tailwindcss/oxide-linux-x64-musl': [ '4.2.1' ],
385 silly audit   '@tailwindcss/oxide-wasm32-wasi': [ '4.2.1' ],
385 silly audit   '@tybys/wasm-util': [ '0.10.1', '0.10.2' ],
385 silly audit   tslib: [ '2.8.1' ],
385 silly audit   '@tailwindcss/oxide-win32-arm64-msvc': [ '4.2.1' ],
385 silly audit   '@tailwindcss/oxide-win32-x64-msvc': [ '4.2.1' ],
385 silly audit   '@tailwindcss/postcss': [ '4.2.1' ],
385 silly audit   '@types/eslint': [ '9.6.1' ],
385 silly audit   '@types/eslint-scope': [ '3.7.7' ],
385 silly audit   '@types/estree': [ '1.0.9' ],
385 silly audit   '@types/json-schema': [ '7.0.15' ],
385 silly audit   '@types/json5': [ '0.0.29' ],
385 silly audit   '@types/node': [ '22.19.19' ],
385 silly audit   '@types/react': [ '19.2.14' ],
385 silly audit   '@types/react-dom': [ '19.2.3' ],
385 silly audit   '@typescript-eslint/eslint-plugin': [ '8.59.3' ],
385 silly audit   ignore: [ '7.0.5', '5.3.2' ],
385 silly audit   '@typescript-eslint/parser': [ '8.59.3' ],
385 silly audit   '@typescript-eslint/project-service': [ '8.59.3' ],
385 silly audit   '@typescript-eslint/scope-manager': [ '8.59.3' ],
385 silly audit   '@typescript-eslint/tsconfig-utils': [ '8.59.3' ],
385 silly audit   '@typescript-eslint/type-utils': [ '8.59.3' ],
385 silly audit   '@typescript-eslint/types': [ '8.59.3' ],
385 silly audit   '@typescript-eslint/typescript-estree': [ '8.59.3' ],
385 silly audit   'balanced-match': [ '4.0.4', '1.0.2' ],
385 silly audit   'brace-expansion': [ '5.0.6', '1.1.14' ],
385 silly audit   minimatch: [ '10.2.5', '3.1.5' ],
385 silly audit   semver: [ '7.8.0', '6.3.1' ],
385 silly audit   '@typescript-eslint/utils': [ '8.59.3' ],
385 silly audit   '@typescript-eslint/visitor-keys': [ '8.59.3' ],
385 silly audit   '@unpic/core': [ '1.0.3' ],
385 silly audit   '@unpic/react': [ '1.0.2' ],
385 silly audit   '@unrs/resolver-binding-android-arm-eabi': [ '1.11.1' ],
385 silly audit   '@unrs/resolver-binding-android-arm64': [ '1.11.1' ],
385 silly audit   '@unrs/resolver-binding-darwin-arm64': [ '1.11.1' ],
385 silly audit   '@unrs/resolver-binding-darwin-x64': [ '1.11.1' ],
385 silly audit   '@unrs/resolver-binding-freebsd-x64': [ '1.11.1' ],
385 silly audit   '@unrs/resolver-binding-linux-arm-gnueabihf': [ '1.11.1' ],
385 silly audit   '@unrs/resolver-binding-linux-arm-musleabihf': [ '1.11.1' ],
385 silly audit   '@unrs/resolver-binding-linux-arm64-gnu': [ '1.11.1' ],
385 silly audit   '@unrs/resolver-binding-linux-arm64-musl': [ '1.11.1' ],
385 silly audit   '@unrs/resolver-binding-linux-ppc64-gnu': [ '1.11.1' ],
385 silly audit   '@unrs/resolver-binding-linux-riscv64-gnu': [ '1.11.1' ],
385 silly audit   '@unrs/resolver-binding-linux-riscv64-musl': [ '1.11.1' ],
385 silly audit   '@unrs/resolver-binding-linux-s390x-gnu': [ '1.11.1' ],
385 silly audit   '@unrs/resolver-binding-linux-x64-gnu': [ '1.11.1' ],
385 silly audit   '@unrs/resolver-binding-linux-x64-musl': [ '1.11.1' ],
385 silly audit   '@unrs/resolver-binding-wasm32-wasi': [ '1.11.1' ],
385 silly audit   '@unrs/resolver-binding-win32-arm64-msvc': [ '1.11.1' ],
385 silly audit   '@unrs/resolver-binding-win32-ia32-msvc': [ '1.11.1' ],
385 silly audit   '@unrs/resolver-binding-win32-x64-msvc': [ '1.11.1' ],
385 silly audit   '@vercel/og': [ '0.8.6' ],
385 silly audit   '@vitejs/plugin-react': [ '6.0.2' ],
385 silly audit   '@vitejs/plugin-rsc': [ '0.5.26' ],
385 silly audit   '@webassemblyjs/ast': [ '1.14.1' ],
385 silly audit   '@webassemblyjs/floating-point-hex-parser': [ '1.13.2' ],
385 silly audit   '@webassemblyjs/helper-api-error': [ '1.13.2' ],
385 silly audit   '@webassemblyjs/helper-buffer': [ '1.14.1' ],
385 silly audit   '@webassemblyjs/helper-numbers': [ '1.13.2' ],
385 silly audit   '@webassemblyjs/helper-wasm-bytecode': [ '1.13.2' ],
385 silly audit   '@webassemblyjs/helper-wasm-section': [ '1.14.1' ],
385 silly audit   '@webassemblyjs/ieee754': [ '1.13.2' ],
385 silly audit   '@webassemblyjs/leb128': [ '1.13.2' ],
385 silly audit   '@webassemblyjs/utf8': [ '1.13.2' ],
385 silly audit   '@webassemblyjs/wasm-edit': [ '1.14.1' ],
385 silly audit   '@webassemblyjs/wasm-gen': [ '1.14.1' ],
385 silly audit   '@webassemblyjs/wasm-opt': [ '1.14.1' ],
385 silly audit   '@webassemblyjs/wasm-parser': [ '1.14.1' ],
385 silly audit   '@webassemblyjs/wast-printer': [ '1.14.1' ],
385 silly audit   '@xtuc/ieee754': [ '1.2.0' ],
385 silly audit   '@xtuc/long': [ '4.2.2' ],
385 silly audit   acorn: [ '8.16.0' ],
385 silly audit   'acorn-import-phases': [ '1.0.4' ],
385 silly audit   'acorn-jsx': [ '5.3.2' ],
385 silly audit   'acorn-loose': [ '8.5.2' ],
385 silly audit   ajv: [ '6.15.0', '8.20.0' ],
385 silly audit   'ajv-formats': [ '2.1.1' ],
385 silly audit   'json-schema-traverse': [ '1.0.0', '0.4.1' ],
385 silly audit   'ansi-styles': [ '4.3.0' ],
385 silly audit   argparse: [ '2.0.1' ],
385 silly audit   'aria-query': [ '5.3.2' ],
385 silly audit   'array-buffer-byte-length': [ '1.0.2' ],
385 silly audit   'array-includes': [ '3.1.9' ],
385 silly audit   'array.prototype.findlast': [ '1.2.5' ],
385 silly audit   'array.prototype.findlastindex': [ '1.2.6' ],
385 silly audit   'array.prototype.flat': [ '1.3.3' ],
385 silly audit   'array.prototype.flatmap': [ '1.3.3' ],
385 silly audit   'array.prototype.tosorted': [ '1.1.4' ],
385 silly audit   'arraybuffer.prototype.slice': [ '1.0.4' ],
385 silly audit   'ast-types-flow': [ '0.0.8' ],
385 silly audit   'async-function': [ '1.0.0' ],
385 silly audit   'available-typed-arrays': [ '1.0.7' ],
385 silly audit   'axe-core': [ '4.11.4' ],
385 silly audit   'axobject-query': [ '4.1.0' ],
385 silly audit   'base64-js': [ '0.0.8' ],
385 silly audit   'baseline-browser-mapping': [ '2.10.30' ],
385 silly audit   'blake3-wasm': [ '2.1.5' ],
385 silly audit   braces: [ '3.0.3' ],
385 silly audit   browserslist: [ '4.28.2' ],
385 silly audit   'buffer-from': [ '1.1.2' ],
385 silly audit   'call-bind': [ '1.0.9' ],
385 silly audit   'call-bind-apply-helpers': [ '1.0.2' ],
385 silly audit   'call-bound': [ '1.0.4' ],
385 silly audit   callsites: [ '3.1.0' ],
385 silly audit   camelize: [ '1.0.1' ],
385 silly audit   'caniuse-lite': [ '1.0.30001793' ],
385 silly audit   chalk: [ '4.1.2' ],
385 silly audit   'chrome-trace-event': [ '1.0.4' ],
385 silly audit   'client-only': [ '0.0.1' ],
385 silly audit   'color-convert': [ '2.0.1' ],
385 silly audit   'color-name': [ '1.1.4' ],
385 silly audit   commander: [ '2.20.3' ],
385 silly audit   'concat-map': [ '0.0.1' ],
385 silly audit   'convert-source-map': [ '2.0.0' ],
385 silly audit   cookie: [ '1.1.1' ],
385 silly audit   'cross-spawn': [ '7.0.6' ],
385 silly audit   'css-background-parser': [ '0.1.0' ],
385 silly audit   'css-box-shadow': [ '1.0.0-3' ],
385 silly audit   'css-color-keywords': [ '1.0.0' ],
385 silly audit   'css-gradient-parser': [ '0.0.16' ],
385 silly audit   'css-to-react-native': [ '3.2.0' ],
385 silly audit   csstype: [ '3.2.3' ],
385 silly audit   'damerau-levenshtein': [ '1.0.8' ],
385 silly audit   'data-view-buffer': [ '1.0.2' ],
385 silly audit   'data-view-byte-length': [ '1.0.2' ],
385 silly audit   'data-view-byte-offset': [ '1.0.1' ],
385 silly audit   debug: [ '4.4.3', '3.2.7' ],
385 silly audit   'deep-is': [ '0.1.4' ],
385 silly audit   'define-data-property': [ '1.1.4' ],
385 silly audit   'define-properties': [ '1.2.1' ],
385 silly audit   'detect-libc': [ '2.1.2' ],
385 silly audit   doctrine: [ '2.1.0' ],
385 silly audit   'drizzle-kit': [ '0.31.10' ],
385 silly audit   'drizzle-orm': [ '0.45.2' ],
385 silly audit   'dunder-proto': [ '1.0.1' ],
385 silly audit   'electron-to-chromium': [ '1.5.358' ],
385 silly audit   'emoji-regex': [ '9.2.2' ],
385 silly audit   'emoji-regex-xs': [ '2.0.1' ],
385 silly audit   'enhanced-resolve': [ '5.21.3' ],
385 silly audit   'error-stack-parser-es': [ '1.0.5' ],
385 silly audit   'es-abstract': [ '1.24.2' ],
385 silly audit   'es-define-property': [ '1.0.1' ],
385 silly audit   'es-errors': [ '1.3.0' ],
385 silly audit   'es-iterator-helpers': [ '1.3.2' ],
385 silly audit   'es-module-lexer': [ '2.1.0', '1.7.0' ],
385 silly audit   'es-object-atoms': [ '1.1.1' ],
385 silly audit   'es-set-tostringtag': [ '2.1.0' ],
385 silly audit   'es-shim-unscopables': [ '1.1.0' ],
385 silly audit   'es-to-primitive': [ '1.3.0' ],
385 silly audit   escalade: [ '3.2.0' ],
385 silly audit   'escape-html': [ '1.0.3' ],
385 silly audit   'escape-string-regexp': [ '4.0.0' ],
385 silly audit   eslint: [ '9.39.4' ],
385 silly audit   'eslint-config-next': [ '16.2.6' ],
385 silly audit   globals: [ '16.4.0', '14.0.0' ],
385 silly audit   'eslint-import-resolver-node': [ '0.3.10' ],
385 silly audit   'eslint-import-resolver-typescript': [ '3.10.1' ],
385 silly audit   'eslint-module-utils': [ '2.12.1' ],
385 silly audit   'eslint-plugin-import': [ '2.32.0' ],
385 silly audit   'eslint-plugin-jsx-a11y': [ '6.10.2' ],
385 silly audit   'eslint-plugin-react': [ '7.37.5' ],
385 silly audit   'eslint-plugin-react-hooks': [ '7.1.1' ],
385 silly audit   'eslint-scope': [ '8.4.0', '5.1.1' ],
385 silly audit   espree: [ '10.4.0' ],
385 silly audit   esquery: [ '1.7.0' ],
385 silly audit   esrecurse: [ '4.3.0' ],
385 silly audit   estraverse: [ '5.3.0', '4.3.0' ],
385 silly audit   'estree-walker': [ '3.0.3' ],
385 silly audit   esutils: [ '2.0.3' ],
385 silly audit   events: [ '3.3.0' ],
385 silly audit   'fast-deep-equal': [ '3.1.3' ],
385 silly audit   'fast-glob': [ '3.3.1', '3.3.3' ],
385 silly audit   'glob-parent': [ '5.1.2', '6.0.2' ],
385 silly audit   'fast-json-stable-stringify': [ '2.1.0' ],
385 silly audit   'fast-levenshtein': [ '2.0.6' ],
385 silly audit   'fast-uri': [ '3.1.2' ],
385 silly audit   fastq: [ '1.20.1' ],
385 silly audit   fflate: [ '0.7.4' ],
385 silly audit   'file-entry-cache': [ '8.0.0' ],
385 silly audit   'fill-range': [ '7.1.1' ],
385 silly audit   'find-up': [ '5.0.0' ],
385 silly audit   'flat-cache': [ '4.0.1' ],
385 silly audit   flatted: [ '3.4.2' ],
385 silly audit   'for-each': [ '0.3.5' ],
385 silly audit   fsevents: [ '2.3.3' ],
385 silly audit   'function-bind': [ '1.1.2' ],
385 silly audit   'function.prototype.name': [ '1.1.8' ],
385 silly audit   'functions-have-names': [ '1.2.3' ],
385 silly audit   'generator-function': [ '2.0.1' ],
385 silly audit   gensync: [ '1.0.0-beta.2' ],
385 silly audit   'get-intrinsic': [ '1.3.0' ],
385 silly audit   'get-proto': [ '1.0.1' ],
385 silly audit   'get-symbol-description': [ '1.1.0' ],
385 silly audit   'get-tsconfig': [ '4.14.0' ],
385 silly audit   'glob-to-regexp': [ '0.4.1' ],
385 silly audit   globalthis: [ '1.0.4' ],
385 silly audit   globrex: [ '0.1.2' ],
385 silly audit   gopd: [ '1.2.0' ],
385 silly audit   'graceful-fs': [ '4.2.11' ],
385 silly audit   'has-bigints': [ '1.1.0' ],
385 silly audit   'has-flag': [ '4.0.0' ],
385 silly audit   'has-property-descriptors': [ '1.0.2' ],
385 silly audit   'has-proto': [ '1.2.0' ],
385 silly audit   'has-symbols': [ '1.1.0' ],
385 silly audit   'has-tostringtag': [ '1.0.2' ],
385 silly audit   hasown: [ '2.0.3' ],
385 silly audit   'hermes-estree': [ '0.25.1' ],
385 silly audit   'hermes-parser': [ '0.25.1' ],
385 silly audit   'hex-rgb': [ '4.3.0' ],
385 silly audit   'image-size': [ '2.0.2' ],
385 silly audit   'import-fresh': [ '3.3.1' ],
385 silly audit   imurmurhash: [ '0.1.4' ],
385 silly audit   'internal-slot': [ '1.1.0' ],
385 silly audit   'ipaddr.js': [ '2.4.0' ],
385 silly audit   'is-array-buffer': [ '3.0.5' ],
385 silly audit   'is-async-function': [ '2.1.1' ],
385 silly audit   'is-bigint': [ '1.1.0' ],
385 silly audit   'is-boolean-object': [ '1.2.2' ],
385 silly audit   'is-bun-module': [ '2.0.0' ],
385 silly audit   'is-callable': [ '1.2.7' ],
385 silly audit   'is-core-module': [ '2.16.2' ],
385 silly audit   'is-data-view': [ '1.0.2' ],
385 silly audit   'is-date-object': [ '1.1.0' ],
385 silly audit   'is-extglob': [ '2.1.1' ],
385 silly audit   'is-finalizationregistry': [ '1.1.1' ],
385 silly audit   'is-generator-function': [ '1.1.2' ],
385 silly audit   'is-glob': [ '4.0.3' ],
385 silly audit   'is-map': [ '2.0.3' ],
385 silly audit   'is-negative-zero': [ '2.0.3' ],
385 silly audit   'is-number': [ '7.0.0' ],
385 silly audit   'is-number-object': [ '1.1.1' ],
385 silly audit   'is-regex': [ '1.2.1' ],
385 silly audit   'is-set': [ '2.0.3' ],
385 silly audit   'is-shared-array-buffer': [ '1.0.4' ],
385 silly audit   'is-string': [ '1.1.1' ],
385 silly audit   'is-symbol': [ '1.1.1' ],
385 silly audit   'is-typed-array': [ '1.1.15' ],
385 silly audit   'is-weakmap': [ '2.0.2' ],
385 silly audit   'is-weakref': [ '1.1.1' ],
385 silly audit   'is-weakset': [ '2.0.4' ],
385 silly audit   isarray: [ '2.0.5' ],
385 silly audit   isexe: [ '2.0.0' ],
385 silly audit   'iterator.prototype': [ '1.1.5' ],
385 silly audit   'jest-worker': [ '27.5.1' ],
385 silly audit   jiti: [ '2.7.0' ],
385 silly audit   'js-tokens': [ '4.0.0', '9.0.1' ],
385 silly audit   'js-yaml': [ '4.1.1' ],
385 silly audit   jsesc: [ '3.1.0' ],
385 silly audit   'json-buffer': [ '3.0.1' ],
385 silly audit   'json-stable-stringify-without-jsonify': [ '1.0.1' ],
385 silly audit   json5: [ '2.2.3', '1.0.2' ],
385 silly audit   'jsx-ast-utils': [ '3.3.5' ],
385 silly audit   keyv: [ '4.5.4' ],
385 silly audit   kleur: [ '4.1.5' ],
385 silly audit   'language-subtag-registry': [ '0.3.23' ],
385 silly audit   'language-tags': [ '1.0.9' ],
385 silly audit   levn: [ '0.4.1' ],
385 silly audit   lightningcss: [ '1.31.1', '1.32.0' ],
385 silly audit   'lightningcss-android-arm64': [ '1.31.1', '1.32.0' ],
385 silly audit   'lightningcss-darwin-arm64': [ '1.31.1', '1.32.0' ],
385 silly audit   'lightningcss-darwin-x64': [ '1.31.1', '1.32.0' ],
385 silly audit   'lightningcss-freebsd-x64': [ '1.31.1', '1.32.0' ],
385 silly audit   'lightningcss-linux-arm-gnueabihf': [ '1.31.1', '1.32.0' ],
385 silly audit   'lightningcss-linux-arm64-gnu': [ '1.31.1', '1.32.0' ],
385 silly audit   'lightningcss-linux-arm64-musl': [ '1.31.1', '1.32.0' ],
385 silly audit   'lightningcss-linux-x64-gnu': [ '1.31.1', '1.32.0' ],
385 silly audit   'lightningcss-linux-x64-musl': [ '1.31.1', '1.32.0' ],
385 silly audit   'lightningcss-win32-arm64-msvc': [ '1.31.1', '1.32.0' ],
385 silly audit   'lightningcss-win32-x64-msvc': [ '1.31.1', '1.32.0' ],
385 silly audit   linebreak: [ '1.1.0' ],
385 silly audit   'loader-runner': [ '4.3.2' ],
385 silly audit   'locate-path': [ '6.0.0' ],
385 silly audit   'lodash.merge': [ '4.6.2' ],
385 silly audit   'loose-envify': [ '1.4.0' ],
385 silly audit   'lru-cache': [ '5.1.1' ],
385 silly audit   'magic-string': [ '0.30.21' ],
385 silly audit   'math-intrinsics': [ '1.1.0' ],
385 silly audit   'merge-stream': [ '2.0.0' ],
385 silly audit   merge2: [ '1.4.1' ],
385 silly audit   micromatch: [ '4.0.8' ],
385 silly audit   'mime-db': [ '1.54.0' ],
385 silly audit   miniflare: [ '4.20260515.0' ],
385 silly audit   minimist: [ '1.2.8' ],
385 silly audit   ms: [ '2.1.3' ],
385 silly audit   nanoid: [ '3.3.12' ],
385 silly audit   'napi-postinstall': [ '0.3.4' ],
385 silly audit   'natural-compare': [ '1.4.0' ],
385 silly audit   'neo-async': [ '2.6.2' ],
385 silly audit   next: [ '16.2.6' ],
385 silly audit   postcss: [ '8.4.31', '8.5.14' ],
385 silly audit   'node-exports-info': [ '1.6.0' ],
385 silly audit   'node-releases': [ '2.0.44' ],
385 silly audit   'object-assign': [ '4.1.1' ],
385 silly audit   'object-inspect': [ '1.13.4' ],
385 silly audit   'object-keys': [ '1.1.1' ],
385 silly audit   'object.assign': [ '4.1.7' ],
385 silly audit   'object.entries': [ '1.1.9' ],
385 silly audit   'object.fromentries': [ '2.0.8' ],
385 silly audit   'object.groupby': [ '1.0.3' ],
385 silly audit   'object.values': [ '1.2.1' ],
385 silly audit   optionator: [ '0.9.4' ],
385 silly audit   'own-keys': [ '1.0.1' ],
385 silly audit   'p-limit': [ '3.1.0' ],
385 silly audit   'p-locate': [ '5.0.0' ],
385 silly audit   pako: [ '0.2.9' ],
385 silly audit   'parent-module': [ '1.0.1' ],
385 silly audit   'parse-css-color': [ '0.2.1' ],
385 silly audit   'path-exists': [ '4.0.0' ],
385 silly audit   'path-key': [ '3.1.1' ],
385 silly audit   'path-parse': [ '1.0.7' ],
385 silly audit   'path-to-regexp': [ '6.3.0' ],
385 silly audit   pathe: [ '2.0.3' ],
385 silly audit   picocolors: [ '1.1.1' ],
385 silly audit   picomatch: [ '2.3.2', '4.0.4' ],
385 silly audit   'possible-typed-array-names': [ '1.1.0' ],
385 silly audit   'postcss-value-parser': [ '4.2.0' ],
385 silly audit   'prelude-ls': [ '1.2.1' ],
385 silly audit   'prop-types': [ '15.8.1' ],
385 silly audit   punycode: [ '2.3.1' ],
385 silly audit   'queue-microtask': [ '1.2.3' ],
385 silly audit   react: [ '19.2.6' ],
385 silly audit   'react-dom': [ '19.2.6' ],
385 silly audit   'react-is': [ '16.13.1' ],
385 silly audit   'react-loading-skeleton': [ '3.5.0' ],
385 silly audit   'react-server-dom-webpack': [ '19.2.6' ],
385 silly audit   'reflect.getprototypeof': [ '1.0.10' ],
385 silly audit   'regexp.prototype.flags': [ '1.5.4' ],
385 silly audit   'require-from-string': [ '2.0.2' ],
385 silly audit   resolve: [ '2.0.0-next.7' ],
385 silly audit   'resolve-from': [ '4.0.0' ],
385 silly audit   'resolve-pkg-maps': [ '1.0.0' ],
385 silly audit   reusify: [ '1.1.0' ],
385 silly audit   rolldown: [ '1.0.1' ],
385 silly audit   'run-parallel': [ '1.2.0' ],
385 silly audit   'safe-array-concat': [ '1.1.4' ],
385 silly audit   'safe-push-apply': [ '1.0.0' ],
385 silly audit   'safe-regex-test': [ '1.1.0' ],
385 silly audit   satori: [ '0.16.0' ],
385 silly audit   scheduler: [ '0.27.0' ],
385 silly audit   'schema-utils': [ '4.3.3' ],
385 silly audit   'ajv-keywords': [ '5.1.0' ],
385 silly audit   'set-function-length': [ '1.2.2' ],
385 silly audit   'set-function-name': [ '2.0.2' ],
385 silly audit   'set-proto': [ '1.0.0' ],
385 silly audit   sharp: [ '0.34.5' ],
385 silly audit   'shebang-command': [ '2.0.0' ],
385 silly audit   'shebang-regex': [ '3.0.0' ],
385 silly audit   'side-channel': [ '1.1.0' ],
385 silly audit   'side-channel-list': [ '1.0.1' ],
385 silly audit   'side-channel-map': [ '1.0.1' ],
385 silly audit   'side-channel-weakmap': [ '1.0.2' ],
385 silly audit   'source-map': [ '0.6.1' ],
385 silly audit   'source-map-js': [ '1.2.1' ],
385 silly audit   'source-map-support': [ '0.5.21' ],
385 silly audit   srvx: [ '0.11.15' ],
385 silly audit   'stable-hash': [ '0.0.5' ],
385 silly audit   'stop-iteration-iterator': [ '1.1.0' ],
385 silly audit   'string.prototype.codepointat': [ '0.2.1' ],
385 silly audit   'string.prototype.includes': [ '2.0.1' ],
385 silly audit   'string.prototype.matchall': [ '4.0.12' ],
385 silly audit   'string.prototype.repeat': [ '1.0.0' ],
385 silly audit   'string.prototype.trim': [ '1.2.10' ],
385 silly audit   'string.prototype.trimend': [ '1.0.9' ],
385 silly audit   'string.prototype.trimstart': [ '1.0.8' ],
385 silly audit   'strip-bom': [ '3.0.0' ],
385 silly audit   'strip-json-comments': [ '3.1.1' ],
385 silly audit   'strip-literal': [ '3.1.0' ],
385 silly audit   'styled-jsx': [ '5.1.6' ],
385 silly audit   'supports-preserve-symlinks-flag': [ '1.0.0' ],
385 silly audit   tailwindcss: [ '4.2.1' ],
385 silly audit   tapable: [ '2.3.3' ],
385 silly audit   terser: [ '5.47.1' ],
385 silly audit   'terser-webpack-plugin': [ '5.6.0' ],
385 silly audit   'tiny-inflate': [ '1.0.3' ],
385 silly audit   tinyglobby: [ '0.2.16' ],
385 silly audit   fdir: [ '6.5.0' ],
385 silly audit   'to-regex-range': [ '5.0.1' ],
385 silly audit   'ts-api-utils': [ '2.5.0' ],
385 silly audit   tsconfck: [ '3.1.6' ],
385 silly audit   'tsconfig-paths': [ '3.15.0' ],
385 silly audit   tsx: [ '4.22.1' ],
385 silly audit   'turbo-stream': [ '3.2.0' ],
385 silly audit   'type-check': [ '0.4.0' ],
385 silly audit   'typed-array-buffer': [ '1.0.3' ],
385 silly audit   'typed-array-byte-length': [ '1.0.3' ],
385 silly audit   'typed-array-byte-offset': [ '1.0.4' ],
385 silly audit   'typed-array-length': [ '1.0.7' ],
385 silly audit   typescript: [ '5.9.3' ],
385 silly audit   'typescript-eslint': [ '8.59.3' ],
385 silly audit   'unbox-primitive': [ '1.1.0' ],
385 silly audit   undici: [ '7.24.8' ],
385 silly audit   'undici-types': [ '6.21.0' ],
385 silly audit   unenv: [ '2.0.0-rc.24' ],
385 silly audit   'unicode-trie': [ '2.0.0' ],
385 silly audit   unpic: [ '4.2.2' ],
385 silly audit   'unrs-resolver': [ '1.11.1' ],
385 silly audit   'update-browserslist-db': [ '1.2.3' ],
385 silly audit   'uri-js': [ '4.4.1' ],
385 silly audit   vinext: [ '0.0.50' ],
385 silly audit   vite: [ '8.0.13' ],
385 silly audit   'vite-plugin-commonjs': [ '0.10.4' ],
385 silly audit   'vite-plugin-dynamic-import': [ '1.6.0' ],
385 silly audit   'vite-tsconfig-paths': [ '6.1.1' ],
385 silly audit   vitefu: [ '1.1.3' ],
385 silly audit   watchpack: [ '2.5.1' ],
385 silly audit   'web-vitals': [ '4.2.4' ],
385 silly audit   webpack: [ '5.106.2' ],
385 silly audit   'webpack-sources': [ '3.4.1' ],
385 silly audit   which: [ '2.0.2' ],
385 silly audit   'which-boxed-primitive': [ '1.1.1' ],
385 silly audit   'which-builtin-type': [ '1.2.1' ],
385 silly audit   'which-collection': [ '1.0.2' ],
385 silly audit   'which-typed-array': [ '1.1.20' ],
385 silly audit   'word-wrap': [ '1.2.5' ],
385 silly audit   workerd: [ '1.20260515.1' ],
385 silly audit   wrangler: [ '4.92.0' ],
385 silly audit   ws: [ '8.18.0' ],
385 silly audit   yallist: [ '3.1.1' ],
385 silly audit   'yocto-queue': [ '0.1.0' ],
385 silly audit   'yoga-layout': [ '3.2.1' ],
385 silly audit   youch: [ '4.1.0-beta.10' ],
385 silly audit   'youch-core': [ '0.3.3' ],
385 silly audit   zod: [ '4.4.3' ],
385 silly audit   'zod-validation-error': [ '4.0.2' ]
385 silly audit }
386 verbose audit error FetchError: request to https://registry.npmjs.org/-/npm/v1/security/advisories/bulk failed, reason: 
386 verbose audit error     at ClientRequest.<anonymous> (C:\Program Files\nodejs\node_modules\npm\node_modules\minipass-fetch\lib\index.js:130:14)
386 verbose audit error     at ClientRequest.emit (node:events:508:28)
386 verbose audit error     at emitErrorEvent (node:_http_client:108:11)
386 verbose audit error     at _destroy (node:_http_client:963:9)
386 verbose audit error     at onSocketNT (node:_http_client:983:5)
386 verbose audit error     at process.processTicksAndRejections (node:internal/process/task_queues:91:21) {
386 verbose audit error   code: 'EACCES',
386 verbose audit error   errno: 'EACCES',
386 verbose audit error   type: 'system'
386 verbose audit error }
387 silly audit error undefined
388 silly audit report null
389 http cache which@https://registry.npmjs.org/which/-/which-2.0.2.tgz 1ms (cache hit)
390 http cache @xtuc/long@https://registry.npmjs.org/@xtuc/long/-/long-4.2.2.tgz 0ms (cache hit)
391 http cache @xtuc/ieee754@https://registry.npmjs.org/@xtuc/ieee754/-/ieee754-1.2.0.tgz 0ms (cache hit)
392 http cache @webassemblyjs/wasm-parser@https://registry.npmjs.org/@webassemblyjs/wasm-parser/-/wasm-parser-1.14.1.tgz 0ms (cache hit)
393 http cache @webassemblyjs/wasm-opt@https://registry.npmjs.org/@webassemblyjs/wasm-opt/-/wasm-opt-1.14.1.tgz 0ms (cache hit)
394 http cache @webassemblyjs/wasm-gen@https://registry.npmjs.org/@webassemblyjs/wasm-gen/-/wasm-gen-1.14.1.tgz 0ms (cache hit)
395 http cache @webassemblyjs/utf8@https://registry.npmjs.org/@webassemblyjs/utf8/-/utf8-1.13.2.tgz 0ms (cache hit)
396 http cache @webassemblyjs/helper-wasm-section@https://registry.npmjs.org/@webassemblyjs/helper-wasm-section/-/helper-wasm-section-1.14.1.tgz 0ms (cache hit)
397 http cache @webassemblyjs/wasm-edit@https://registry.npmjs.org/@webassemblyjs/wasm-edit/-/wasm-edit-1.14.1.tgz 0ms (cache hit)
398 http cache @webassemblyjs/ieee754@https://registry.npmjs.org/@webassemblyjs/ieee754/-/ieee754-1.13.2.tgz 0ms (cache hit)
399 http cache @webassemblyjs/leb128@https://registry.npmjs.org/@webassemblyjs/leb128/-/leb128-1.13.2.tgz 0ms (cache hit)
400 http cache @webassemblyjs/wast-printer@https://registry.npmjs.org/@webassemblyjs/wast-printer/-/wast-printer-1.14.1.tgz 0ms (cache hit)
401 http cache @webassemblyjs/helper-numbers@https://registry.npmjs.org/@webassemblyjs/helper-numbers/-/helper-numbers-1.13.2.tgz 0ms (cache hit)
402 http cache @webassemblyjs/helper-wasm-bytecode@https://registry.npmjs.org/@webassemblyjs/helper-wasm-bytecode/-/helper-wasm-bytecode-1.13.2.tgz 0ms (cache hit)
403 http cache @webassemblyjs/helper-buffer@https://registry.npmjs.org/@webassemblyjs/helper-buffer/-/helper-buffer-1.14.1.tgz 0ms (cache hit)
404 http cache @webassemblyjs/helper-api-error@https://registry.npmjs.org/@webassemblyjs/helper-api-error/-/helper-api-error-1.13.2.tgz 0ms (cache hit)
405 http cache @vitejs/plugin-rsc@https://registry.npmjs.org/@vitejs/plugin-rsc/-/plugin-rsc-0.5.26.tgz 0ms (cache hit)
406 http cache @vercel/og@https://registry.npmjs.org/@vercel/og/-/og-0.8.6.tgz 0ms (cache hit)
407 http cache @webassemblyjs/ast@https://registry.npmjs.org/@webassemblyjs/ast/-/ast-1.14.1.tgz 0ms (cache hit)
408 http cache @unrs/resolver-binding-win32-x64-msvc@https://registry.npmjs.org/@unrs/resolver-binding-win32-x64-msvc/-/resolver-binding-win32-x64-msvc-1.11.1.tgz 0ms (cache hit)
409 http cache @webassemblyjs/floating-point-hex-parser@https://registry.npmjs.org/@webassemblyjs/floating-point-hex-parser/-/floating-point-hex-parser-1.13.2.tgz 0ms (cache hit)
410 http cache @typescript-eslint/typescript-estree@https://registry.npmjs.org/@typescript-eslint/typescript-estree/-/typescript-estree-8.59.3.tgz 0ms (cache hit)
411 http cache @typescript-eslint/types@https://registry.npmjs.org/@typescript-eslint/types/-/types-8.59.3.tgz 0ms (cache hit)
412 http cache @typescript-eslint/utils@https://registry.npmjs.org/@typescript-eslint/utils/-/utils-8.59.3.tgz 0ms (cache hit)
413 http cache @vitejs/plugin-react@https://registry.npmjs.org/@vitejs/plugin-react/-/plugin-react-6.0.2.tgz 0ms (cache hit)
414 http cache @typescript-eslint/type-utils@https://registry.npmjs.org/@typescript-eslint/type-utils/-/type-utils-8.59.3.tgz 0ms (cache hit)
415 http cache @typescript-eslint/tsconfig-utils@https://registry.npmjs.org/@typescript-eslint/tsconfig-utils/-/tsconfig-utils-8.59.3.tgz 0ms (cache hit)
416 http cache @unpic/core@https://registry.npmjs.org/@unpic/core/-/core-1.0.3.tgz 0ms (cache hit)
417 http cache @unpic/react@https://registry.npmjs.org/@unpic/react/-/react-1.0.2.tgz 0ms (cache hit)
418 http cache @typescript-eslint/visitor-keys@https://registry.npmjs.org/@typescript-eslint/visitor-keys/-/visitor-keys-8.59.3.tgz 0ms (cache hit)
419 http cache @typescript-eslint/parser@https://registry.npmjs.org/@typescript-eslint/parser/-/parser-8.59.3.tgz 0ms (cache hit)
420 http cache @typescript-eslint/scope-manager@https://registry.npmjs.org/@typescript-eslint/scope-manager/-/scope-manager-8.59.3.tgz 0ms (cache hit)
421 http cache @typescript-eslint/project-service@https://registry.npmjs.org/@typescript-eslint/project-service/-/project-service-8.59.3.tgz 0ms (cache hit)
422 http cache @typescript-eslint/eslint-plugin@https://registry.npmjs.org/@typescript-eslint/eslint-plugin/-/eslint-plugin-8.59.3.tgz 0ms (cache hit)
423 http cache @types/react-dom@https://registry.npmjs.org/@types/react-dom/-/react-dom-19.2.3.tgz 0ms (cache hit)
424 http cache @types/json5@https://registry.npmjs.org/@types/json5/-/json5-0.0.29.tgz 0ms (cache hit)
425 http cache @types/eslint@https://registry.npmjs.org/@types/eslint/-/eslint-9.6.1.tgz 0ms (cache hit)
426 http cache @types/node@https://registry.npmjs.org/@types/node/-/node-22.19.19.tgz 0ms (cache hit)
427 http cache @tailwindcss/postcss@https://registry.npmjs.org/@tailwindcss/postcss/-/postcss-4.2.1.tgz 0ms (cache hit)
428 http cache @tailwindcss/oxide-win32-x64-msvc@https://registry.npmjs.org/@tailwindcss/oxide-win32-x64-msvc/-/oxide-win32-x64-msvc-4.2.1.tgz 0ms (cache hit)
429 http cache @types/json-schema@https://registry.npmjs.org/@types/json-schema/-/json-schema-7.0.15.tgz 0ms (cache hit)
430 http cache @types/eslint-scope@https://registry.npmjs.org/@types/eslint-scope/-/eslint-scope-3.7.7.tgz 0ms (cache hit)
431 http cache @tybys/wasm-util@https://registry.npmjs.org/@tybys/wasm-util/-/wasm-util-0.10.2.tgz 0ms (cache hit)
432 http cache @tailwindcss/oxide@https://registry.npmjs.org/@tailwindcss/oxide/-/oxide-4.2.1.tgz 0ms (cache hit)
433 http cache @swc/helpers@https://registry.npmjs.org/@swc/helpers/-/helpers-0.5.15.tgz 0ms (cache hit)
434 http cache @types/react@https://registry.npmjs.org/@types/react/-/react-19.2.14.tgz 0ms (cache hit)
435 http cache @tailwindcss/node@https://registry.npmjs.org/@tailwindcss/node/-/node-4.2.1.tgz 0ms (cache hit)
436 http cache @sindresorhus/is@https://registry.npmjs.org/@sindresorhus/is/-/is-7.2.0.tgz 0ms (cache hit)
437 http cache @rolldown/binding-win32-x64-msvc@https://registry.npmjs.org/@rolldown/binding-win32-x64-msvc/-/binding-win32-x64-msvc-1.0.1.tgz 0ms (cache hit)
438 http cache @rtsao/scc@https://registry.npmjs.org/@rtsao/scc/-/scc-1.1.0.tgz 0ms (cache hit)
439 http cache @speed-highlight/core@https://registry.npmjs.org/@speed-highlight/core/-/core-1.2.15.tgz 0ms (cache hit)
440 http cache @resvg/resvg-wasm@https://registry.npmjs.org/@resvg/resvg-wasm/-/resvg-wasm-2.4.0.tgz 1ms (cache hit)
441 http cache @oxc-project/types@https://registry.npmjs.org/@oxc-project/types/-/types-0.130.0.tgz 0ms (cache hit)
442 http cache @shuding/opentype.js@https://registry.npmjs.org/@shuding/opentype.js/-/opentype.js-1.4.0-beta.0.tgz 0ms (cache hit)
443 http cache @nolyfill/is-core-module@https://registry.npmjs.org/@nolyfill/is-core-module/-/is-core-module-1.0.39.tgz 0ms (cache hit)
444 http cache @jridgewell/trace-mapping@https://registry.npmjs.org/@jridgewell/trace-mapping/-/trace-mapping-0.3.31.tgz 0ms (cache hit)
445 http cache @poppinss/exception@https://registry.npmjs.org/@poppinss/exception/-/exception-1.2.3.tgz 0ms (cache hit)
446 http cache @poppinss/dumper@https://registry.npmjs.org/@poppinss/dumper/-/dumper-0.6.5.tgz 1ms (cache hit)
447 http cache @next/swc-win32-x64-msvc@https://registry.npmjs.org/@next/swc-win32-x64-msvc/-/swc-win32-x64-msvc-16.2.6.tgz 0ms (cache hit)
448 http cache @poppinss/colors@https://registry.npmjs.org/@poppinss/colors/-/colors-4.1.6.tgz 0ms (cache hit)
449 http cache @next/eslint-plugin-next@https://registry.npmjs.org/@next/eslint-plugin-next/-/eslint-plugin-next-16.2.6.tgz 0ms (cache hit)
450 http cache @next/env@https://registry.npmjs.org/@next/env/-/env-16.2.6.tgz 0ms (cache hit)
451 http cache @jridgewell/source-map@https://registry.npmjs.org/@jridgewell/source-map/-/source-map-0.3.11.tgz 0ms (cache hit)
452 http cache @jridgewell/gen-mapping@https://registry.npmjs.org/@jridgewell/gen-mapping/-/gen-mapping-0.3.13.tgz 0ms (cache hit)
453 http cache @jridgewell/remapping@https://registry.npmjs.org/@jridgewell/remapping/-/remapping-2.3.5.tgz 0ms (cache hit)
454 http cache @eslint-community/regexpp@https://registry.npmjs.org/@eslint-community/regexpp/-/regexpp-4.12.2.tgz 0ms (cache hit)
455 http cache @humanwhocodes/module-importer@https://registry.npmjs.org/@humanwhocodes/module-importer/-/module-importer-1.0.1.tgz 0ms (cache hit)
456 http cache @eslint-community/eslint-utils@https://registry.npmjs.org/@eslint-community/eslint-utils/-/eslint-utils-4.9.1.tgz 0ms (cache hit)
457 http cache @img/sharp-win32-x64@https://registry.npmjs.org/@img/sharp-win32-x64/-/sharp-win32-x64-0.34.5.tgz 0ms (cache hit)
458 http cache @humanwhocodes/retry@https://registry.npmjs.org/@humanwhocodes/retry/-/retry-0.4.3.tgz 0ms (cache hit)
459 http cache @img/colour@https://registry.npmjs.org/@img/colour/-/colour-1.1.0.tgz 0ms (cache hit)
460 http cache @humanfs/types@https://registry.npmjs.org/@humanfs/types/-/types-0.15.0.tgz 0ms (cache hit)
461 http cache @eslint/plugin-kit@https://registry.npmjs.org/@eslint/plugin-kit/-/plugin-kit-0.4.1.tgz 0ms (cache hit)
462 http cache @humanfs/core@https://registry.npmjs.org/@humanfs/core/-/core-0.19.2.tgz 0ms (cache hit)
463 http cache @humanfs/node@https://registry.npmjs.org/@humanfs/node/-/node-0.16.8.tgz 0ms (cache hit)
464 http cache @eslint/object-schema@https://registry.npmjs.org/@eslint/object-schema/-/object-schema-2.1.7.tgz 0ms (cache hit)
465 http cache @eslint/js@https://registry.npmjs.org/@eslint/js/-/js-9.39.4.tgz 0ms (cache hit)
466 http cache @eslint/eslintrc@https://registry.npmjs.org/@eslint/eslintrc/-/eslintrc-3.3.5.tgz 0ms (cache hit)
467 http cache @eslint/core@https://registry.npmjs.org/@eslint/core/-/core-0.17.0.tgz 0ms (cache hit)
468 http cache @eslint/config-helpers@https://registry.npmjs.org/@eslint/config-helpers/-/config-helpers-0.4.2.tgz 0ms (cache hit)
469 http cache @eslint/config-array@https://registry.npmjs.org/@eslint/config-array/-/config-array-0.21.2.tgz 0ms (cache hit)
470 http cache @drizzle-team/brocli@https://registry.npmjs.org/@drizzle-team/brocli/-/brocli-0.10.2.tgz 0ms (cache hit)
471 http cache @emnapi/wasi-threads@https://registry.npmjs.org/@emnapi/wasi-threads/-/wasi-threads-1.2.1.tgz 0ms (cache hit)
472 http cache @emnapi/runtime@https://registry.npmjs.org/@emnapi/runtime/-/runtime-1.10.0.tgz 0ms (cache hit)
473 http cache @esbuild/win32-x64@https://registry.npmjs.org/@esbuild/win32-x64/-/win32-x64-0.28.0.tgz 0ms (cache hit)
474 http cache @esbuild-kit/esm-loader@https://registry.npmjs.org/@esbuild-kit/esm-loader/-/esm-loader-2.6.5.tgz 0ms (cache hit)
475 http cache @esbuild-kit/core-utils@https://registry.npmjs.org/@esbuild-kit/core-utils/-/core-utils-3.3.2.tgz 0ms (cache hit)
476 http cache @emnapi/core@https://registry.npmjs.org/@emnapi/core/-/core-1.10.0.tgz 0ms (cache hit)
477 http cache @cloudflare/workerd-windows-64@https://registry.npmjs.org/@cloudflare/workerd-windows-64/-/workerd-windows-64-1.20260515.1.tgz 0ms (cache hit)
478 http cache @alloc/quick-lru@https://registry.npmjs.org/@alloc/quick-lru/-/quick-lru-5.2.0.tgz 0ms (cache hit)
479 http cache @cloudflare/vite-plugin@https://registry.npmjs.org/@cloudflare/vite-plugin/-/vite-plugin-1.37.1.tgz 0ms (cache hit)
480 http cache @cloudflare/kv-asset-handler@https://registry.npmjs.org/@cloudflare/kv-asset-handler/-/kv-asset-handler-0.5.0.tgz 0ms (cache hit)
481 http cache @cloudflare/unenv-preset@https://registry.npmjs.org/@cloudflare/unenv-preset/-/unenv-preset-2.16.1.tgz 0ms (cache hit)
482 http cache @babel/helpers@https://registry.npmjs.org/@babel/helpers/-/helpers-7.29.2.tgz 0ms (cache hit)
483 http cache @babel/types@https://registry.npmjs.org/@babel/types/-/types-7.29.0.tgz 0ms (cache hit)
484 http cache @babel/parser@https://registry.npmjs.org/@babel/parser/-/parser-7.29.3.tgz 0ms (cache hit)
485 http cache @babel/helper-validator-option@https://registry.npmjs.org/@babel/helper-validator-option/-/helper-validator-option-7.27.1.tgz 0ms (cache hit)
486 http cache @babel/helper-globals@https://registry.npmjs.org/@babel/helper-globals/-/helper-globals-7.28.0.tgz 0ms (cache hit)
487 http cache @babel/traverse@https://registry.npmjs.org/@babel/traverse/-/traverse-7.29.0.tgz 0ms (cache hit)
488 http cache @babel/helper-string-parser@https://registry.npmjs.org/@babel/helper-string-parser/-/helper-string-parser-7.27.1.tgz 0ms (cache hit)
489 http cache @babel/helper-module-transforms@https://registry.npmjs.org/@babel/helper-module-transforms/-/helper-module-transforms-7.28.6.tgz 0ms (cache hit)
490 http cache @babel/helper-module-imports@https://registry.npmjs.org/@babel/helper-module-imports/-/helper-module-imports-7.28.6.tgz 0ms (cache hit)
491 http cache @babel/generator@https://registry.npmjs.org/@babel/generator/-/generator-7.29.1.tgz 0ms (cache hit)
492 http cache @babel/helper-compilation-targets@https://registry.npmjs.org/@babel/helper-compilation-targets/-/helper-compilation-targets-7.28.6.tgz 0ms (cache hit)
493 http cache @babel/helper-validator-identifier@https://registry.npmjs.org/@babel/helper-validator-identifier/-/helper-validator-identifier-7.28.5.tgz 0ms (cache hit)
494 http cache @babel/compat-data@https://registry.npmjs.org/@babel/compat-data/-/compat-data-7.29.3.tgz 0ms (cache hit)
495 http cache @babel/core@https://registry.npmjs.org/@babel/core/-/core-7.29.0.tgz 0ms (cache hit)
496 http cache @babel/template@https://registry.npmjs.org/@babel/template/-/template-7.28.6.tgz 0ms (cache hit)
497 http cache zod-validation-error@https://registry.npmjs.org/zod-validation-error/-/zod-validation-error-4.0.2.tgz 0ms (cache hit)
498 http cache @babel/code-frame@https://registry.npmjs.org/@babel/code-frame/-/code-frame-7.29.0.tgz 0ms (cache hit)
499 http cache youch-core@https://registry.npmjs.org/youch-core/-/youch-core-0.3.3.tgz 0ms (cache hit)
500 http cache yoga-layout@https://registry.npmjs.org/yoga-layout/-/yoga-layout-3.2.1.tgz 0ms (cache hit)
501 http cache yocto-queue@https://registry.npmjs.org/yocto-queue/-/yocto-queue-0.1.0.tgz 0ms (cache hit)
502 http cache yallist@https://registry.npmjs.org/yallist/-/yallist-3.1.1.tgz 0ms (cache hit)
503 http cache zod@https://registry.npmjs.org/zod/-/zod-4.4.3.tgz 0ms (cache hit)
504 http cache workerd@https://registry.npmjs.org/workerd/-/workerd-1.20260515.1.tgz 0ms (cache hit)
505 http cache ws@https://registry.npmjs.org/ws/-/ws-8.18.0.tgz 0ms (cache hit)
506 http cache word-wrap@https://registry.npmjs.org/word-wrap/-/word-wrap-1.2.5.tgz 0ms (cache hit)
507 http cache youch@https://registry.npmjs.org/youch/-/youch-4.1.0-beta.10.tgz 0ms (cache hit)
508 http cache which-typed-array@https://registry.npmjs.org/which-typed-array/-/which-typed-array-1.1.20.tgz 0ms (cache hit)
509 http cache which-boxed-primitive@https://registry.npmjs.org/which-boxed-primitive/-/which-boxed-primitive-1.1.1.tgz 0ms (cache hit)
510 http cache which-collection@https://registry.npmjs.org/which-collection/-/which-collection-1.0.2.tgz 0ms (cache hit)
511 http cache which-builtin-type@https://registry.npmjs.org/which-builtin-type/-/which-builtin-type-1.2.1.tgz 0ms (cache hit)
512 http cache wrangler@https://registry.npmjs.org/wrangler/-/wrangler-4.92.0.tgz 0ms (cache hit)
513 http cache web-vitals@https://registry.npmjs.org/web-vitals/-/web-vitals-4.2.4.tgz 0ms (cache hit)
514 http cache watchpack@https://registry.npmjs.org/watchpack/-/watchpack-2.5.1.tgz 0ms (cache hit)
515 http cache vite-tsconfig-paths@https://registry.npmjs.org/vite-tsconfig-paths/-/vite-tsconfig-paths-6.1.1.tgz 0ms (cache hit)
516 http cache vitefu@https://registry.npmjs.org/vitefu/-/vitefu-1.1.3.tgz 0ms (cache hit)
517 http cache vite-plugin-dynamic-import@https://registry.npmjs.org/vite-plugin-dynamic-import/-/vite-plugin-dynamic-import-1.6.0.tgz 0ms (cache hit)
518 http cache webpack-sources@https://registry.npmjs.org/webpack-sources/-/webpack-sources-3.4.1.tgz 0ms (cache hit)
519 http cache vite@https://registry.npmjs.org/vite/-/vite-8.0.13.tgz 0ms (cache hit)
520 http cache vite-plugin-commonjs@https://registry.npmjs.org/vite-plugin-commonjs/-/vite-plugin-commonjs-0.10.4.tgz 0ms (cache hit)
521 http cache vinext@https://registry.npmjs.org/vinext/-/vinext-0.0.50.tgz 0ms (cache hit)
522 http cache update-browserslist-db@https://registry.npmjs.org/update-browserslist-db/-/update-browserslist-db-1.2.3.tgz 0ms (cache hit)
523 http cache unrs-resolver@https://registry.npmjs.org/unrs-resolver/-/unrs-resolver-1.11.1.tgz 0ms (cache hit)
524 http cache unpic@https://registry.npmjs.org/unpic/-/unpic-4.2.2.tgz 0ms (cache hit)
525 http cache unicode-trie@https://registry.npmjs.org/unicode-trie/-/unicode-trie-2.0.0.tgz 0ms (cache hit)
526 http cache unenv@https://registry.npmjs.org/unenv/-/unenv-2.0.0-rc.24.tgz 0ms (cache hit)
527 http cache webpack@https://registry.npmjs.org/webpack/-/webpack-5.106.2.tgz 0ms (cache hit)
528 http cache undici-types@https://registry.npmjs.org/undici-types/-/undici-types-6.21.0.tgz 0ms (cache hit)
529 http cache unbox-primitive@https://registry.npmjs.org/unbox-primitive/-/unbox-primitive-1.1.0.tgz 0ms (cache hit)
530 http cache undici@https://registry.npmjs.org/undici/-/undici-7.24.8.tgz 0ms (cache hit)
531 http cache typed-array-length@https://registry.npmjs.org/typed-array-length/-/typed-array-length-1.0.7.tgz 0ms (cache hit)
532 http cache typescript@https://registry.npmjs.org/typescript/-/typescript-5.9.3.tgz 0ms (cache hit)
533 http cache typescript-eslint@https://registry.npmjs.org/typescript-eslint/-/typescript-eslint-8.59.3.tgz 0ms (cache hit)
534 http cache typed-array-byte-offset@https://registry.npmjs.org/typed-array-byte-offset/-/typed-array-byte-offset-1.0.4.tgz 0ms (cache hit)
535 http cache typed-array-byte-length@https://registry.npmjs.org/typed-array-byte-length/-/typed-array-byte-length-1.0.3.tgz 0ms (cache hit)
536 http cache type-check@https://registry.npmjs.org/type-check/-/type-check-0.4.0.tgz 0ms (cache hit)
537 http cache turbo-stream@https://registry.npmjs.org/turbo-stream/-/turbo-stream-3.2.0.tgz 0ms (cache hit)
538 http cache tsconfck@https://registry.npmjs.org/tsconfck/-/tsconfck-3.1.6.tgz 0ms (cache hit)
539 http cache tsx@https://registry.npmjs.org/tsx/-/tsx-4.22.1.tgz 0ms (cache hit)
540 http cache tsconfig-paths@https://registry.npmjs.org/tsconfig-paths/-/tsconfig-paths-3.15.0.tgz 0ms (cache hit)
541 http cache tinyglobby@https://registry.npmjs.org/tinyglobby/-/tinyglobby-0.2.16.tgz 0ms (cache hit)
542 http cache terser-webpack-plugin@https://registry.npmjs.org/terser-webpack-plugin/-/terser-webpack-plugin-5.6.0.tgz 0ms (cache hit)
543 http cache ts-api-utils@https://registry.npmjs.org/ts-api-utils/-/ts-api-utils-2.5.0.tgz 0ms (cache hit)
544 http cache terser@https://registry.npmjs.org/terser/-/terser-5.47.1.tgz 0ms (cache hit)
545 http cache tailwindcss@https://registry.npmjs.org/tailwindcss/-/tailwindcss-4.2.1.tgz 0ms (cache hit)
546 http cache tapable@https://registry.npmjs.org/tapable/-/tapable-2.3.3.tgz 0ms (cache hit)
547 http cache supports-preserve-symlinks-flag@https://registry.npmjs.org/supports-preserve-symlinks-flag/-/supports-preserve-symlinks-flag-1.0.0.tgz 0ms (cache hit)
548 http cache styled-jsx@https://registry.npmjs.org/styled-jsx/-/styled-jsx-5.1.6.tgz 0ms (cache hit)
549 http cache tiny-inflate@https://registry.npmjs.org/tiny-inflate/-/tiny-inflate-1.0.3.tgz 0ms (cache hit)
550 http cache strip-literal@https://registry.npmjs.org/strip-literal/-/strip-literal-3.1.0.tgz 0ms (cache hit)
551 http cache strip-json-comments@https://registry.npmjs.org/strip-json-comments/-/strip-json-comments-3.1.1.tgz 0ms (cache hit)
552 http cache string.prototype.trimstart@https://registry.npmjs.org/string.prototype.trimstart/-/string.prototype.trimstart-1.0.8.tgz 0ms (cache hit)
553 http cache string.prototype.trimend@https://registry.npmjs.org/string.prototype.trimend/-/string.prototype.trimend-1.0.9.tgz 0ms (cache hit)
554 http cache string.prototype.repeat@https://registry.npmjs.org/string.prototype.repeat/-/string.prototype.repeat-1.0.0.tgz 0ms (cache hit)
555 http cache string.prototype.trim@https://registry.npmjs.org/string.prototype.trim/-/string.prototype.trim-1.2.10.tgz 0ms (cache hit)
556 http cache string.prototype.matchall@https://registry.npmjs.org/string.prototype.matchall/-/string.prototype.matchall-4.0.12.tgz 0ms (cache hit)
557 http cache string.prototype.includes@https://registry.npmjs.org/string.prototype.includes/-/string.prototype.includes-2.0.1.tgz 0ms (cache hit)
558 http cache string.prototype.codepointat@https://registry.npmjs.org/string.prototype.codepointat/-/string.prototype.codepointat-0.2.1.tgz 0ms (cache hit)
559 http cache stable-hash@https://registry.npmjs.org/stable-hash/-/stable-hash-0.0.5.tgz 0ms (cache hit)
560 http cache srvx@https://registry.npmjs.org/srvx/-/srvx-0.11.15.tgz 0ms (cache hit)
561 http cache stop-iteration-iterator@https://registry.npmjs.org/stop-iteration-iterator/-/stop-iteration-iterator-1.1.0.tgz 0ms (cache hit)
562 http cache source-map-support@https://registry.npmjs.org/source-map-support/-/source-map-support-0.5.21.tgz 0ms (cache hit)
563 http cache side-channel-map@https://registry.npmjs.org/side-channel-map/-/side-channel-map-1.0.1.tgz 0ms (cache hit)
564 http cache side-channel-weakmap@https://registry.npmjs.org/side-channel-weakmap/-/side-channel-weakmap-1.0.2.tgz 0ms (cache hit)
565 http cache side-channel-list@https://registry.npmjs.org/side-channel-list/-/side-channel-list-1.0.1.tgz 0ms (cache hit)
566 http cache side-channel@https://registry.npmjs.org/side-channel/-/side-channel-1.1.0.tgz 0ms (cache hit)
567 http cache sharp@https://registry.npmjs.org/sharp/-/sharp-0.34.5.tgz 0ms (cache hit)
568 http cache semver@https://registry.npmjs.org/semver/-/semver-6.3.1.tgz 0ms (cache hit)
569 http cache set-function-name@https://registry.npmjs.org/set-function-name/-/set-function-name-2.0.2.tgz 0ms (cache hit)
570 http cache scheduler@https://registry.npmjs.org/scheduler/-/scheduler-0.27.0.tgz 0ms (cache hit)
571 http cache schema-utils@https://registry.npmjs.org/schema-utils/-/schema-utils-4.3.3.tgz 0ms (cache hit)
572 http cache satori@https://registry.npmjs.org/satori/-/satori-0.16.0.tgz 0ms (cache hit)
573 http cache safe-array-concat@https://registry.npmjs.org/safe-array-concat/-/safe-array-concat-1.1.4.tgz 0ms (cache hit)
574 http cache rolldown@https://registry.npmjs.org/rolldown/-/rolldown-1.0.1.tgz 0ms (cache hit)
575 http cache resolve-pkg-maps@https://registry.npmjs.org/resolve-pkg-maps/-/resolve-pkg-maps-1.0.0.tgz 0ms (cache hit)
576 http cache resolve@https://registry.npmjs.org/resolve/-/resolve-2.0.0-next.7.tgz 0ms (cache hit)
577 http cache regexp.prototype.flags@https://registry.npmjs.org/regexp.prototype.flags/-/regexp.prototype.flags-1.5.4.tgz 0ms (cache hit)
578 http cache safe-push-apply@https://registry.npmjs.org/safe-push-apply/-/safe-push-apply-1.0.0.tgz 0ms (cache hit)
579 http cache react-server-dom-webpack@https://registry.npmjs.org/react-server-dom-webpack/-/react-server-dom-webpack-19.2.6.tgz 0ms (cache hit)
580 http cache reflect.getprototypeof@https://registry.npmjs.org/reflect.getprototypeof/-/reflect.getprototypeof-1.0.10.tgz 0ms (cache hit)
581 http cache react-loading-skeleton@https://registry.npmjs.org/react-loading-skeleton/-/react-loading-skeleton-3.5.0.tgz 0ms (cache hit)
582 http cache react-is@https://registry.npmjs.org/react-is/-/react-is-16.13.1.tgz 0ms (cache hit)
583 http cache react-dom@https://registry.npmjs.org/react-dom/-/react-dom-19.2.6.tgz 0ms (cache hit)
584 http cache react@https://registry.npmjs.org/react/-/react-19.2.6.tgz 0ms (cache hit)
585 http cache prop-types@https://registry.npmjs.org/prop-types/-/prop-types-15.8.1.tgz 0ms (cache hit)
586 http cache postcss-value-parser@https://registry.npmjs.org/postcss-value-parser/-/postcss-value-parser-4.2.0.tgz 0ms (cache hit)
587 http cache prelude-ls@https://registry.npmjs.org/prelude-ls/-/prelude-ls-1.2.1.tgz 0ms (cache hit)
588 http cache postcss@https://registry.npmjs.org/postcss/-/postcss-8.5.14.tgz 0ms (cache hit)
589 http cache pathe@https://registry.npmjs.org/pathe/-/pathe-2.0.3.tgz 0ms (cache hit)
590 http cache path-parse@https://registry.npmjs.org/path-parse/-/path-parse-1.0.7.tgz 0ms (cache hit)
591 http cache path-to-regexp@https://registry.npmjs.org/path-to-regexp/-/path-to-regexp-6.3.0.tgz 0ms (cache hit)
592 http cache set-proto@https://registry.npmjs.org/set-proto/-/set-proto-1.0.0.tgz 0ms (cache hit)
593 http cache parse-css-color@https://registry.npmjs.org/parse-css-color/-/parse-css-color-0.2.1.tgz 0ms (cache hit)
594 http cache p-locate@https://registry.npmjs.org/p-locate/-/p-locate-5.0.0.tgz 0ms (cache hit)
595 http cache path-exists@https://registry.npmjs.org/path-exists/-/path-exists-4.0.0.tgz 0ms (cache hit)
596 http cache own-keys@https://registry.npmjs.org/own-keys/-/own-keys-1.0.1.tgz 0ms (cache hit)
597 http cache object.values@https://registry.npmjs.org/object.values/-/object.values-1.2.1.tgz 0ms (cache hit)
598 http cache optionator@https://registry.npmjs.org/optionator/-/optionator-0.9.4.tgz 0ms (cache hit)
599 http cache object.groupby@https://registry.npmjs.org/object.groupby/-/object.groupby-1.0.3.tgz 0ms (cache hit)
600 http cache object.fromentries@https://registry.npmjs.org/object.fromentries/-/object.fromentries-2.0.8.tgz 0ms (cache hit)
601 http cache object-inspect@https://registry.npmjs.org/object-inspect/-/object-inspect-1.13.4.tgz 0ms (cache hit)
602 http cache object.assign@https://registry.npmjs.org/object.assign/-/object.assign-4.1.7.tgz 0ms (cache hit)
603 http cache p-limit@https://registry.npmjs.org/p-limit/-/p-limit-3.1.0.tgz 0ms (cache hit)
604 http cache pako@https://registry.npmjs.org/pako/-/pako-0.2.9.tgz 0ms (cache hit)
605 http cache object.entries@https://registry.npmjs.org/object.entries/-/object.entries-1.1.9.tgz 0ms (cache hit)
606 http cache node-exports-info@https://registry.npmjs.org/node-exports-info/-/node-exports-info-1.6.0.tgz 0ms (cache hit)
607 http cache natural-compare@https://registry.npmjs.org/natural-compare/-/natural-compare-1.4.0.tgz 0ms (cache hit)
608 http cache next@https://registry.npmjs.org/next/-/next-16.2.6.tgz 0ms (cache hit)
609 http cache nanoid@https://registry.npmjs.org/nanoid/-/nanoid-3.3.12.tgz 0ms (cache hit)
610 http cache napi-postinstall@https://registry.npmjs.org/napi-postinstall/-/napi-postinstall-0.3.4.tgz 0ms (cache hit)
611 http cache object-keys@https://registry.npmjs.org/object-keys/-/object-keys-1.1.1.tgz 0ms (cache hit)
612 http cache miniflare@https://registry.npmjs.org/miniflare/-/miniflare-4.20260515.0.tgz 0ms (cache hit)
613 http cache mime-db@https://registry.npmjs.org/mime-db/-/mime-db-1.54.0.tgz 0ms (cache hit)
614 http cache merge-stream@https://registry.npmjs.org/merge-stream/-/merge-stream-2.0.0.tgz 0ms (cache hit)
615 http cache lru-cache@https://registry.npmjs.org/lru-cache/-/lru-cache-5.1.1.tgz 0ms (cache hit)
616 http cache loose-envify@https://registry.npmjs.org/loose-envify/-/loose-envify-1.4.0.tgz 0ms (cache hit)
617 http cache locate-path@https://registry.npmjs.org/locate-path/-/locate-path-6.0.0.tgz 0ms (cache hit)
618 http cache lodash.merge@https://registry.npmjs.org/lodash.merge/-/lodash.merge-4.6.2.tgz 0ms (cache hit)
619 http cache linebreak@https://registry.npmjs.org/linebreak/-/linebreak-1.1.0.tgz 0ms (cache hit)
620 http cache lightningcss-win32-x64-msvc@https://registry.npmjs.org/lightningcss-win32-x64-msvc/-/lightningcss-win32-x64-msvc-1.31.1.tgz 0ms (cache hit)
621 http cache loader-runner@https://registry.npmjs.org/loader-runner/-/loader-runner-4.3.2.tgz 0ms (cache hit)
622 http cache levn@https://registry.npmjs.org/levn/-/levn-0.4.1.tgz 0ms (cache hit)
623 http cache lightningcss@https://registry.npmjs.org/lightningcss/-/lightningcss-1.31.1.tgz 0ms (cache hit)
624 http cache language-tags@https://registry.npmjs.org/language-tags/-/language-tags-1.0.9.tgz 0ms (cache hit)
625 http cache kleur@https://registry.npmjs.org/kleur/-/kleur-4.1.5.tgz 0ms (cache hit)
626 http cache keyv@https://registry.npmjs.org/keyv/-/keyv-4.5.4.tgz 0ms (cache hit)
627 http cache node-releases@https://registry.npmjs.org/node-releases/-/node-releases-2.0.44.tgz 0ms (cache hit)
628 http cache jsx-ast-utils@https://registry.npmjs.org/jsx-ast-utils/-/jsx-ast-utils-3.3.5.tgz 0ms (cache hit)
629 http cache json5@https://registry.npmjs.org/json5/-/json5-2.2.3.tgz 0ms (cache hit)
630 http cache json-buffer@https://registry.npmjs.org/json-buffer/-/json-buffer-3.0.1.tgz 0ms (cache hit)
631 http cache json-stable-stringify-without-jsonify@https://registry.npmjs.org/json-stable-stringify-without-jsonify/-/json-stable-stringify-without-jsonify-1.0.1.tgz 0ms (cache hit)
632 http cache jsesc@https://registry.npmjs.org/jsesc/-/jsesc-3.1.0.tgz 0ms (cache hit)
633 http cache js-yaml@https://registry.npmjs.org/js-yaml/-/js-yaml-4.1.1.tgz 0ms (cache hit)
634 http cache jest-worker@https://registry.npmjs.org/jest-worker/-/jest-worker-27.5.1.tgz 0ms (cache hit)
635 http cache jiti@https://registry.npmjs.org/jiti/-/jiti-2.7.0.tgz 0ms (cache hit)
636 http cache iterator.prototype@https://registry.npmjs.org/iterator.prototype/-/iterator.prototype-1.1.5.tgz 0ms (cache hit)
637 http cache is-weakset@https://registry.npmjs.org/is-weakset/-/is-weakset-2.0.4.tgz 0ms (cache hit)
638 http cache is-weakmap@https://registry.npmjs.org/is-weakmap/-/is-weakmap-2.0.2.tgz 0ms (cache hit)
639 http cache is-symbol@https://registry.npmjs.org/is-symbol/-/is-symbol-1.1.1.tgz 0ms (cache hit)
640 http cache is-weakref@https://registry.npmjs.org/is-weakref/-/is-weakref-1.1.1.tgz 0ms (cache hit)
641 http cache is-string@https://registry.npmjs.org/is-string/-/is-string-1.1.1.tgz 0ms (cache hit)
642 http cache is-set@https://registry.npmjs.org/is-set/-/is-set-2.0.3.tgz 0ms (cache hit)
643 http cache is-shared-array-buffer@https://registry.npmjs.org/is-shared-array-buffer/-/is-shared-array-buffer-1.0.4.tgz 0ms (cache hit)
644 http cache is-number-object@https://registry.npmjs.org/is-number-object/-/is-number-object-1.1.1.tgz 0ms (cache hit)
645 http cache is-map@https://registry.npmjs.org/is-map/-/is-map-2.0.3.tgz 0ms (cache hit)
646 http cache is-finalizationregistry@https://registry.npmjs.org/is-finalizationregistry/-/is-finalizationregistry-1.1.1.tgz 0ms (cache hit)
647 http cache is-negative-zero@https://registry.npmjs.org/is-negative-zero/-/is-negative-zero-2.0.3.tgz 0ms (cache hit)
648 http cache is-date-object@https://registry.npmjs.org/is-date-object/-/is-date-object-1.1.0.tgz 0ms (cache hit)
649 http cache is-data-view@https://registry.npmjs.org/is-data-view/-/is-data-view-1.0.2.tgz 0ms (cache hit)
650 http cache is-boolean-object@https://registry.npmjs.org/is-boolean-object/-/is-boolean-object-1.2.2.tgz 0ms (cache hit)
651 http cache is-core-module@https://registry.npmjs.org/is-core-module/-/is-core-module-2.16.2.tgz 0ms (cache hit)
652 http cache is-async-function@https://registry.npmjs.org/is-async-function/-/is-async-function-2.1.1.tgz 0ms (cache hit)
653 http cache language-subtag-registry@https://registry.npmjs.org/language-subtag-registry/-/language-subtag-registry-0.3.23.tgz 0ms (cache hit)
654 http cache is-bun-module@https://registry.npmjs.org/is-bun-module/-/is-bun-module-2.0.0.tgz 0ms (cache hit)
655 http cache is-bigint@https://registry.npmjs.org/is-bigint/-/is-bigint-1.1.0.tgz 0ms (cache hit)
656 http cache is-array-buffer@https://registry.npmjs.org/is-array-buffer/-/is-array-buffer-3.0.5.tgz 0ms (cache hit)
657 http cache ipaddr.js@https://registry.npmjs.org/ipaddr.js/-/ipaddr.js-2.4.0.tgz 0ms (cache hit)
658 http cache internal-slot@https://registry.npmjs.org/internal-slot/-/internal-slot-1.1.0.tgz 0ms (cache hit)
659 http cache imurmurhash@https://registry.npmjs.org/imurmurhash/-/imurmurhash-0.1.4.tgz 0ms (cache hit)
660 http cache hex-rgb@https://registry.npmjs.org/hex-rgb/-/hex-rgb-4.3.0.tgz 0ms (cache hit)
661 http cache hermes-parser@https://registry.npmjs.org/hermes-parser/-/hermes-parser-0.25.1.tgz 0ms (cache hit)
662 http cache image-size@https://registry.npmjs.org/image-size/-/image-size-2.0.2.tgz 0ms (cache hit)
663 http cache hermes-estree@https://registry.npmjs.org/hermes-estree/-/hermes-estree-0.25.1.tgz 0ms (cache hit)
664 http cache has-proto@https://registry.npmjs.org/has-proto/-/has-proto-1.2.0.tgz 0ms (cache hit)
665 http cache has-bigints@https://registry.npmjs.org/has-bigints/-/has-bigints-1.1.0.tgz 0ms (cache hit)
666 http cache globalthis@https://registry.npmjs.org/globalthis/-/globalthis-1.0.4.tgz 0ms (cache hit)
667 http cache glob-to-regexp@https://registry.npmjs.org/glob-to-regexp/-/glob-to-regexp-0.4.1.tgz 0ms (cache hit)
668 http cache globals@https://registry.npmjs.org/globals/-/globals-14.0.0.tgz 0ms (cache hit)
669 http cache glob-parent@https://registry.npmjs.org/glob-parent/-/glob-parent-6.0.2.tgz 0ms (cache hit)
670 http cache get-tsconfig@https://registry.npmjs.org/get-tsconfig/-/get-tsconfig-4.14.0.tgz 0ms (cache hit)
671 http cache get-symbol-description@https://registry.npmjs.org/get-symbol-description/-/get-symbol-description-1.1.0.tgz 0ms (cache hit)
672 http cache gensync@https://registry.npmjs.org/gensync/-/gensync-1.0.0-beta.2.tgz 0ms (cache hit)
673 http cache function.prototype.name@https://registry.npmjs.org/function.prototype.name/-/function.prototype.name-1.1.8.tgz 0ms (cache hit)
674 http cache globrex@https://registry.npmjs.org/globrex/-/globrex-0.1.2.tgz 0ms (cache hit)
675 http cache flatted@https://registry.npmjs.org/flatted/-/flatted-3.4.2.tgz 0ms (cache hit)
676 http cache functions-have-names@https://registry.npmjs.org/functions-have-names/-/functions-have-names-1.2.3.tgz 0ms (cache hit)
677 http cache flat-cache@https://registry.npmjs.org/flat-cache/-/flat-cache-4.0.1.tgz 0ms (cache hit)
678 http cache file-entry-cache@https://registry.npmjs.org/file-entry-cache/-/file-entry-cache-8.0.0.tgz 0ms (cache hit)
679 http cache find-up@https://registry.npmjs.org/find-up/-/find-up-5.0.0.tgz 0ms (cache hit)
680 http cache fflate@https://registry.npmjs.org/fflate/-/fflate-0.7.4.tgz 0ms (cache hit)
681 http cache events@https://registry.npmjs.org/events/-/events-3.3.0.tgz 0ms (cache hit)
682 http cache fast-glob@https://registry.npmjs.org/fast-glob/-/fast-glob-3.3.1.tgz 0ms (cache hit)
683 http cache estree-walker@https://registry.npmjs.org/estree-walker/-/estree-walker-3.0.3.tgz 0ms (cache hit)
684 http cache esrecurse@https://registry.npmjs.org/esrecurse/-/esrecurse-4.3.0.tgz 0ms (cache hit)
685 http cache hasown@https://registry.npmjs.org/hasown/-/hasown-2.0.3.tgz 0ms (cache hit)
686 http cache espree@https://registry.npmjs.org/espree/-/espree-10.4.0.tgz 0ms (cache hit)
687 http cache eslint-visitor-keys@https://registry.npmjs.org/eslint-visitor-keys/-/eslint-visitor-keys-4.2.1.tgz 0ms (cache hit)
688 http cache fast-levenshtein@https://registry.npmjs.org/fast-levenshtein/-/fast-levenshtein-2.0.6.tgz 0ms (cache hit)
689 http cache esquery@https://registry.npmjs.org/esquery/-/esquery-1.7.0.tgz 0ms (cache hit)
690 http cache eslint-scope@https://registry.npmjs.org/eslint-scope/-/eslint-scope-8.4.0.tgz 0ms (cache hit)
691 http cache eslint-plugin-react-hooks@https://registry.npmjs.org/eslint-plugin-react-hooks/-/eslint-plugin-react-hooks-7.1.1.tgz 0ms (cache hit)
692 http cache eslint-plugin-react@https://registry.npmjs.org/eslint-plugin-react/-/eslint-plugin-react-7.37.5.tgz 0ms (cache hit)
693 http cache eslint-plugin-jsx-a11y@https://registry.npmjs.org/eslint-plugin-jsx-a11y/-/eslint-plugin-jsx-a11y-6.10.2.tgz 0ms (cache hit)
694 http cache eslint-plugin-import@https://registry.npmjs.org/eslint-plugin-import/-/eslint-plugin-import-2.32.0.tgz 0ms (cache hit)
695 http cache eslint-import-resolver-typescript@https://registry.npmjs.org/eslint-import-resolver-typescript/-/eslint-import-resolver-typescript-3.10.1.tgz 0ms (cache hit)
696 http cache eslint-module-utils@https://registry.npmjs.org/eslint-module-utils/-/eslint-module-utils-2.12.1.tgz 0ms (cache hit)
697 http cache escape-html@https://registry.npmjs.org/escape-html/-/escape-html-1.0.3.tgz 0ms (cache hit)
698 http cache eslint-config-next@https://registry.npmjs.org/eslint-config-next/-/eslint-config-next-16.2.6.tgz 0ms (cache hit)
699 http cache esbuild@https://registry.npmjs.org/esbuild/-/esbuild-0.28.0.tgz 0ms (cache hit)
700 http cache eslint-import-resolver-node@https://registry.npmjs.org/eslint-import-resolver-node/-/eslint-import-resolver-node-0.3.10.tgz 0ms (cache hit)
701 http cache eslint@https://registry.npmjs.org/eslint/-/eslint-9.39.4.tgz 0ms (cache hit)
702 http cache es-to-primitive@https://registry.npmjs.org/es-to-primitive/-/es-to-primitive-1.3.0.tgz 0ms (cache hit)
703 http cache es-shim-unscopables@https://registry.npmjs.org/es-shim-unscopables/-/es-shim-unscopables-1.1.0.tgz 0ms (cache hit)
704 http cache es-object-atoms@https://registry.npmjs.org/es-object-atoms/-/es-object-atoms-1.1.1.tgz 0ms (cache hit)
705 http cache es-module-lexer@https://registry.npmjs.org/es-module-lexer/-/es-module-lexer-2.1.0.tgz 0ms (cache hit)
706 http cache error-stack-parser-es@https://registry.npmjs.org/error-stack-parser-es/-/error-stack-parser-es-1.0.5.tgz 0ms (cache hit)
707 http cache es-abstract@https://registry.npmjs.org/es-abstract/-/es-abstract-1.24.2.tgz 0ms (cache hit)
708 http cache es-iterator-helpers@https://registry.npmjs.org/es-iterator-helpers/-/es-iterator-helpers-1.3.2.tgz 0ms (cache hit)
709 http cache emoji-regex-xs@https://registry.npmjs.org/emoji-regex-xs/-/emoji-regex-xs-2.0.1.tgz 0ms (cache hit)
710 http cache enhanced-resolve@https://registry.npmjs.org/enhanced-resolve/-/enhanced-resolve-5.21.3.tgz 0ms (cache hit)
711 http cache electron-to-chromium@https://registry.npmjs.org/electron-to-chromium/-/electron-to-chromium-1.5.358.tgz 0ms (cache hit)
712 http cache drizzle-orm@https://registry.npmjs.org/drizzle-orm/-/drizzle-orm-0.45.2.tgz 0ms (cache hit)
713 http cache drizzle-kit@https://registry.npmjs.org/drizzle-kit/-/drizzle-kit-0.31.10.tgz 0ms (cache hit)
714 http cache emoji-regex@https://registry.npmjs.org/emoji-regex/-/emoji-regex-9.2.2.tgz 0ms (cache hit)
715 http cache detect-libc@https://registry.npmjs.org/detect-libc/-/detect-libc-2.1.2.tgz 0ms (cache hit)
716 http cache deep-is@https://registry.npmjs.org/deep-is/-/deep-is-0.1.4.tgz 0ms (cache hit)
717 http cache define-properties@https://registry.npmjs.org/define-properties/-/define-properties-1.2.1.tgz 0ms (cache hit)
718 http cache data-view-byte-length@https://registry.npmjs.org/data-view-byte-length/-/data-view-byte-length-1.0.2.tgz 0ms (cache hit)
719 http cache data-view-byte-offset@https://registry.npmjs.org/data-view-byte-offset/-/data-view-byte-offset-1.0.1.tgz 0ms (cache hit)
720 http cache data-view-buffer@https://registry.npmjs.org/data-view-buffer/-/data-view-buffer-1.0.2.tgz 0ms (cache hit)
721 http cache css-to-react-native@https://registry.npmjs.org/css-to-react-native/-/css-to-react-native-3.2.0.tgz 0ms (cache hit)
722 http cache damerau-levenshtein@https://registry.npmjs.org/damerau-levenshtein/-/damerau-levenshtein-1.0.8.tgz 0ms (cache hit)
723 http cache css-gradient-parser@https://registry.npmjs.org/css-gradient-parser/-/css-gradient-parser-0.0.16.tgz 0ms (cache hit)
724 http cache css-box-shadow@https://registry.npmjs.org/css-box-shadow/-/css-box-shadow-1.0.0-3.tgz 1ms (cache hit)
725 http cache css-background-parser@https://registry.npmjs.org/css-background-parser/-/css-background-parser-0.1.0.tgz 0ms (cache hit)
726 http cache css-color-keywords@https://registry.npmjs.org/css-color-keywords/-/css-color-keywords-1.0.0.tgz 0ms (cache hit)
727 http cache cookie@https://registry.npmjs.org/cookie/-/cookie-1.1.1.tgz 0ms (cache hit)
728 http cache convert-source-map@https://registry.npmjs.org/convert-source-map/-/convert-source-map-2.0.0.tgz 0ms (cache hit)
729 http cache caniuse-lite@https://registry.npmjs.org/caniuse-lite/-/caniuse-lite-1.0.30001793.tgz 0ms (cache hit)
730 http cache client-only@https://registry.npmjs.org/client-only/-/client-only-0.0.1.tgz 0ms (cache hit)
731 http cache chrome-trace-event@https://registry.npmjs.org/chrome-trace-event/-/chrome-trace-event-1.0.4.tgz 0ms (cache hit)
732 http cache buffer-from@https://registry.npmjs.org/buffer-from/-/buffer-from-1.1.2.tgz 0ms (cache hit)
733 http cache doctrine@https://registry.npmjs.org/doctrine/-/doctrine-2.1.0.tgz 0ms (cache hit)
734 http cache browserslist@https://registry.npmjs.org/browserslist/-/browserslist-4.28.2.tgz 0ms (cache hit)
735 http cache camelize@https://registry.npmjs.org/camelize/-/camelize-1.0.1.tgz 0ms (cache hit)
736 http cache blake3-wasm@https://registry.npmjs.org/blake3-wasm/-/blake3-wasm-2.1.5.tgz 0ms (cache hit)
737 http cache brace-expansion@https://registry.npmjs.org/brace-expansion/-/brace-expansion-1.1.14.tgz 0ms (cache hit)
738 http cache base64-js@https://registry.npmjs.org/base64-js/-/base64-js-0.0.8.tgz 0ms (cache hit)
739 http cache baseline-browser-mapping@https://registry.npmjs.org/baseline-browser-mapping/-/baseline-browser-mapping-2.10.30.tgz 0ms (cache hit)
740 http cache axobject-query@https://registry.npmjs.org/axobject-query/-/axobject-query-4.1.0.tgz 0ms (cache hit)
741 http cache ast-types-flow@https://registry.npmjs.org/ast-types-flow/-/ast-types-flow-0.0.8.tgz 0ms (cache hit)
742 http cache axe-core@https://registry.npmjs.org/axe-core/-/axe-core-4.11.4.tgz 0ms (cache hit)
743 http cache async-function@https://registry.npmjs.org/async-function/-/async-function-1.0.0.tgz 0ms (cache hit)
744 http cache array.prototype.flatmap@https://registry.npmjs.org/array.prototype.flatmap/-/array.prototype.flatmap-1.3.3.tgz 0ms (cache hit)
745 http cache array.prototype.flat@https://registry.npmjs.org/array.prototype.flat/-/array.prototype.flat-1.3.3.tgz 0ms (cache hit)
746 http cache array.prototype.tosorted@https://registry.npmjs.org/array.prototype.tosorted/-/array.prototype.tosorted-1.1.4.tgz 0ms (cache hit)
747 http cache arraybuffer.prototype.slice@https://registry.npmjs.org/arraybuffer.prototype.slice/-/arraybuffer.prototype.slice-1.0.4.tgz 0ms (cache hit)
748 http cache array.prototype.findlastindex@https://registry.npmjs.org/array.prototype.findlastindex/-/array.prototype.findlastindex-1.2.6.tgz 0ms (cache hit)
749 http cache array-includes@https://registry.npmjs.org/array-includes/-/array-includes-3.1.9.tgz 0ms (cache hit)
750 http cache array-buffer-byte-length@https://registry.npmjs.org/array-buffer-byte-length/-/array-buffer-byte-length-1.0.2.tgz 0ms (cache hit)
751 http cache array.prototype.findlast@https://registry.npmjs.org/array.prototype.findlast/-/array.prototype.findlast-1.2.5.tgz 0ms (cache hit)
752 http cache acorn-jsx@https://registry.npmjs.org/acorn-jsx/-/acorn-jsx-5.3.2.tgz 0ms (cache hit)
753 http cache ajv@https://registry.npmjs.org/ajv/-/ajv-6.15.0.tgz 0ms (cache hit)
754 http cache aria-query@https://registry.npmjs.org/aria-query/-/aria-query-5.3.2.tgz 0ms (cache hit)
755 http cache acorn@https://registry.npmjs.org/acorn/-/acorn-8.16.0.tgz 0ms (cache hit)
756 http cache acorn-import-phases@https://registry.npmjs.org/acorn-import-phases/-/acorn-import-phases-1.0.4.tgz 0ms (cache hit)
757 http cache balanced-match@https://registry.npmjs.org/balanced-match/-/balanced-match-4.0.4.tgz 0ms (cache hit)
758 http cache acorn-loose@https://registry.npmjs.org/acorn-loose/-/acorn-loose-8.5.2.tgz 0ms (cache hit)
759 http cache @rolldown/pluginutils@https://registry.npmjs.org/@rolldown/pluginutils/-/pluginutils-1.0.0-rc.18.tgz 0ms (cache hit)
760 http cache semver@https://registry.npmjs.org/semver/-/semver-7.8.0.tgz 0ms (cache hit)
761 http cache brace-expansion@https://registry.npmjs.org/brace-expansion/-/brace-expansion-5.0.6.tgz 0ms (cache hit)
762 http cache eslint-visitor-keys@https://registry.npmjs.org/eslint-visitor-keys/-/eslint-visitor-keys-5.0.1.tgz 0ms (cache hit)
763 http cache ignore@https://registry.npmjs.org/ignore/-/ignore-7.0.5.tgz 0ms (cache hit)
764 http cache supports-color@https://registry.npmjs.org/supports-color/-/supports-color-10.2.2.tgz 0ms (cache hit)
765 http cache minimatch@https://registry.npmjs.org/minimatch/-/minimatch-10.2.5.tgz 0ms (cache hit)
766 http cache @esbuild/win32-x64@https://registry.npmjs.org/@esbuild/win32-x64/-/win32-x64-0.18.20.tgz 0ms (cache hit)
767 http cache @esbuild/win32-x64@https://registry.npmjs.org/@esbuild/win32-x64/-/win32-x64-0.27.3.tgz 1ms (cache hit)
768 http cache esbuild@https://registry.npmjs.org/esbuild/-/esbuild-0.27.3.tgz 0ms (cache hit)
769 http cache eslint-visitor-keys@https://registry.npmjs.org/eslint-visitor-keys/-/eslint-visitor-keys-3.4.3.tgz 0ms (cache hit)
770 http cache estraverse@https://registry.npmjs.org/estraverse/-/estraverse-4.3.0.tgz 0ms (cache hit)
771 http cache eslint-scope@https://registry.npmjs.org/eslint-scope/-/eslint-scope-5.1.1.tgz 0ms (cache hit)
772 http cache esbuild@https://registry.npmjs.org/esbuild/-/esbuild-0.18.20.tgz 0ms (cache hit)
773 http cache picomatch@https://registry.npmjs.org/picomatch/-/picomatch-4.0.4.tgz 0ms (cache hit)
774 http cache lightningcss@https://registry.npmjs.org/lightningcss/-/lightningcss-1.32.0.tgz 0ms (cache hit)
775 http cache lightningcss-win32-x64-msvc@https://registry.npmjs.org/lightningcss-win32-x64-msvc/-/lightningcss-win32-x64-msvc-1.32.0.tgz 0ms (cache hit)
776 http cache glob-parent@https://registry.npmjs.org/glob-parent/-/glob-parent-5.1.2.tgz 0ms (cache hit)
777 http cache es-module-lexer@https://registry.npmjs.org/es-module-lexer/-/es-module-lexer-1.7.0.tgz 0ms (cache hit)
778 http cache json5@https://registry.npmjs.org/json5/-/json5-1.0.2.tgz 0ms (cache hit)
779 http cache fast-glob@https://registry.npmjs.org/fast-glob/-/fast-glob-3.3.3.tgz 0ms (cache hit)
780 http cache picomatch@https://registry.npmjs.org/picomatch/-/picomatch-4.0.4.tgz 0ms (cache hit)
781 http cache fdir@https://registry.npmjs.org/fdir/-/fdir-6.5.0.tgz 0ms (cache hit)
782 http cache js-tokens@https://registry.npmjs.org/js-tokens/-/js-tokens-9.0.1.tgz 0ms (cache hit)
783 http cache postcss@https://registry.npmjs.org/postcss/-/postcss-8.4.31.tgz 0ms (cache hit)
784 http cache semver@https://registry.npmjs.org/semver/-/semver-7.8.0.tgz 0ms (cache hit)
785 http cache supports-color@https://registry.npmjs.org/supports-color/-/supports-color-8.1.1.tgz 0ms (cache hit)
786 http cache semver@https://registry.npmjs.org/semver/-/semver-7.8.0.tgz 0ms (cache hit)
787 http cache glob-parent@https://registry.npmjs.org/glob-parent/-/glob-parent-5.1.2.tgz 0ms (cache hit)
788 http cache json-schema-traverse@https://registry.npmjs.org/json-schema-traverse/-/json-schema-traverse-1.0.0.tgz 0ms (cache hit)
789 http cache ajv@https://registry.npmjs.org/ajv/-/ajv-8.20.0.tgz 0ms (cache hit)
790 http cache ajv-keywords@https://registry.npmjs.org/ajv-keywords/-/ajv-keywords-5.1.0.tgz 0ms (cache hit)
791 http cache debug@https://registry.npmjs.org/debug/-/debug-3.2.7.tgz 0ms (cache hit)
792 http cache globals@https://registry.npmjs.org/globals/-/globals-16.4.0.tgz 0ms (cache hit)
793 http cache debug@https://registry.npmjs.org/debug/-/debug-3.2.7.tgz 0ms (cache hit)
794 http cache @esbuild/win32-x64@https://registry.npmjs.org/@esbuild/win32-x64/-/win32-x64-0.25.12.tgz 0ms (cache hit)
795 silly tarball no local data for which@https://registry.npmjs.org/which/-/which-2.0.2.tgz. Extracting by manifest.
796 silly tarball no local data for @xtuc/long@https://registry.npmjs.org/@xtuc/long/-/long-4.2.2.tgz. Extracting by manifest.
797 silly tarball no local data for @xtuc/ieee754@https://registry.npmjs.org/@xtuc/ieee754/-/ieee754-1.2.0.tgz. Extracting by manifest.
798 silly tarball no local data for @webassemblyjs/wasm-parser@https://registry.npmjs.org/@webassemblyjs/wasm-parser/-/wasm-parser-1.14.1.tgz. Extracting by manifest.
799 http cache debug@https://registry.npmjs.org/debug/-/debug-3.2.7.tgz 0ms (cache hit)
800 http cache esbuild@https://registry.npmjs.org/esbuild/-/esbuild-0.25.12.tgz 0ms (cache hit)
801 silly tarball no local data for @webassemblyjs/wasm-opt@https://registry.npmjs.org/@webassemblyjs/wasm-opt/-/wasm-opt-1.14.1.tgz. Extracting by manifest.
802 silly tarball no local data for @webassemblyjs/wasm-gen@https://registry.npmjs.org/@webassemblyjs/wasm-gen/-/wasm-gen-1.14.1.tgz. Extracting by manifest.
803 silly tarball no local data for @webassemblyjs/utf8@https://registry.npmjs.org/@webassemblyjs/utf8/-/utf8-1.13.2.tgz. Extracting by manifest.
804 silly tarball no local data for @webassemblyjs/helper-wasm-section@https://registry.npmjs.org/@webassemblyjs/helper-wasm-section/-/helper-wasm-section-1.14.1.tgz. Extracting by manifest.
805 silly tarball no local data for @webassemblyjs/wasm-edit@https://registry.npmjs.org/@webassemblyjs/wasm-edit/-/wasm-edit-1.14.1.tgz. Extracting by manifest.
806 silly tarball no local data for @webassemblyjs/ieee754@https://registry.npmjs.org/@webassemblyjs/ieee754/-/ieee754-1.13.2.tgz. Extracting by manifest.
807 silly tarball no local data for @webassemblyjs/leb128@https://registry.npmjs.org/@webassemblyjs/leb128/-/leb128-1.13.2.tgz. Extracting by manifest.
808 silly tarball no local data for @webassemblyjs/wast-printer@https://registry.npmjs.org/@webassemblyjs/wast-printer/-/wast-printer-1.14.1.tgz. Extracting by manifest.
809 silly tarball no local data for @webassemblyjs/helper-numbers@https://registry.npmjs.org/@webassemblyjs/helper-numbers/-/helper-numbers-1.13.2.tgz. Extracting by manifest.
810 silly tarball no local data for @webassemblyjs/helper-wasm-bytecode@https://registry.npmjs.org/@webassemblyjs/helper-wasm-bytecode/-/helper-wasm-bytecode-1.13.2.tgz. Extracting by manifest.
811 silly tarball no local data for @webassemblyjs/helper-buffer@https://registry.npmjs.org/@webassemblyjs/helper-buffer/-/helper-buffer-1.14.1.tgz. Extracting by manifest.
812 silly tarball no local data for @webassemblyjs/helper-api-error@https://registry.npmjs.org/@webassemblyjs/helper-api-error/-/helper-api-error-1.13.2.tgz. Extracting by manifest.
813 silly tarball no local data for @vitejs/plugin-rsc@https://registry.npmjs.org/@vitejs/plugin-rsc/-/plugin-rsc-0.5.26.tgz. Extracting by manifest.
814 silly tarball no local data for @vercel/og@https://registry.npmjs.org/@vercel/og/-/og-0.8.6.tgz. Extracting by manifest.
815 silly tarball no local data for @webassemblyjs/ast@https://registry.npmjs.org/@webassemblyjs/ast/-/ast-1.14.1.tgz. Extracting by manifest.
816 silly tarball no local data for @unrs/resolver-binding-win32-x64-msvc@https://registry.npmjs.org/@unrs/resolver-binding-win32-x64-msvc/-/resolver-binding-win32-x64-msvc-1.11.1.tgz. Extracting by manifest.
817 silly tarball no local data for @webassemblyjs/floating-point-hex-parser@https://registry.npmjs.org/@webassemblyjs/floating-point-hex-parser/-/floating-point-hex-parser-1.13.2.tgz. Extracting by manifest.
818 silly tarball no local data for @typescript-eslint/typescript-estree@https://registry.npmjs.org/@typescript-eslint/typescript-estree/-/typescript-estree-8.59.3.tgz. Extracting by manifest.
819 silly tarball no local data for @typescript-eslint/types@https://registry.npmjs.org/@typescript-eslint/types/-/types-8.59.3.tgz. Extracting by manifest.
820 silly tarball no local data for @typescript-eslint/utils@https://registry.npmjs.org/@typescript-eslint/utils/-/utils-8.59.3.tgz. Extracting by manifest.
821 silly tarball no local data for @vitejs/plugin-react@https://registry.npmjs.org/@vitejs/plugin-react/-/plugin-react-6.0.2.tgz. Extracting by manifest.
822 silly tarball no local data for @typescript-eslint/type-utils@https://registry.npmjs.org/@typescript-eslint/type-utils/-/type-utils-8.59.3.tgz. Extracting by manifest.
823 silly tarball no local data for @typescript-eslint/tsconfig-utils@https://registry.npmjs.org/@typescript-eslint/tsconfig-utils/-/tsconfig-utils-8.59.3.tgz. Extracting by manifest.
824 silly tarball no local data for @unpic/core@https://registry.npmjs.org/@unpic/core/-/core-1.0.3.tgz. Extracting by manifest.
825 silly tarball no local data for @unpic/react@https://registry.npmjs.org/@unpic/react/-/react-1.0.2.tgz. Extracting by manifest.
826 silly tarball no local data for @typescript-eslint/visitor-keys@https://registry.npmjs.org/@typescript-eslint/visitor-keys/-/visitor-keys-8.59.3.tgz. Extracting by manifest.
827 silly tarball no local data for @typescript-eslint/parser@https://registry.npmjs.org/@typescript-eslint/parser/-/parser-8.59.3.tgz. Extracting by manifest.
828 silly tarball no local data for @typescript-eslint/scope-manager@https://registry.npmjs.org/@typescript-eslint/scope-manager/-/scope-manager-8.59.3.tgz. Extracting by manifest.
829 silly tarball no local data for @typescript-eslint/project-service@https://registry.npmjs.org/@typescript-eslint/project-service/-/project-service-8.59.3.tgz. Extracting by manifest.
830 silly tarball no local data for @typescript-eslint/eslint-plugin@https://registry.npmjs.org/@typescript-eslint/eslint-plugin/-/eslint-plugin-8.59.3.tgz. Extracting by manifest.
831 silly tarball no local data for @types/react-dom@https://registry.npmjs.org/@types/react-dom/-/react-dom-19.2.3.tgz. Extracting by manifest.
832 silly tarball no local data for @types/json5@https://registry.npmjs.org/@types/json5/-/json5-0.0.29.tgz. Extracting by manifest.
833 silly tarball no local data for @types/eslint@https://registry.npmjs.org/@types/eslint/-/eslint-9.6.1.tgz. Extracting by manifest.
834 silly tarball no local data for @types/node@https://registry.npmjs.org/@types/node/-/node-22.19.19.tgz. Extracting by manifest.
835 silly tarball no local data for @tailwindcss/postcss@https://registry.npmjs.org/@tailwindcss/postcss/-/postcss-4.2.1.tgz. Extracting by manifest.
836 silly tarball no local data for @tailwindcss/oxide-win32-x64-msvc@https://registry.npmjs.org/@tailwindcss/oxide-win32-x64-msvc/-/oxide-win32-x64-msvc-4.2.1.tgz. Extracting by manifest.
837 silly tarball no local data for @types/json-schema@https://registry.npmjs.org/@types/json-schema/-/json-schema-7.0.15.tgz. Extracting by manifest.
838 silly tarball no local data for @types/eslint-scope@https://registry.npmjs.org/@types/eslint-scope/-/eslint-scope-3.7.7.tgz. Extracting by manifest.
839 silly tarball no local data for @tybys/wasm-util@https://registry.npmjs.org/@tybys/wasm-util/-/wasm-util-0.10.2.tgz. Extracting by manifest.
840 silly tarball no local data for @tailwindcss/oxide@https://registry.npmjs.org/@tailwindcss/oxide/-/oxide-4.2.1.tgz. Extracting by manifest.
841 silly tarball no local data for @swc/helpers@https://registry.npmjs.org/@swc/helpers/-/helpers-0.5.15.tgz. Extracting by manifest.
842 silly tarball no local data for @types/react@https://registry.npmjs.org/@types/react/-/react-19.2.14.tgz. Extracting by manifest.
843 silly tarball no local data for @tailwindcss/node@https://registry.npmjs.org/@tailwindcss/node/-/node-4.2.1.tgz. Extracting by manifest.
844 silly tarball no local data for @sindresorhus/is@https://registry.npmjs.org/@sindresorhus/is/-/is-7.2.0.tgz. Extracting by manifest.
845 silly tarball no local data for @rolldown/binding-win32-x64-msvc@https://registry.npmjs.org/@rolldown/binding-win32-x64-msvc/-/binding-win32-x64-msvc-1.0.1.tgz. Extracting by manifest.
846 silly tarball no local data for @rtsao/scc@https://registry.npmjs.org/@rtsao/scc/-/scc-1.1.0.tgz. Extracting by manifest.
847 silly tarball no local data for @speed-highlight/core@https://registry.npmjs.org/@speed-highlight/core/-/core-1.2.15.tgz. Extracting by manifest.
848 silly tarball no local data for @resvg/resvg-wasm@https://registry.npmjs.org/@resvg/resvg-wasm/-/resvg-wasm-2.4.0.tgz. Extracting by manifest.
849 silly tarball no local data for @oxc-project/types@https://registry.npmjs.org/@oxc-project/types/-/types-0.130.0.tgz. Extracting by manifest.
850 silly tarball no local data for @shuding/opentype.js@https://registry.npmjs.org/@shuding/opentype.js/-/opentype.js-1.4.0-beta.0.tgz. Extracting by manifest.
851 silly tarball no local data for @nolyfill/is-core-module@https://registry.npmjs.org/@nolyfill/is-core-module/-/is-core-module-1.0.39.tgz. Extracting by manifest.
852 silly tarball no local data for @jridgewell/trace-mapping@https://registry.npmjs.org/@jridgewell/trace-mapping/-/trace-mapping-0.3.31.tgz. Extracting by manifest.
853 silly tarball no local data for @poppinss/exception@https://registry.npmjs.org/@poppinss/exception/-/exception-1.2.3.tgz. Extracting by manifest.
854 silly tarball no local data for @poppinss/dumper@https://registry.npmjs.org/@poppinss/dumper/-/dumper-0.6.5.tgz. Extracting by manifest.
855 silly tarball no local data for @next/swc-win32-x64-msvc@https://registry.npmjs.org/@next/swc-win32-x64-msvc/-/swc-win32-x64-msvc-16.2.6.tgz. Extracting by manifest.
856 silly tarball no local data for @poppinss/colors@https://registry.npmjs.org/@poppinss/colors/-/colors-4.1.6.tgz. Extracting by manifest.
857 silly tarball no local data for @next/eslint-plugin-next@https://registry.npmjs.org/@next/eslint-plugin-next/-/eslint-plugin-next-16.2.6.tgz. Extracting by manifest.
858 silly tarball no local data for @next/env@https://registry.npmjs.org/@next/env/-/env-16.2.6.tgz. Extracting by manifest.
859 silly tarball no local data for @jridgewell/source-map@https://registry.npmjs.org/@jridgewell/source-map/-/source-map-0.3.11.tgz. Extracting by manifest.
860 silly tarball no local data for @jridgewell/gen-mapping@https://registry.npmjs.org/@jridgewell/gen-mapping/-/gen-mapping-0.3.13.tgz. Extracting by manifest.
861 silly tarball no local data for @jridgewell/remapping@https://registry.npmjs.org/@jridgewell/remapping/-/remapping-2.3.5.tgz. Extracting by manifest.
862 silly tarball no local data for @eslint-community/regexpp@https://registry.npmjs.org/@eslint-community/regexpp/-/regexpp-4.12.2.tgz. Extracting by manifest.
863 silly tarball no local data for @humanwhocodes/module-importer@https://registry.npmjs.org/@humanwhocodes/module-importer/-/module-importer-1.0.1.tgz. Extracting by manifest.
864 silly tarball no local data for @eslint-community/eslint-utils@https://registry.npmjs.org/@eslint-community/eslint-utils/-/eslint-utils-4.9.1.tgz. Extracting by manifest.
865 silly tarball no local data for @img/sharp-win32-x64@https://registry.npmjs.org/@img/sharp-win32-x64/-/sharp-win32-x64-0.34.5.tgz. Extracting by manifest.
866 silly tarball no local data for @humanwhocodes/retry@https://registry.npmjs.org/@humanwhocodes/retry/-/retry-0.4.3.tgz. Extracting by manifest.
867 silly tarball no local data for @img/colour@https://registry.npmjs.org/@img/colour/-/colour-1.1.0.tgz. Extracting by manifest.
868 silly tarball no local data for @humanfs/types@https://registry.npmjs.org/@humanfs/types/-/types-0.15.0.tgz. Extracting by manifest.
869 silly tarball no local data for @eslint/plugin-kit@https://registry.npmjs.org/@eslint/plugin-kit/-/plugin-kit-0.4.1.tgz. Extracting by manifest.
870 silly tarball no local data for @humanfs/core@https://registry.npmjs.org/@humanfs/core/-/core-0.19.2.tgz. Extracting by manifest.
871 silly tarball no local data for @humanfs/node@https://registry.npmjs.org/@humanfs/node/-/node-0.16.8.tgz. Extracting by manifest.
872 silly tarball no local data for @eslint/object-schema@https://registry.npmjs.org/@eslint/object-schema/-/object-schema-2.1.7.tgz. Extracting by manifest.
873 silly tarball no local data for @eslint/js@https://registry.npmjs.org/@eslint/js/-/js-9.39.4.tgz. Extracting by manifest.
874 silly tarball no local data for @eslint/eslintrc@https://registry.npmjs.org/@eslint/eslintrc/-/eslintrc-3.3.5.tgz. Extracting by manifest.
875 silly tarball no local data for @eslint/core@https://registry.npmjs.org/@eslint/core/-/core-0.17.0.tgz. Extracting by manifest.
876 silly tarball no local data for @eslint/config-helpers@https://registry.npmjs.org/@eslint/config-helpers/-/config-helpers-0.4.2.tgz. Extracting by manifest.
877 silly tarball no local data for @eslint/config-array@https://registry.npmjs.org/@eslint/config-array/-/config-array-0.21.2.tgz. Extracting by manifest.
878 silly tarball no local data for @drizzle-team/brocli@https://registry.npmjs.org/@drizzle-team/brocli/-/brocli-0.10.2.tgz. Extracting by manifest.
879 silly tarball no local data for @emnapi/wasi-threads@https://registry.npmjs.org/@emnapi/wasi-threads/-/wasi-threads-1.2.1.tgz. Extracting by manifest.
880 silly tarball no local data for @emnapi/runtime@https://registry.npmjs.org/@emnapi/runtime/-/runtime-1.10.0.tgz. Extracting by manifest.
881 silly tarball no local data for @esbuild/win32-x64@https://registry.npmjs.org/@esbuild/win32-x64/-/win32-x64-0.28.0.tgz. Extracting by manifest.
882 silly tarball no local data for @esbuild-kit/esm-loader@https://registry.npmjs.org/@esbuild-kit/esm-loader/-/esm-loader-2.6.5.tgz. Extracting by manifest.
883 silly tarball no local data for @esbuild-kit/core-utils@https://registry.npmjs.org/@esbuild-kit/core-utils/-/core-utils-3.3.2.tgz. Extracting by manifest.
884 silly tarball no local data for @emnapi/core@https://registry.npmjs.org/@emnapi/core/-/core-1.10.0.tgz. Extracting by manifest.
885 silly tarball no local data for @cloudflare/workerd-windows-64@https://registry.npmjs.org/@cloudflare/workerd-windows-64/-/workerd-windows-64-1.20260515.1.tgz. Extracting by manifest.
886 silly tarball no local data for @alloc/quick-lru@https://registry.npmjs.org/@alloc/quick-lru/-/quick-lru-5.2.0.tgz. Extracting by manifest.
887 silly tarball no local data for @cloudflare/vite-plugin@https://registry.npmjs.org/@cloudflare/vite-plugin/-/vite-plugin-1.37.1.tgz. Extracting by manifest.
888 silly tarball no local data for @cloudflare/kv-asset-handler@https://registry.npmjs.org/@cloudflare/kv-asset-handler/-/kv-asset-handler-0.5.0.tgz. Extracting by manifest.
889 silly tarball no local data for @cloudflare/unenv-preset@https://registry.npmjs.org/@cloudflare/unenv-preset/-/unenv-preset-2.16.1.tgz. Extracting by manifest.
890 silly tarball no local data for @babel/helpers@https://registry.npmjs.org/@babel/helpers/-/helpers-7.29.2.tgz. Extracting by manifest.
891 silly tarball no local data for @babel/types@https://registry.npmjs.org/@babel/types/-/types-7.29.0.tgz. Extracting by manifest.
892 silly tarball no local data for @babel/parser@https://registry.npmjs.org/@babel/parser/-/parser-7.29.3.tgz. Extracting by manifest.
893 silly tarball no local data for @babel/helper-validator-option@https://registry.npmjs.org/@babel/helper-validator-option/-/helper-validator-option-7.27.1.tgz. Extracting by manifest.
894 silly tarball no local data for @babel/helper-globals@https://registry.npmjs.org/@babel/helper-globals/-/helper-globals-7.28.0.tgz. Extracting by manifest.
895 silly tarball no local data for @babel/traverse@https://registry.npmjs.org/@babel/traverse/-/traverse-7.29.0.tgz. Extracting by manifest.
896 silly tarball no local data for @babel/helper-string-parser@https://registry.npmjs.org/@babel/helper-string-parser/-/helper-string-parser-7.27.1.tgz. Extracting by manifest.
897 silly tarball no local data for @babel/helper-module-transforms@https://registry.npmjs.org/@babel/helper-module-transforms/-/helper-module-transforms-7.28.6.tgz. Extracting by manifest.
898 silly tarball no local data for @babel/helper-module-imports@https://registry.npmjs.org/@babel/helper-module-imports/-/helper-module-imports-7.28.6.tgz. Extracting by manifest.
899 silly tarball no local data for @babel/generator@https://registry.npmjs.org/@babel/generator/-/generator-7.29.1.tgz. Extracting by manifest.
900 silly tarball no local data for @babel/helper-compilation-targets@https://registry.npmjs.org/@babel/helper-compilation-targets/-/helper-compilation-targets-7.28.6.tgz. Extracting by manifest.
901 silly tarball no local data for @babel/helper-validator-identifier@https://registry.npmjs.org/@babel/helper-validator-identifier/-/helper-validator-identifier-7.28.5.tgz. Extracting by manifest.
902 silly tarball no local data for @babel/compat-data@https://registry.npmjs.org/@babel/compat-data/-/compat-data-7.29.3.tgz. Extracting by manifest.
903 silly tarball no local data for @babel/core@https://registry.npmjs.org/@babel/core/-/core-7.29.0.tgz. Extracting by manifest.
904 silly tarball no local data for @babel/template@https://registry.npmjs.org/@babel/template/-/template-7.28.6.tgz. Extracting by manifest.
905 silly tarball no local data for zod-validation-error@https://registry.npmjs.org/zod-validation-error/-/zod-validation-error-4.0.2.tgz. Extracting by manifest.
906 silly tarball no local data for @babel/code-frame@https://registry.npmjs.org/@babel/code-frame/-/code-frame-7.29.0.tgz. Extracting by manifest.
907 silly tarball no local data for youch-core@https://registry.npmjs.org/youch-core/-/youch-core-0.3.3.tgz. Extracting by manifest.
908 silly tarball no local data for yoga-layout@https://registry.npmjs.org/yoga-layout/-/yoga-layout-3.2.1.tgz. Extracting by manifest.
909 silly tarball no local data for yocto-queue@https://registry.npmjs.org/yocto-queue/-/yocto-queue-0.1.0.tgz. Extracting by manifest.
910 silly tarball no local data for yallist@https://registry.npmjs.org/yallist/-/yallist-3.1.1.tgz. Extracting by manifest.
911 silly tarball no local data for zod@https://registry.npmjs.org/zod/-/zod-4.4.3.tgz. Extracting by manifest.
912 silly tarball no local data for workerd@https://registry.npmjs.org/workerd/-/workerd-1.20260515.1.tgz. Extracting by manifest.
913 silly tarball no local data for ws@https://registry.npmjs.org/ws/-/ws-8.18.0.tgz. Extracting by manifest.
914 silly tarball no local data for word-wrap@https://registry.npmjs.org/word-wrap/-/word-wrap-1.2.5.tgz. Extracting by manifest.
915 silly tarball no local data for youch@https://registry.npmjs.org/youch/-/youch-4.1.0-beta.10.tgz. Extracting by manifest.
916 silly tarball no local data for which-typed-array@https://registry.npmjs.org/which-typed-array/-/which-typed-array-1.1.20.tgz. Extracting by manifest.
917 silly tarball no local data for which-boxed-primitive@https://registry.npmjs.org/which-boxed-primitive/-/which-boxed-primitive-1.1.1.tgz. Extracting by manifest.
918 silly tarball no local data for which-collection@https://registry.npmjs.org/which-collection/-/which-collection-1.0.2.tgz. Extracting by manifest.
919 silly tarball no local data for which-builtin-type@https://registry.npmjs.org/which-builtin-type/-/which-builtin-type-1.2.1.tgz. Extracting by manifest.
920 silly tarball no local data for wrangler@https://registry.npmjs.org/wrangler/-/wrangler-4.92.0.tgz. Extracting by manifest.
921 silly tarball no local data for web-vitals@https://registry.npmjs.org/web-vitals/-/web-vitals-4.2.4.tgz. Extracting by manifest.
922 silly tarball no local data for watchpack@https://registry.npmjs.org/watchpack/-/watchpack-2.5.1.tgz. Extracting by manifest.
923 silly tarball no local data for vite-tsconfig-paths@https://registry.npmjs.org/vite-tsconfig-paths/-/vite-tsconfig-paths-6.1.1.tgz. Extracting by manifest.
924 silly tarball no local data for vitefu@https://registry.npmjs.org/vitefu/-/vitefu-1.1.3.tgz. Extracting by manifest.
925 silly tarball no local data for vite-plugin-dynamic-import@https://registry.npmjs.org/vite-plugin-dynamic-import/-/vite-plugin-dynamic-import-1.6.0.tgz. Extracting by manifest.
926 silly tarball no local data for webpack-sources@https://registry.npmjs.org/webpack-sources/-/webpack-sources-3.4.1.tgz. Extracting by manifest.
927 silly tarball no local data for vite@https://registry.npmjs.org/vite/-/vite-8.0.13.tgz. Extracting by manifest.
928 silly tarball no local data for vite-plugin-commonjs@https://registry.npmjs.org/vite-plugin-commonjs/-/vite-plugin-commonjs-0.10.4.tgz. Extracting by manifest.
929 silly tarball no local data for vinext@https://registry.npmjs.org/vinext/-/vinext-0.0.50.tgz. Extracting by manifest.
930 silly tarball no local data for update-browserslist-db@https://registry.npmjs.org/update-browserslist-db/-/update-browserslist-db-1.2.3.tgz. Extracting by manifest.
931 silly tarball no local data for unrs-resolver@https://registry.npmjs.org/unrs-resolver/-/unrs-resolver-1.11.1.tgz. Extracting by manifest.
932 silly tarball no local data for unpic@https://registry.npmjs.org/unpic/-/unpic-4.2.2.tgz. Extracting by manifest.
933 silly tarball no local data for unicode-trie@https://registry.npmjs.org/unicode-trie/-/unicode-trie-2.0.0.tgz. Extracting by manifest.
934 silly tarball no local data for unenv@https://registry.npmjs.org/unenv/-/unenv-2.0.0-rc.24.tgz. Extracting by manifest.
935 silly tarball no local data for webpack@https://registry.npmjs.org/webpack/-/webpack-5.106.2.tgz. Extracting by manifest.
936 silly tarball no local data for undici-types@https://registry.npmjs.org/undici-types/-/undici-types-6.21.0.tgz. Extracting by manifest.
937 silly tarball no local data for unbox-primitive@https://registry.npmjs.org/unbox-primitive/-/unbox-primitive-1.1.0.tgz. Extracting by manifest.
938 silly tarball no local data for undici@https://registry.npmjs.org/undici/-/undici-7.24.8.tgz. Extracting by manifest.
939 silly tarball no local data for typed-array-length@https://registry.npmjs.org/typed-array-length/-/typed-array-length-1.0.7.tgz. Extracting by manifest.
940 silly tarball no local data for typescript@https://registry.npmjs.org/typescript/-/typescript-5.9.3.tgz. Extracting by manifest.
941 silly tarball no local data for typescript-eslint@https://registry.npmjs.org/typescript-eslint/-/typescript-eslint-8.59.3.tgz. Extracting by manifest.
942 silly tarball no local data for typed-array-byte-offset@https://registry.npmjs.org/typed-array-byte-offset/-/typed-array-byte-offset-1.0.4.tgz. Extracting by manifest.
943 silly tarball no local data for typed-array-byte-length@https://registry.npmjs.org/typed-array-byte-length/-/typed-array-byte-length-1.0.3.tgz. Extracting by manifest.
944 silly tarball no local data for type-check@https://registry.npmjs.org/type-check/-/type-check-0.4.0.tgz. Extracting by manifest.
945 silly tarball no local data for turbo-stream@https://registry.npmjs.org/turbo-stream/-/turbo-stream-3.2.0.tgz. Extracting by manifest.
946 silly tarball no local data for tsconfck@https://registry.npmjs.org/tsconfck/-/tsconfck-3.1.6.tgz. Extracting by manifest.
947 silly tarball no local data for tsx@https://registry.npmjs.org/tsx/-/tsx-4.22.1.tgz. Extracting by manifest.
948 silly tarball no local data for tsconfig-paths@https://registry.npmjs.org/tsconfig-paths/-/tsconfig-paths-3.15.0.tgz. Extracting by manifest.
949 silly tarball no local data for tinyglobby@https://registry.npmjs.org/tinyglobby/-/tinyglobby-0.2.16.tgz. Extracting by manifest.
950 silly tarball no local data for terser-webpack-plugin@https://registry.npmjs.org/terser-webpack-plugin/-/terser-webpack-plugin-5.6.0.tgz. Extracting by manifest.
951 silly tarball no local data for ts-api-utils@https://registry.npmjs.org/ts-api-utils/-/ts-api-utils-2.5.0.tgz. Extracting by manifest.
952 silly tarball no local data for terser@https://registry.npmjs.org/terser/-/terser-5.47.1.tgz. Extracting by manifest.
953 silly tarball no local data for tailwindcss@https://registry.npmjs.org/tailwindcss/-/tailwindcss-4.2.1.tgz. Extracting by manifest.
954 silly tarball no local data for tapable@https://registry.npmjs.org/tapable/-/tapable-2.3.3.tgz. Extracting by manifest.
955 silly tarball no local data for supports-preserve-symlinks-flag@https://registry.npmjs.org/supports-preserve-symlinks-flag/-/supports-preserve-symlinks-flag-1.0.0.tgz. Extracting by manifest.
956 silly tarball no local data for styled-jsx@https://registry.npmjs.org/styled-jsx/-/styled-jsx-5.1.6.tgz. Extracting by manifest.
957 silly tarball no local data for tiny-inflate@https://registry.npmjs.org/tiny-inflate/-/tiny-inflate-1.0.3.tgz. Extracting by manifest.
958 silly tarball no local data for strip-literal@https://registry.npmjs.org/strip-literal/-/strip-literal-3.1.0.tgz. Extracting by manifest.
959 silly tarball no local data for strip-json-comments@https://registry.npmjs.org/strip-json-comments/-/strip-json-comments-3.1.1.tgz. Extracting by manifest.
960 silly tarball no local data for string.prototype.trimstart@https://registry.npmjs.org/string.prototype.trimstart/-/string.prototype.trimstart-1.0.8.tgz. Extracting by manifest.
961 silly tarball no local data for string.prototype.trimend@https://registry.npmjs.org/string.prototype.trimend/-/string.prototype.trimend-1.0.9.tgz. Extracting by manifest.
962 silly tarball no local data for string.prototype.repeat@https://registry.npmjs.org/string.prototype.repeat/-/string.prototype.repeat-1.0.0.tgz. Extracting by manifest.
963 silly tarball no local data for string.prototype.trim@https://registry.npmjs.org/string.prototype.trim/-/string.prototype.trim-1.2.10.tgz. Extracting by manifest.
964 silly tarball no local data for string.prototype.matchall@https://registry.npmjs.org/string.prototype.matchall/-/string.prototype.matchall-4.0.12.tgz. Extracting by manifest.
965 silly tarball no local data for string.prototype.includes@https://registry.npmjs.org/string.prototype.includes/-/string.prototype.includes-2.0.1.tgz. Extracting by manifest.
966 silly tarball no local data for string.prototype.codepointat@https://registry.npmjs.org/string.prototype.codepointat/-/string.prototype.codepointat-0.2.1.tgz. Extracting by manifest.
967 silly tarball no local data for stable-hash@https://registry.npmjs.org/stable-hash/-/stable-hash-0.0.5.tgz. Extracting by manifest.
968 silly tarball no local data for srvx@https://registry.npmjs.org/srvx/-/srvx-0.11.15.tgz. Extracting by manifest.
969 silly tarball no local data for stop-iteration-iterator@https://registry.npmjs.org/stop-iteration-iterator/-/stop-iteration-iterator-1.1.0.tgz. Extracting by manifest.
970 silly tarball no local data for source-map-support@https://registry.npmjs.org/source-map-support/-/source-map-support-0.5.21.tgz. Extracting by manifest.
971 silly tarball no local data for side-channel-map@https://registry.npmjs.org/side-channel-map/-/side-channel-map-1.0.1.tgz. Extracting by manifest.
972 silly tarball no local data for side-channel-weakmap@https://registry.npmjs.org/side-channel-weakmap/-/side-channel-weakmap-1.0.2.tgz. Extracting by manifest.
973 silly tarball no local data for side-channel-list@https://registry.npmjs.org/side-channel-list/-/side-channel-list-1.0.1.tgz. Extracting by manifest.
974 silly tarball no local data for side-channel@https://registry.npmjs.org/side-channel/-/side-channel-1.1.0.tgz. Extracting by manifest.
975 silly tarball no local data for sharp@https://registry.npmjs.org/sharp/-/sharp-0.34.5.tgz. Extracting by manifest.
976 silly tarball no local data for semver@https://registry.npmjs.org/semver/-/semver-6.3.1.tgz. Extracting by manifest.
977 silly tarball no local data for set-function-name@https://registry.npmjs.org/set-function-name/-/set-function-name-2.0.2.tgz. Extracting by manifest.
978 silly tarball no local data for scheduler@https://registry.npmjs.org/scheduler/-/scheduler-0.27.0.tgz. Extracting by manifest.
979 silly tarball no local data for schema-utils@https://registry.npmjs.org/schema-utils/-/schema-utils-4.3.3.tgz. Extracting by manifest.
980 silly tarball no local data for satori@https://registry.npmjs.org/satori/-/satori-0.16.0.tgz. Extracting by manifest.
981 silly tarball no local data for safe-array-concat@https://registry.npmjs.org/safe-array-concat/-/safe-array-concat-1.1.4.tgz. Extracting by manifest.
982 silly tarball no local data for rolldown@https://registry.npmjs.org/rolldown/-/rolldown-1.0.1.tgz. Extracting by manifest.
983 silly tarball no local data for resolve-pkg-maps@https://registry.npmjs.org/resolve-pkg-maps/-/resolve-pkg-maps-1.0.0.tgz. Extracting by manifest.
984 silly tarball no local data for resolve@https://registry.npmjs.org/resolve/-/resolve-2.0.0-next.7.tgz. Extracting by manifest.
985 silly tarball no local data for regexp.prototype.flags@https://registry.npmjs.org/regexp.prototype.flags/-/regexp.prototype.flags-1.5.4.tgz. Extracting by manifest.
986 silly tarball no local data for safe-push-apply@https://registry.npmjs.org/safe-push-apply/-/safe-push-apply-1.0.0.tgz. Extracting by manifest.
987 silly tarball no local data for react-server-dom-webpack@https://registry.npmjs.org/react-server-dom-webpack/-/react-server-dom-webpack-19.2.6.tgz. Extracting by manifest.
988 silly tarball no local data for reflect.getprototypeof@https://registry.npmjs.org/reflect.getprototypeof/-/reflect.getprototypeof-1.0.10.tgz. Extracting by manifest.
989 silly tarball no local data for react-loading-skeleton@https://registry.npmjs.org/react-loading-skeleton/-/react-loading-skeleton-3.5.0.tgz. Extracting by manifest.
990 silly tarball no local data for react-is@https://registry.npmjs.org/react-is/-/react-is-16.13.1.tgz. Extracting by manifest.
991 silly tarball no local data for react-dom@https://registry.npmjs.org/react-dom/-/react-dom-19.2.6.tgz. Extracting by manifest.
992 silly tarball no local data for react@https://registry.npmjs.org/react/-/react-19.2.6.tgz. Extracting by manifest.
993 silly tarball no local data for prop-types@https://registry.npmjs.org/prop-types/-/prop-types-15.8.1.tgz. Extracting by manifest.
994 silly tarball no local data for postcss-value-parser@https://registry.npmjs.org/postcss-value-parser/-/postcss-value-parser-4.2.0.tgz. Extracting by manifest.
995 silly tarball no local data for prelude-ls@https://registry.npmjs.org/prelude-ls/-/prelude-ls-1.2.1.tgz. Extracting by manifest.
996 silly tarball no local data for postcss@https://registry.npmjs.org/postcss/-/postcss-8.5.14.tgz. Extracting by manifest.
997 silly tarball no local data for pathe@https://registry.npmjs.org/pathe/-/pathe-2.0.3.tgz. Extracting by manifest.
998 silly tarball no local data for path-parse@https://registry.npmjs.org/path-parse/-/path-parse-1.0.7.tgz. Extracting by manifest.
999 silly tarball no local data for path-to-regexp@https://registry.npmjs.org/path-to-regexp/-/path-to-regexp-6.3.0.tgz. Extracting by manifest.
1000 silly tarball no local data for set-proto@https://registry.npmjs.org/set-proto/-/set-proto-1.0.0.tgz. Extracting by manifest.
1001 silly tarball no local data for parse-css-color@https://registry.npmjs.org/parse-css-color/-/parse-css-color-0.2.1.tgz. Extracting by manifest.
1002 silly tarball no local data for p-locate@https://registry.npmjs.org/p-locate/-/p-locate-5.0.0.tgz. Extracting by manifest.
1003 silly tarball no local data for path-exists@https://registry.npmjs.org/path-exists/-/path-exists-4.0.0.tgz. Extracting by manifest.
1004 silly tarball no local data for own-keys@https://registry.npmjs.org/own-keys/-/own-keys-1.0.1.tgz. Extracting by manifest.
1005 silly tarball no local data for object.values@https://registry.npmjs.org/object.values/-/object.values-1.2.1.tgz. Extracting by manifest.
1006 silly tarball no local data for optionator@https://registry.npmjs.org/optionator/-/optionator-0.9.4.tgz. Extracting by manifest.
1007 silly tarball no local data for object.groupby@https://registry.npmjs.org/object.groupby/-/object.groupby-1.0.3.tgz. Extracting by manifest.
1008 silly tarball no local data for object.fromentries@https://registry.npmjs.org/object.fromentries/-/object.fromentries-2.0.8.tgz. Extracting by manifest.
1009 silly tarball no local data for object-inspect@https://registry.npmjs.org/object-inspect/-/object-inspect-1.13.4.tgz. Extracting by manifest.
1010 silly tarball no local data for object.assign@https://registry.npmjs.org/object.assign/-/object.assign-4.1.7.tgz. Extracting by manifest.
1011 silly tarball no local data for p-limit@https://registry.npmjs.org/p-limit/-/p-limit-3.1.0.tgz. Extracting by manifest.
1012 silly tarball no local data for pako@https://registry.npmjs.org/pako/-/pako-0.2.9.tgz. Extracting by manifest.
1013 silly tarball no local data for object.entries@https://registry.npmjs.org/object.entries/-/object.entries-1.1.9.tgz. Extracting by manifest.
1014 silly tarball no local data for node-exports-info@https://registry.npmjs.org/node-exports-info/-/node-exports-info-1.6.0.tgz. Extracting by manifest.
1015 silly tarball no local data for natural-compare@https://registry.npmjs.org/natural-compare/-/natural-compare-1.4.0.tgz. Extracting by manifest.
1016 silly tarball no local data for next@https://registry.npmjs.org/next/-/next-16.2.6.tgz. Extracting by manifest.
1017 silly tarball no local data for nanoid@https://registry.npmjs.org/nanoid/-/nanoid-3.3.12.tgz. Extracting by manifest.
1018 silly tarball no local data for napi-postinstall@https://registry.npmjs.org/napi-postinstall/-/napi-postinstall-0.3.4.tgz. Extracting by manifest.
1019 silly tarball no local data for object-keys@https://registry.npmjs.org/object-keys/-/object-keys-1.1.1.tgz. Extracting by manifest.
1020 silly tarball no local data for miniflare@https://registry.npmjs.org/miniflare/-/miniflare-4.20260515.0.tgz. Extracting by manifest.
1021 silly tarball no local data for mime-db@https://registry.npmjs.org/mime-db/-/mime-db-1.54.0.tgz. Extracting by manifest.
1022 silly tarball no local data for merge-stream@https://registry.npmjs.org/merge-stream/-/merge-stream-2.0.0.tgz. Extracting by manifest.
1023 silly tarball no local data for lru-cache@https://registry.npmjs.org/lru-cache/-/lru-cache-5.1.1.tgz. Extracting by manifest.
1024 silly tarball no local data for loose-envify@https://registry.npmjs.org/loose-envify/-/loose-envify-1.4.0.tgz. Extracting by manifest.
1025 silly tarball no local data for locate-path@https://registry.npmjs.org/locate-path/-/locate-path-6.0.0.tgz. Extracting by manifest.
1026 silly tarball no local data for lodash.merge@https://registry.npmjs.org/lodash.merge/-/lodash.merge-4.6.2.tgz. Extracting by manifest.
1027 silly tarball no local data for linebreak@https://registry.npmjs.org/linebreak/-/linebreak-1.1.0.tgz. Extracting by manifest.
1028 silly tarball no local data for lightningcss-win32-x64-msvc@https://registry.npmjs.org/lightningcss-win32-x64-msvc/-/lightningcss-win32-x64-msvc-1.31.1.tgz. Extracting by manifest.
1029 silly tarball no local data for loader-runner@https://registry.npmjs.org/loader-runner/-/loader-runner-4.3.2.tgz. Extracting by manifest.
1030 silly tarball no local data for levn@https://registry.npmjs.org/levn/-/levn-0.4.1.tgz. Extracting by manifest.
1031 silly tarball no local data for lightningcss@https://registry.npmjs.org/lightningcss/-/lightningcss-1.31.1.tgz. Extracting by manifest.
1032 silly tarball no local data for language-tags@https://registry.npmjs.org/language-tags/-/language-tags-1.0.9.tgz. Extracting by manifest.
1033 silly tarball no local data for kleur@https://registry.npmjs.org/kleur/-/kleur-4.1.5.tgz. Extracting by manifest.
1034 silly tarball no local data for keyv@https://registry.npmjs.org/keyv/-/keyv-4.5.4.tgz. Extracting by manifest.
1035 silly tarball no local data for node-releases@https://registry.npmjs.org/node-releases/-/node-releases-2.0.44.tgz. Extracting by manifest.
1036 silly tarball no local data for jsx-ast-utils@https://registry.npmjs.org/jsx-ast-utils/-/jsx-ast-utils-3.3.5.tgz. Extracting by manifest.
1037 silly tarball no local data for json5@https://registry.npmjs.org/json5/-/json5-2.2.3.tgz. Extracting by manifest.
1038 silly tarball no local data for json-buffer@https://registry.npmjs.org/json-buffer/-/json-buffer-3.0.1.tgz. Extracting by manifest.
1039 silly tarball no local data for json-stable-stringify-without-jsonify@https://registry.npmjs.org/json-stable-stringify-without-jsonify/-/json-stable-stringify-without-jsonify-1.0.1.tgz. Extracting by manifest.
1040 silly tarball no local data for jsesc@https://registry.npmjs.org/jsesc/-/jsesc-3.1.0.tgz. Extracting by manifest.
1041 silly tarball no local data for js-yaml@https://registry.npmjs.org/js-yaml/-/js-yaml-4.1.1.tgz. Extracting by manifest.
1042 silly tarball no local data for jest-worker@https://registry.npmjs.org/jest-worker/-/jest-worker-27.5.1.tgz. Extracting by manifest.
1043 silly tarball no local data for jiti@https://registry.npmjs.org/jiti/-/jiti-2.7.0.tgz. Extracting by manifest.
1044 silly tarball no local data for iterator.prototype@https://registry.npmjs.org/iterator.prototype/-/iterator.prototype-1.1.5.tgz. Extracting by manifest.
1045 silly tarball no local data for is-weakset@https://registry.npmjs.org/is-weakset/-/is-weakset-2.0.4.tgz. Extracting by manifest.
1046 silly tarball no local data for is-weakmap@https://registry.npmjs.org/is-weakmap/-/is-weakmap-2.0.2.tgz. Extracting by manifest.
1047 silly tarball no local data for is-symbol@https://registry.npmjs.org/is-symbol/-/is-symbol-1.1.1.tgz. Extracting by manifest.
1048 silly tarball no local data for is-weakref@https://registry.npmjs.org/is-weakref/-/is-weakref-1.1.1.tgz. Extracting by manifest.
1049 silly tarball no local data for is-string@https://registry.npmjs.org/is-string/-/is-string-1.1.1.tgz. Extracting by manifest.
1050 silly tarball no local data for is-set@https://registry.npmjs.org/is-set/-/is-set-2.0.3.tgz. Extracting by manifest.
1051 silly tarball no local data for is-shared-array-buffer@https://registry.npmjs.org/is-shared-array-buffer/-/is-shared-array-buffer-1.0.4.tgz. Extracting by manifest.
1052 silly tarball no local data for is-number-object@https://registry.npmjs.org/is-number-object/-/is-number-object-1.1.1.tgz. Extracting by manifest.
1053 silly tarball no local data for is-map@https://registry.npmjs.org/is-map/-/is-map-2.0.3.tgz. Extracting by manifest.
1054 silly tarball no local data for is-finalizationregistry@https://registry.npmjs.org/is-finalizationregistry/-/is-finalizationregistry-1.1.1.tgz. Extracting by manifest.
1055 silly tarball no local data for is-negative-zero@https://registry.npmjs.org/is-negative-zero/-/is-negative-zero-2.0.3.tgz. Extracting by manifest.
1056 silly tarball no local data for is-date-object@https://registry.npmjs.org/is-date-object/-/is-date-object-1.1.0.tgz. Extracting by manifest.
1057 silly tarball no local data for is-data-view@https://registry.npmjs.org/is-data-view/-/is-data-view-1.0.2.tgz. Extracting by manifest.
1058 silly tarball no local data for is-boolean-object@https://registry.npmjs.org/is-boolean-object/-/is-boolean-object-1.2.2.tgz. Extracting by manifest.
1059 silly tarball no local data for is-core-module@https://registry.npmjs.org/is-core-module/-/is-core-module-2.16.2.tgz. Extracting by manifest.
1060 silly tarball no local data for is-async-function@https://registry.npmjs.org/is-async-function/-/is-async-function-2.1.1.tgz. Extracting by manifest.
1061 silly tarball no local data for language-subtag-registry@https://registry.npmjs.org/language-subtag-registry/-/language-subtag-registry-0.3.23.tgz. Extracting by manifest.
1062 silly tarball no local data for is-bun-module@https://registry.npmjs.org/is-bun-module/-/is-bun-module-2.0.0.tgz. Extracting by manifest.
1063 silly tarball no local data for is-bigint@https://registry.npmjs.org/is-bigint/-/is-bigint-1.1.0.tgz. Extracting by manifest.
1064 silly tarball no local data for is-array-buffer@https://registry.npmjs.org/is-array-buffer/-/is-array-buffer-3.0.5.tgz. Extracting by manifest.
1065 silly tarball no local data for ipaddr.js@https://registry.npmjs.org/ipaddr.js/-/ipaddr.js-2.4.0.tgz. Extracting by manifest.
1066 silly tarball no local data for internal-slot@https://registry.npmjs.org/internal-slot/-/internal-slot-1.1.0.tgz. Extracting by manifest.
1067 silly tarball no local data for imurmurhash@https://registry.npmjs.org/imurmurhash/-/imurmurhash-0.1.4.tgz. Extracting by manifest.
1068 silly tarball no local data for hex-rgb@https://registry.npmjs.org/hex-rgb/-/hex-rgb-4.3.0.tgz. Extracting by manifest.
1069 silly tarball no local data for hermes-parser@https://registry.npmjs.org/hermes-parser/-/hermes-parser-0.25.1.tgz. Extracting by manifest.
1070 silly tarball no local data for image-size@https://registry.npmjs.org/image-size/-/image-size-2.0.2.tgz. Extracting by manifest.
1071 silly tarball no local data for hermes-estree@https://registry.npmjs.org/hermes-estree/-/hermes-estree-0.25.1.tgz. Extracting by manifest.
1072 silly tarball no local data for has-proto@https://registry.npmjs.org/has-proto/-/has-proto-1.2.0.tgz. Extracting by manifest.
1073 silly tarball no local data for has-bigints@https://registry.npmjs.org/has-bigints/-/has-bigints-1.1.0.tgz. Extracting by manifest.
1074 silly tarball no local data for globalthis@https://registry.npmjs.org/globalthis/-/globalthis-1.0.4.tgz. Extracting by manifest.
1075 silly tarball no local data for glob-to-regexp@https://registry.npmjs.org/glob-to-regexp/-/glob-to-regexp-0.4.1.tgz. Extracting by manifest.
1076 silly tarball no local data for globals@https://registry.npmjs.org/globals/-/globals-14.0.0.tgz. Extracting by manifest.
1077 silly tarball no local data for glob-parent@https://registry.npmjs.org/glob-parent/-/glob-parent-6.0.2.tgz. Extracting by manifest.
1078 silly tarball no local data for get-tsconfig@https://registry.npmjs.org/get-tsconfig/-/get-tsconfig-4.14.0.tgz. Extracting by manifest.
1079 silly tarball no local data for get-symbol-description@https://registry.npmjs.org/get-symbol-description/-/get-symbol-description-1.1.0.tgz. Extracting by manifest.
1080 silly tarball no local data for gensync@https://registry.npmjs.org/gensync/-/gensync-1.0.0-beta.2.tgz. Extracting by manifest.
1081 silly tarball no local data for function.prototype.name@https://registry.npmjs.org/function.prototype.name/-/function.prototype.name-1.1.8.tgz. Extracting by manifest.
1082 silly tarball no local data for globrex@https://registry.npmjs.org/globrex/-/globrex-0.1.2.tgz. Extracting by manifest.
1083 silly tarball no local data for flatted@https://registry.npmjs.org/flatted/-/flatted-3.4.2.tgz. Extracting by manifest.
1084 silly tarball no local data for functions-have-names@https://registry.npmjs.org/functions-have-names/-/functions-have-names-1.2.3.tgz. Extracting by manifest.
1085 silly tarball no local data for flat-cache@https://registry.npmjs.org/flat-cache/-/flat-cache-4.0.1.tgz. Extracting by manifest.
1086 silly tarball no local data for file-entry-cache@https://registry.npmjs.org/file-entry-cache/-/file-entry-cache-8.0.0.tgz. Extracting by manifest.
1087 silly tarball no local data for find-up@https://registry.npmjs.org/find-up/-/find-up-5.0.0.tgz. Extracting by manifest.
1088 silly tarball no local data for fflate@https://registry.npmjs.org/fflate/-/fflate-0.7.4.tgz. Extracting by manifest.
1089 silly tarball no local data for events@https://registry.npmjs.org/events/-/events-3.3.0.tgz. Extracting by manifest.
1090 silly tarball no local data for fast-glob@https://registry.npmjs.org/fast-glob/-/fast-glob-3.3.1.tgz. Extracting by manifest.
1091 silly tarball no local data for estree-walker@https://registry.npmjs.org/estree-walker/-/estree-walker-3.0.3.tgz. Extracting by manifest.
1092 silly tarball no local data for esrecurse@https://registry.npmjs.org/esrecurse/-/esrecurse-4.3.0.tgz. Extracting by manifest.
1093 silly tarball no local data for hasown@https://registry.npmjs.org/hasown/-/hasown-2.0.3.tgz. Extracting by manifest.
1094 silly tarball no local data for espree@https://registry.npmjs.org/espree/-/espree-10.4.0.tgz. Extracting by manifest.
1095 silly tarball no local data for eslint-visitor-keys@https://registry.npmjs.org/eslint-visitor-keys/-/eslint-visitor-keys-4.2.1.tgz. Extracting by manifest.
1096 silly tarball no local data for fast-levenshtein@https://registry.npmjs.org/fast-levenshtein/-/fast-levenshtein-2.0.6.tgz. Extracting by manifest.
1097 silly tarball no local data for esquery@https://registry.npmjs.org/esquery/-/esquery-1.7.0.tgz. Extracting by manifest.
1098 silly tarball no local data for eslint-scope@https://registry.npmjs.org/eslint-scope/-/eslint-scope-8.4.0.tgz. Extracting by manifest.
1099 silly tarball no local data for eslint-plugin-react-hooks@https://registry.npmjs.org/eslint-plugin-react-hooks/-/eslint-plugin-react-hooks-7.1.1.tgz. Extracting by manifest.
1100 silly tarball no local data for eslint-plugin-react@https://registry.npmjs.org/eslint-plugin-react/-/eslint-plugin-react-7.37.5.tgz. Extracting by manifest.
1101 silly tarball no local data for eslint-plugin-jsx-a11y@https://registry.npmjs.org/eslint-plugin-jsx-a11y/-/eslint-plugin-jsx-a11y-6.10.2.tgz. Extracting by manifest.
1102 silly tarball no local data for eslint-plugin-import@https://registry.npmjs.org/eslint-plugin-import/-/eslint-plugin-import-2.32.0.tgz. Extracting by manifest.
1103 silly tarball no local data for eslint-import-resolver-typescript@https://registry.npmjs.org/eslint-import-resolver-typescript/-/eslint-import-resolver-typescript-3.10.1.tgz. Extracting by manifest.
1104 silly tarball no local data for eslint-module-utils@https://registry.npmjs.org/eslint-module-utils/-/eslint-module-utils-2.12.1.tgz. Extracting by manifest.
1105 silly tarball no local data for escape-html@https://registry.npmjs.org/escape-html/-/escape-html-1.0.3.tgz. Extracting by manifest.
1106 silly tarball no local data for eslint-config-next@https://registry.npmjs.org/eslint-config-next/-/eslint-config-next-16.2.6.tgz. Extracting by manifest.
1107 silly tarball no local data for esbuild@https://registry.npmjs.org/esbuild/-/esbuild-0.28.0.tgz. Extracting by manifest.
1108 silly tarball no local data for eslint-import-resolver-node@https://registry.npmjs.org/eslint-import-resolver-node/-/eslint-import-resolver-node-0.3.10.tgz. Extracting by manifest.
1109 silly tarball no local data for eslint@https://registry.npmjs.org/eslint/-/eslint-9.39.4.tgz. Extracting by manifest.
1110 silly tarball no local data for es-to-primitive@https://registry.npmjs.org/es-to-primitive/-/es-to-primitive-1.3.0.tgz. Extracting by manifest.
1111 silly tarball no local data for es-shim-unscopables@https://registry.npmjs.org/es-shim-unscopables/-/es-shim-unscopables-1.1.0.tgz. Extracting by manifest.
1112 silly tarball no local data for es-object-atoms@https://registry.npmjs.org/es-object-atoms/-/es-object-atoms-1.1.1.tgz. Extracting by manifest.
1113 silly tarball no local data for es-module-lexer@https://registry.npmjs.org/es-module-lexer/-/es-module-lexer-2.1.0.tgz. Extracting by manifest.
1114 silly tarball no local data for error-stack-parser-es@https://registry.npmjs.org/error-stack-parser-es/-/error-stack-parser-es-1.0.5.tgz. Extracting by manifest.
1115 silly tarball no local data for es-abstract@https://registry.npmjs.org/es-abstract/-/es-abstract-1.24.2.tgz. Extracting by manifest.
1116 silly tarball no local data for es-iterator-helpers@https://registry.npmjs.org/es-iterator-helpers/-/es-iterator-helpers-1.3.2.tgz. Extracting by manifest.
1117 silly tarball no local data for emoji-regex-xs@https://registry.npmjs.org/emoji-regex-xs/-/emoji-regex-xs-2.0.1.tgz. Extracting by manifest.
1118 silly tarball no local data for enhanced-resolve@https://registry.npmjs.org/enhanced-resolve/-/enhanced-resolve-5.21.3.tgz. Extracting by manifest.
1119 silly tarball no local data for electron-to-chromium@https://registry.npmjs.org/electron-to-chromium/-/electron-to-chromium-1.5.358.tgz. Extracting by manifest.
1120 silly tarball no local data for drizzle-orm@https://registry.npmjs.org/drizzle-orm/-/drizzle-orm-0.45.2.tgz. Extracting by manifest.
1121 silly tarball no local data for drizzle-kit@https://registry.npmjs.org/drizzle-kit/-/drizzle-kit-0.31.10.tgz. Extracting by manifest.
1122 silly tarball no local data for emoji-regex@https://registry.npmjs.org/emoji-regex/-/emoji-regex-9.2.2.tgz. Extracting by manifest.
1123 silly tarball no local data for detect-libc@https://registry.npmjs.org/detect-libc/-/detect-libc-2.1.2.tgz. Extracting by manifest.
1124 silly tarball no local data for deep-is@https://registry.npmjs.org/deep-is/-/deep-is-0.1.4.tgz. Extracting by manifest.
1125 silly tarball no local data for define-properties@https://registry.npmjs.org/define-properties/-/define-properties-1.2.1.tgz. Extracting by manifest.
1126 silly tarball no local data for data-view-byte-length@https://registry.npmjs.org/data-view-byte-length/-/data-view-byte-length-1.0.2.tgz. Extracting by manifest.
1127 silly tarball no local data for data-view-byte-offset@https://registry.npmjs.org/data-view-byte-offset/-/data-view-byte-offset-1.0.1.tgz. Extracting by manifest.
1128 silly tarball no local data for data-view-buffer@https://registry.npmjs.org/data-view-buffer/-/data-view-buffer-1.0.2.tgz. Extracting by manifest.
1129 silly tarball no local data for css-to-react-native@https://registry.npmjs.org/css-to-react-native/-/css-to-react-native-3.2.0.tgz. Extracting by manifest.
1130 silly tarball no local data for damerau-levenshtein@https://registry.npmjs.org/damerau-levenshtein/-/damerau-levenshtein-1.0.8.tgz. Extracting by manifest.
1131 silly tarball no local data for css-gradient-parser@https://registry.npmjs.org/css-gradient-parser/-/css-gradient-parser-0.0.16.tgz. Extracting by manifest.
1132 silly tarball no local data for css-box-shadow@https://registry.npmjs.org/css-box-shadow/-/css-box-shadow-1.0.0-3.tgz. Extracting by manifest.
1133 silly tarball no local data for css-background-parser@https://registry.npmjs.org/css-background-parser/-/css-background-parser-0.1.0.tgz. Extracting by manifest.
1134 silly tarball no local data for css-color-keywords@https://registry.npmjs.org/css-color-keywords/-/css-color-keywords-1.0.0.tgz. Extracting by manifest.
1135 silly tarball no local data for cookie@https://registry.npmjs.org/cookie/-/cookie-1.1.1.tgz. Extracting by manifest.
1136 silly tarball no local data for convert-source-map@https://registry.npmjs.org/convert-source-map/-/convert-source-map-2.0.0.tgz. Extracting by manifest.
1137 silly tarball no local data for caniuse-lite@https://registry.npmjs.org/caniuse-lite/-/caniuse-lite-1.0.30001793.tgz. Extracting by manifest.
1138 silly tarball no local data for client-only@https://registry.npmjs.org/client-only/-/client-only-0.0.1.tgz. Extracting by manifest.
1139 silly tarball no local data for chrome-trace-event@https://registry.npmjs.org/chrome-trace-event/-/chrome-trace-event-1.0.4.tgz. Extracting by manifest.
1140 silly tarball no local data for buffer-from@https://registry.npmjs.org/buffer-from/-/buffer-from-1.1.2.tgz. Extracting by manifest.
1141 silly tarball no local data for doctrine@https://registry.npmjs.org/doctrine/-/doctrine-2.1.0.tgz. Extracting by manifest.
1142 silly tarball no local data for browserslist@https://registry.npmjs.org/browserslist/-/browserslist-4.28.2.tgz. Extracting by manifest.
1143 silly tarball no local data for camelize@https://registry.npmjs.org/camelize/-/camelize-1.0.1.tgz. Extracting by manifest.
1144 silly tarball no local data for blake3-wasm@https://registry.npmjs.org/blake3-wasm/-/blake3-wasm-2.1.5.tgz. Extracting by manifest.
1145 silly tarball no local data for brace-expansion@https://registry.npmjs.org/brace-expansion/-/brace-expansion-1.1.14.tgz. Extracting by manifest.
1146 silly tarball no local data for base64-js@https://registry.npmjs.org/base64-js/-/base64-js-0.0.8.tgz. Extracting by manifest.
1147 silly tarball no local data for baseline-browser-mapping@https://registry.npmjs.org/baseline-browser-mapping/-/baseline-browser-mapping-2.10.30.tgz. Extracting by manifest.
1148 silly tarball no local data for axobject-query@https://registry.npmjs.org/axobject-query/-/axobject-query-4.1.0.tgz. Extracting by manifest.
1149 silly tarball no local data for ast-types-flow@https://registry.npmjs.org/ast-types-flow/-/ast-types-flow-0.0.8.tgz. Extracting by manifest.
1150 silly tarball no local data for axe-core@https://registry.npmjs.org/axe-core/-/axe-core-4.11.4.tgz. Extracting by manifest.
1151 silly tarball no local data for async-function@https://registry.npmjs.org/async-function/-/async-function-1.0.0.tgz. Extracting by manifest.
1152 silly tarball no local data for array.prototype.flatmap@https://registry.npmjs.org/array.prototype.flatmap/-/array.prototype.flatmap-1.3.3.tgz. Extracting by manifest.
1153 silly tarball no local data for array.prototype.flat@https://registry.npmjs.org/array.prototype.flat/-/array.prototype.flat-1.3.3.tgz. Extracting by manifest.
1154 silly tarball no local data for array.prototype.tosorted@https://registry.npmjs.org/array.prototype.tosorted/-/array.prototype.tosorted-1.1.4.tgz. Extracting by manifest.
1155 silly tarball no local data for arraybuffer.prototype.slice@https://registry.npmjs.org/arraybuffer.prototype.slice/-/arraybuffer.prototype.slice-1.0.4.tgz. Extracting by manifest.
1156 silly tarball no local data for array.prototype.findlastindex@https://registry.npmjs.org/array.prototype.findlastindex/-/array.prototype.findlastindex-1.2.6.tgz. Extracting by manifest.
1157 silly tarball no local data for array-includes@https://registry.npmjs.org/array-includes/-/array-includes-3.1.9.tgz. Extracting by manifest.
1158 silly tarball no local data for array-buffer-byte-length@https://registry.npmjs.org/array-buffer-byte-length/-/array-buffer-byte-length-1.0.2.tgz. Extracting by manifest.
1159 silly tarball no local data for array.prototype.findlast@https://registry.npmjs.org/array.prototype.findlast/-/array.prototype.findlast-1.2.5.tgz. Extracting by manifest.
1160 silly tarball no local data for acorn-jsx@https://registry.npmjs.org/acorn-jsx/-/acorn-jsx-5.3.2.tgz. Extracting by manifest.
1161 silly tarball no local data for ajv@https://registry.npmjs.org/ajv/-/ajv-6.15.0.tgz. Extracting by manifest.
1162 silly tarball no local data for aria-query@https://registry.npmjs.org/aria-query/-/aria-query-5.3.2.tgz. Extracting by manifest.
1163 silly tarball no local data for acorn@https://registry.npmjs.org/acorn/-/acorn-8.16.0.tgz. Extracting by manifest.
1164 silly tarball no local data for acorn-import-phases@https://registry.npmjs.org/acorn-import-phases/-/acorn-import-phases-1.0.4.tgz. Extracting by manifest.
1165 silly tarball no local data for balanced-match@https://registry.npmjs.org/balanced-match/-/balanced-match-4.0.4.tgz. Extracting by manifest.
1166 silly tarball no local data for acorn-loose@https://registry.npmjs.org/acorn-loose/-/acorn-loose-8.5.2.tgz. Extracting by manifest.
1167 silly tarball no local data for @rolldown/pluginutils@https://registry.npmjs.org/@rolldown/pluginutils/-/pluginutils-1.0.0-rc.18.tgz. Extracting by manifest.
1168 silly tarball no local data for semver@https://registry.npmjs.org/semver/-/semver-7.8.0.tgz. Extracting by manifest.
1169 silly tarball no local data for brace-expansion@https://registry.npmjs.org/brace-expansion/-/brace-expansion-5.0.6.tgz. Extracting by manifest.
1170 silly tarball no local data for ignore@https://registry.npmjs.org/ignore/-/ignore-7.0.5.tgz. Extracting by manifest.
1171 silly tarball no local data for supports-color@https://registry.npmjs.org/supports-color/-/supports-color-10.2.2.tgz. Extracting by manifest.
1172 silly tarball no local data for minimatch@https://registry.npmjs.org/minimatch/-/minimatch-10.2.5.tgz. Extracting by manifest.
1173 silly tarball no local data for @esbuild/win32-x64@https://registry.npmjs.org/@esbuild/win32-x64/-/win32-x64-0.18.20.tgz. Extracting by manifest.
1174 silly tarball no local data for @esbuild/win32-x64@https://registry.npmjs.org/@esbuild/win32-x64/-/win32-x64-0.27.3.tgz. Extracting by manifest.
1175 silly tarball no local data for esbuild@https://registry.npmjs.org/esbuild/-/esbuild-0.27.3.tgz. Extracting by manifest.
1176 silly tarball no local data for eslint-visitor-keys@https://registry.npmjs.org/eslint-visitor-keys/-/eslint-visitor-keys-3.4.3.tgz. Extracting by manifest.
1177 silly tarball no local data for estraverse@https://registry.npmjs.org/estraverse/-/estraverse-4.3.0.tgz. Extracting by manifest.
1178 silly tarball no local data for eslint-scope@https://registry.npmjs.org/eslint-scope/-/eslint-scope-5.1.1.tgz. Extracting by manifest.
1179 silly tarball no local data for esbuild@https://registry.npmjs.org/esbuild/-/esbuild-0.18.20.tgz. Extracting by manifest.
1180 silly tarball no local data for picomatch@https://registry.npmjs.org/picomatch/-/picomatch-4.0.4.tgz. Extracting by manifest.
1181 silly tarball no local data for lightningcss@https://registry.npmjs.org/lightningcss/-/lightningcss-1.32.0.tgz. Extracting by manifest.
1182 silly tarball no local data for lightningcss-win32-x64-msvc@https://registry.npmjs.org/lightningcss-win32-x64-msvc/-/lightningcss-win32-x64-msvc-1.32.0.tgz. Extracting by manifest.
1183 silly tarball no local data for glob-parent@https://registry.npmjs.org/glob-parent/-/glob-parent-5.1.2.tgz. Extracting by manifest.
1184 silly tarball no local data for es-module-lexer@https://registry.npmjs.org/es-module-lexer/-/es-module-lexer-1.7.0.tgz. Extracting by manifest.
1185 silly tarball no local data for json5@https://registry.npmjs.org/json5/-/json5-1.0.2.tgz. Extracting by manifest.
1186 silly tarball no local data for picomatch@https://registry.npmjs.org/picomatch/-/picomatch-4.0.4.tgz. Extracting by manifest.
1187 silly tarball no local data for fdir@https://registry.npmjs.org/fdir/-/fdir-6.5.0.tgz. Extracting by manifest.
1188 silly tarball no local data for postcss@https://registry.npmjs.org/postcss/-/postcss-8.4.31.tgz. Extracting by manifest.
1189 silly tarball no local data for semver@https://registry.npmjs.org/semver/-/semver-7.8.0.tgz. Extracting by manifest.
1190 silly tarball no local data for supports-color@https://registry.npmjs.org/supports-color/-/supports-color-8.1.1.tgz. Extracting by manifest.
1191 silly tarball no local data for semver@https://registry.npmjs.org/semver/-/semver-7.8.0.tgz. Extracting by manifest.
1192 silly tarball no local data for glob-parent@https://registry.npmjs.org/glob-parent/-/glob-parent-5.1.2.tgz. Extracting by manifest.
1193 silly tarball no local data for json-schema-traverse@https://registry.npmjs.org/json-schema-traverse/-/json-schema-traverse-1.0.0.tgz. Extracting by manifest.
1194 silly tarball no local data for eslint-visitor-keys@https://registry.npmjs.org/eslint-visitor-keys/-/eslint-visitor-keys-5.0.1.tgz. Extracting by manifest.
1195 silly tarball no local data for js-tokens@https://registry.npmjs.org/js-tokens/-/js-tokens-9.0.1.tgz. Extracting by manifest.
1196 silly tarball no local data for fast-glob@https://registry.npmjs.org/fast-glob/-/fast-glob-3.3.3.tgz. Extracting by manifest.
1197 silly tarball no local data for ajv@https://registry.npmjs.org/ajv/-/ajv-8.20.0.tgz. Extracting by manifest.
1198 silly tarball no local data for ajv-keywords@https://registry.npmjs.org/ajv-keywords/-/ajv-keywords-5.1.0.tgz. Extracting by manifest.
1199 silly tarball no local data for debug@https://registry.npmjs.org/debug/-/debug-3.2.7.tgz. Extracting by manifest.
1200 silly tarball no local data for globals@https://registry.npmjs.org/globals/-/globals-16.4.0.tgz. Extracting by manifest.
1201 silly tarball no local data for debug@https://registry.npmjs.org/debug/-/debug-3.2.7.tgz. Extracting by manifest.
1202 silly tarball no local data for @esbuild/win32-x64@https://registry.npmjs.org/@esbuild/win32-x64/-/win32-x64-0.25.12.tgz. Extracting by manifest.
1203 silly tarball no local data for debug@https://registry.npmjs.org/debug/-/debug-3.2.7.tgz. Extracting by manifest.
1204 silly tarball no local data for esbuild@https://registry.npmjs.org/esbuild/-/esbuild-0.25.12.tgz. Extracting by manifest.
1205 http fetch GET https://registry.npmjs.org/which/-/which-2.0.2.tgz attempt 1 failed with EACCES
1206 http fetch GET https://registry.npmjs.org/@xtuc/long/-/long-4.2.2.tgz attempt 1 failed with EACCES
1207 http fetch GET https://registry.npmjs.org/@webassemblyjs/wasm-parser/-/wasm-parser-1.14.1.tgz attempt 1 failed with EACCES
1208 http fetch GET https://registry.npmjs.org/@xtuc/ieee754/-/ieee754-1.2.0.tgz attempt 1 failed with EACCES
1209 http fetch GET https://registry.npmjs.org/@webassemblyjs/wasm-opt/-/wasm-opt-1.14.1.tgz attempt 1 failed with EACCES
1210 http fetch GET https://registry.npmjs.org/@webassemblyjs/wasm-gen/-/wasm-gen-1.14.1.tgz attempt 1 failed with EACCES
1211 http fetch GET https://registry.npmjs.org/@webassemblyjs/utf8/-/utf8-1.13.2.tgz attempt 1 failed with EACCES
1212 http fetch GET https://registry.npmjs.org/@webassemblyjs/helper-wasm-section/-/helper-wasm-section-1.14.1.tgz attempt 1 failed with EACCES
1213 http fetch GET https://registry.npmjs.org/@webassemblyjs/wasm-edit/-/wasm-edit-1.14.1.tgz attempt 1 failed with EACCES
1214 http fetch GET https://registry.npmjs.org/@webassemblyjs/ieee754/-/ieee754-1.13.2.tgz attempt 1 failed with EACCES
1215 http fetch GET https://registry.npmjs.org/@webassemblyjs/leb128/-/leb128-1.13.2.tgz attempt 1 failed with EACCES
1216 http fetch GET https://registry.npmjs.org/@webassemblyjs/wast-printer/-/wast-printer-1.14.1.tgz attempt 1 failed with EACCES
1217 http fetch GET https://registry.npmjs.org/@webassemblyjs/helper-numbers/-/helper-numbers-1.13.2.tgz attempt 1 failed with EACCES
1218 http fetch GET https://registry.npmjs.org/@webassemblyjs/helper-wasm-bytecode/-/helper-wasm-bytecode-1.13.2.tgz attempt 1 failed with EACCES
1219 http fetch GET https://registry.npmjs.org/@webassemblyjs/helper-buffer/-/helper-buffer-1.14.1.tgz attempt 1 failed with EACCES
1220 http fetch GET https://registry.npmjs.org/npm attempt 2 failed with EACCES
1221 http fetch GET https://registry.npmjs.org/which/-/which-2.0.2.tgz attempt 2 failed with EACCES
1222 http fetch GET https://registry.npmjs.org/@xtuc/long/-/long-4.2.2.tgz attempt 2 failed with EACCES
1223 http fetch GET https://registry.npmjs.org/@webassemblyjs/wasm-parser/-/wasm-parser-1.14.1.tgz attempt 2 failed with EACCES
1224 http fetch GET https://registry.npmjs.org/@xtuc/ieee754/-/ieee754-1.2.0.tgz attempt 2 failed with EACCES
1225 http fetch GET https://registry.npmjs.org/@webassemblyjs/wasm-opt/-/wasm-opt-1.14.1.tgz attempt 2 failed with EACCES
1226 http fetch GET https://registry.npmjs.org/@webassemblyjs/wasm-gen/-/wasm-gen-1.14.1.tgz attempt 2 failed with EACCES
1227 http fetch GET https://registry.npmjs.org/@webassemblyjs/utf8/-/utf8-1.13.2.tgz attempt 2 failed with EACCES
1228 http fetch GET https://registry.npmjs.org/@webassemblyjs/helper-wasm-section/-/helper-wasm-section-1.14.1.tgz attempt 2 failed with EACCES
1229 http fetch GET https://registry.npmjs.org/@webassemblyjs/wasm-edit/-/wasm-edit-1.14.1.tgz attempt 2 failed with EACCES
1230 http fetch GET https://registry.npmjs.org/@webassemblyjs/ieee754/-/ieee754-1.13.2.tgz attempt 2 failed with EACCES
1231 http fetch GET https://registry.npmjs.org/@webassemblyjs/leb128/-/leb128-1.13.2.tgz attempt 2 failed with EACCES
1232 http fetch GET https://registry.npmjs.org/@webassemblyjs/wast-printer/-/wast-printer-1.14.1.tgz attempt 2 failed with EACCES
1233 http fetch GET https://registry.npmjs.org/@webassemblyjs/helper-numbers/-/helper-numbers-1.13.2.tgz attempt 2 failed with EACCES
1234 http fetch GET https://registry.npmjs.org/@webassemblyjs/helper-wasm-bytecode/-/helper-wasm-bytecode-1.13.2.tgz attempt 2 failed with EACCES
1235 http fetch GET https://registry.npmjs.org/@webassemblyjs/helper-buffer/-/helper-buffer-1.14.1.tgz attempt 2 failed with EACCES
1236 http fetch GET https://registry.npmjs.org/npm attempt 3 failed with EACCES
1237 http fetch GET https://registry.npmjs.org/which/-/which-2.0.2.tgz attempt 3 failed with EACCES
1238 http fetch GET https://registry.npmjs.org/@xtuc/long/-/long-4.2.2.tgz attempt 3 failed with EACCES
1239 http fetch GET https://registry.npmjs.org/@webassemblyjs/wasm-parser/-/wasm-parser-1.14.1.tgz attempt 3 failed with EACCES
1240 http fetch GET https://registry.npmjs.org/@xtuc/ieee754/-/ieee754-1.2.0.tgz attempt 3 failed with EACCES
1241 http fetch GET https://registry.npmjs.org/@webassemblyjs/wasm-opt/-/wasm-opt-1.14.1.tgz attempt 3 failed with EACCES
1242 http fetch GET https://registry.npmjs.org/@webassemblyjs/wasm-gen/-/wasm-gen-1.14.1.tgz attempt 3 failed with EACCES
1243 http fetch GET https://registry.npmjs.org/@webassemblyjs/utf8/-/utf8-1.13.2.tgz attempt 3 failed with EACCES
1244 http fetch GET https://registry.npmjs.org/@webassemblyjs/helper-wasm-section/-/helper-wasm-section-1.14.1.tgz attempt 3 failed with EACCES
1245 http fetch GET https://registry.npmjs.org/@webassemblyjs/wasm-edit/-/wasm-edit-1.14.1.tgz attempt 3 failed with EACCES
1246 http fetch GET https://registry.npmjs.org/@webassemblyjs/ieee754/-/ieee754-1.13.2.tgz attempt 3 failed with EACCES
1247 http fetch GET https://registry.npmjs.org/@webassemblyjs/leb128/-/leb128-1.13.2.tgz attempt 3 failed with EACCES
1248 http fetch GET https://registry.npmjs.org/@webassemblyjs/wast-printer/-/wast-printer-1.14.1.tgz attempt 3 failed with EACCES
1249 http fetch GET https://registry.npmjs.org/@webassemblyjs/helper-numbers/-/helper-numbers-1.13.2.tgz attempt 3 failed with EACCES
1250 http fetch GET https://registry.npmjs.org/@webassemblyjs/helper-wasm-bytecode/-/helper-wasm-bytecode-1.13.2.tgz attempt 3 failed with EACCES
1251 http fetch GET https://registry.npmjs.org/@webassemblyjs/helper-buffer/-/helper-buffer-1.14.1.tgz attempt 3 failed with EACCES
1252 verbose cwd C:\wang\mobile-order
1253 verbose os Windows_NT 10.0.26200
1254 verbose node v24.14.1
1255 verbose npm  v11.11.0
1256 error Exit handler never called!
1257 error This is an error with npm itself. Please report this error at:
1258 error   <https://github.com/npm/cli/issues>
1259 verbose exit 1
1260 verbose code 1
1261 error A complete log of this run can be found in: C:\wang\.npm-cache\_logs\2026-08-03T06_21_24_675Z-debug-0.log
