0 verbose cli C:\Program Files\nodejs\node.exe C:\Program Files\nodejs\node_modules\npm\bin\npm-cli.js
1 info using npm@11.11.0
2 info using node@v24.14.1
3 silly config load:file:C:\Program Files\nodejs\node_modules\npm\npmrc
4 silly config load:file:C:\wang\mobile-order\.npmrc
5 silly config load:file:C:\Users\study\.npmrc
6 silly config load:file:C:\Users\study\AppData\Roaming\npm\etc\npmrc
7 verbose title npm install
8 verbose argv "install"
9 verbose logfile logs-max:10 dir:C:\wang\.npm-cache\_logs\2026-08-03T06_22_53_745Z-
10 verbose logfile C:\wang\.npm-cache\_logs\2026-08-03T06_22_53_745Z-debug-0.log
11 silly logfile done cleaning log files
12 silly packumentCache heap:4496293888 maxSize:1124073472 maxEntrySize:562036736
13 silly idealTree buildDeps
14 silly reify mark retired [ 'C:\\wang\\mobile-order\\node_modules\\acorn' ]
15 silly reify mark retired [ 'C:\\wang\\mobile-order\\node_modules\\acorn-jsx' ]
16 silly reify mark retired [ 'C:\\wang\\mobile-order\\node_modules\\acorn-import-phases' ]
17 silly reify mark retired [ 'C:\\wang\\mobile-order\\node_modules\\acorn-loose' ]
18 silly reify mark retired [ 'C:\\wang\\mobile-order\\node_modules\\ajv' ]
19 silly reify mark retired [ 'C:\\wang\\mobile-order\\node_modules\\aria-query' ]
20 silly reify mark retired [ 'C:\\wang\\mobile-order\\node_modules\\array-buffer-byte-length' ]
21 silly reify mark retired [ 'C:\\wang\\mobile-order\\node_modules\\array-includes' ]
22 silly reify mark retired [ 'C:\\wang\\mobile-order\\node_modules\\array.prototype.findlast' ]
23 silly reify mark retired [
23 silly reify   'C:\\wang\\mobile-order\\node_modules\\array.prototype.findlastindex'
23 silly reify ]
24 silly reify mark retired [ 'C:\\wang\\mobile-order\\node_modules\\array.prototype.flat' ]
25 silly reify mark retired [ 'C:\\wang\\mobile-order\\node_modules\\array.prototype.flatmap' ]
26 silly reify mark retired [ 'C:\\wang\\mobile-order\\node_modules\\array.prototype.tosorted' ]
27 silly reify mark retired [ 'C:\\wang\\mobile-order\\node_modules\\arraybuffer.prototype.slice' ]
28 silly reify mark retired [ 'C:\\wang\\mobile-order\\node_modules\\ast-types-flow' ]
29 silly reify mark retired [ 'C:\\wang\\mobile-order\\node_modules\\async-function' ]
30 silly reify mark retired [ 'C:\\wang\\mobile-order\\node_modules\\axe-core' ]
31 silly reify mark retired [ 'C:\\wang\\mobile-order\\node_modules\\axobject-query' ]
32 silly reify mark retired [ 'C:\\wang\\mobile-order\\node_modules\\baseline-browser-mapping' ]
33 silly reify mark retired [ 'C:\\wang\\mobile-order\\node_modules\\blake3-wasm' ]
34 silly reify mark retired [ 'C:\\wang\\mobile-order\\node_modules\\base64-js' ]
35 silly reify mark retired [ 'C:\\wang\\mobile-order\\node_modules\\brace-expansion' ]
36 silly reify mark retired [ 'C:\\wang\\mobile-order\\node_modules\\browserslist' ]
37 silly reify mark retired [ 'C:\\wang\\mobile-order\\node_modules\\buffer-from' ]
38 silly reify mark retired [ 'C:\\wang\\mobile-order\\node_modules\\camelize' ]
39 silly reify mark retired [ 'C:\\wang\\mobile-order\\node_modules\\caniuse-lite' ]
40 silly reify mark retired [ 'C:\\wang\\mobile-order\\node_modules\\chrome-trace-event' ]
41 silly reify mark retired [ 'C:\\wang\\mobile-order\\node_modules\\client-only' ]
42 silly reify mark retired [ 'C:\\wang\\mobile-order\\node_modules\\convert-source-map' ]
43 silly reify mark retired [ 'C:\\wang\\mobile-order\\node_modules\\cookie' ]
44 silly reify mark retired [ 'C:\\wang\\mobile-order\\node_modules\\css-background-parser' ]
45 silly reify mark retired [ 'C:\\wang\\mobile-order\\node_modules\\css-box-shadow' ]
46 silly reify mark retired [ 'C:\\wang\\mobile-order\\node_modules\\css-color-keywords' ]
47 silly reify mark retired [ 'C:\\wang\\mobile-order\\node_modules\\css-gradient-parser' ]
48 silly reify mark retired [ 'C:\\wang\\mobile-order\\node_modules\\css-to-react-native' ]
49 silly reify mark retired [ 'C:\\wang\\mobile-order\\node_modules\\damerau-levenshtein' ]
50 silly reify mark retired [ 'C:\\wang\\mobile-order\\node_modules\\data-view-buffer' ]
51 silly reify mark retired [ 'C:\\wang\\mobile-order\\node_modules\\data-view-byte-length' ]
52 silly reify mark retired [ 'C:\\wang\\mobile-order\\node_modules\\data-view-byte-offset' ]
53 silly reify mark retired [ 'C:\\wang\\mobile-order\\node_modules\\deep-is' ]
54 silly reify mark retired [ 'C:\\wang\\mobile-order\\node_modules\\define-properties' ]
55 silly reify mark retired [ 'C:\\wang\\mobile-order\\node_modules\\detect-libc' ]
56 silly reify mark retired [ 'C:\\wang\\mobile-order\\node_modules\\doctrine' ]
57 silly reify mark retired [ 'C:\\wang\\mobile-order\\node_modules\\drizzle-kit' ]
58 silly reify mark retired [ 'C:\\wang\\mobile-order\\node_modules\\drizzle-orm' ]
59 silly reify mark retired [ 'C:\\wang\\mobile-order\\node_modules\\electron-to-chromium' ]
60 silly reify mark retired [ 'C:\\wang\\mobile-order\\node_modules\\emoji-regex' ]
61 silly reify mark retired [ 'C:\\wang\\mobile-order\\node_modules\\emoji-regex-xs' ]
62 silly reify mark retired [ 'C:\\wang\\mobile-order\\node_modules\\enhanced-resolve' ]
63 silly reify mark retired [ 'C:\\wang\\mobile-order\\node_modules\\error-stack-parser-es' ]
64 silly reify mark retired [ 'C:\\wang\\mobile-order\\node_modules\\es-abstract' ]
65 silly reify mark retired [ 'C:\\wang\\mobile-order\\node_modules\\es-iterator-helpers' ]
66 silly reify mark retired [ 'C:\\wang\\mobile-order\\node_modules\\es-module-lexer' ]
67 silly reify mark retired [ 'C:\\wang\\mobile-order\\node_modules\\es-object-atoms' ]
68 silly reify mark retired [ 'C:\\wang\\mobile-order\\node_modules\\es-shim-unscopables' ]
69 silly reify mark retired [ 'C:\\wang\\mobile-order\\node_modules\\es-to-primitive' ]
70 silly reify mark retired [ 'C:\\wang\\mobile-order\\node_modules\\esbuild' ]
71 silly reify mark retired [ 'C:\\wang\\mobile-order\\node_modules\\escape-html' ]
72 silly reify mark retired [ 'C:\\wang\\mobile-order\\node_modules\\eslint' ]
73 silly reify mark retired [ 'C:\\wang\\mobile-order\\node_modules\\eslint-config-next' ]
74 silly reify mark retired [ 'C:\\wang\\mobile-order\\node_modules\\eslint-import-resolver-node' ]
75 silly reify mark retired [
75 silly reify   'C:\\wang\\mobile-order\\node_modules\\eslint-import-resolver-typescript'
75 silly reify ]
76 silly reify mark retired [ 'C:\\wang\\mobile-order\\node_modules\\eslint-module-utils' ]
77 silly reify mark retired [ 'C:\\wang\\mobile-order\\node_modules\\eslint-plugin-import' ]
78 silly reify mark retired [ 'C:\\wang\\mobile-order\\node_modules\\eslint-plugin-jsx-a11y' ]
79 silly reify mark retired [ 'C:\\wang\\mobile-order\\node_modules\\eslint-plugin-react' ]
80 silly reify mark retired [ 'C:\\wang\\mobile-order\\node_modules\\eslint-plugin-react-hooks' ]
81 silly reify mark retired [ 'C:\\wang\\mobile-order\\node_modules\\eslint-scope' ]
82 silly reify mark retired [ 'C:\\wang\\mobile-order\\node_modules\\eslint-visitor-keys' ]
83 silly reify mark retired [ 'C:\\wang\\mobile-order\\node_modules\\espree' ]
84 silly reify mark retired [ 'C:\\wang\\mobile-order\\node_modules\\esquery' ]
85 silly reify mark retired [ 'C:\\wang\\mobile-order\\node_modules\\esrecurse' ]
86 silly reify mark retired [ 'C:\\wang\\mobile-order\\node_modules\\estree-walker' ]
87 silly reify mark retired [ 'C:\\wang\\mobile-order\\node_modules\\events' ]
88 silly reify mark retired [ 'C:\\wang\\mobile-order\\node_modules\\fast-glob' ]
89 silly reify mark retired [ 'C:\\wang\\mobile-order\\node_modules\\fast-levenshtein' ]
90 silly reify mark retired [ 'C:\\wang\\mobile-order\\node_modules\\fflate' ]
91 silly reify mark retired [ 'C:\\wang\\mobile-order\\node_modules\\file-entry-cache' ]
92 silly reify mark retired [ 'C:\\wang\\mobile-order\\node_modules\\find-up' ]
93 silly reify mark retired [ 'C:\\wang\\mobile-order\\node_modules\\flat-cache' ]
94 silly reify mark retired [ 'C:\\wang\\mobile-order\\node_modules\\flatted' ]
95 silly reify mark retired [ 'C:\\wang\\mobile-order\\node_modules\\function.prototype.name' ]
96 silly reify mark retired [ 'C:\\wang\\mobile-order\\node_modules\\functions-have-names' ]
97 silly reify mark retired [ 'C:\\wang\\mobile-order\\node_modules\\gensync' ]
98 silly reify mark retired [ 'C:\\wang\\mobile-order\\node_modules\\get-symbol-description' ]
99 silly reify mark retired [ 'C:\\wang\\mobile-order\\node_modules\\get-tsconfig' ]
100 silly reify mark retired [ 'C:\\wang\\mobile-order\\node_modules\\glob-parent' ]
101 silly reify mark retired [ 'C:\\wang\\mobile-order\\node_modules\\glob-to-regexp' ]
102 silly reify mark retired [ 'C:\\wang\\mobile-order\\node_modules\\globals' ]
103 silly reify mark retired [ 'C:\\wang\\mobile-order\\node_modules\\globalthis' ]
104 silly reify mark retired [ 'C:\\wang\\mobile-order\\node_modules\\globrex' ]
105 silly reify mark retired [ 'C:\\wang\\mobile-order\\node_modules\\has-bigints' ]
106 silly reify mark retired [ 'C:\\wang\\mobile-order\\node_modules\\has-proto' ]
107 silly reify mark retired [ 'C:\\wang\\mobile-order\\node_modules\\hasown' ]
108 silly reify mark retired [ 'C:\\wang\\mobile-order\\node_modules\\hermes-estree' ]
109 silly reify mark retired [ 'C:\\wang\\mobile-order\\node_modules\\hermes-parser' ]
110 silly reify mark retired [ 'C:\\wang\\mobile-order\\node_modules\\hex-rgb' ]
111 silly reify mark retired [ 'C:\\wang\\mobile-order\\node_modules\\image-size' ]
112 silly reify mark retired [ 'C:\\wang\\mobile-order\\node_modules\\internal-slot' ]
113 silly reify mark retired [ 'C:\\wang\\mobile-order\\node_modules\\ipaddr.js' ]
114 silly reify mark retired [ 'C:\\wang\\mobile-order\\node_modules\\is-array-buffer' ]
115 silly reify mark retired [ 'C:\\wang\\mobile-order\\node_modules\\is-async-function' ]
116 silly reify mark retired [ 'C:\\wang\\mobile-order\\node_modules\\is-bigint' ]
117 silly reify mark retired [ 'C:\\wang\\mobile-order\\node_modules\\is-boolean-object' ]
118 silly reify mark retired [ 'C:\\wang\\mobile-order\\node_modules\\imurmurhash' ]
119 silly reify mark retired [ 'C:\\wang\\mobile-order\\node_modules\\is-core-module' ]
120 silly reify mark retired [ 'C:\\wang\\mobile-order\\node_modules\\is-data-view' ]
121 silly reify mark retired [ 'C:\\wang\\mobile-order\\node_modules\\is-bun-module' ]
122 silly reify mark retired [ 'C:\\wang\\mobile-order\\node_modules\\is-date-object' ]
123 silly reify mark retired [ 'C:\\wang\\mobile-order\\node_modules\\is-finalizationregistry' ]
124 silly reify mark retired [ 'C:\\wang\\mobile-order\\node_modules\\is-map' ]
125 silly reify mark retired [ 'C:\\wang\\mobile-order\\node_modules\\is-negative-zero' ]
126 silly reify mark retired [ 'C:\\wang\\mobile-order\\node_modules\\is-number-object' ]
127 silly reify mark retired [ 'C:\\wang\\mobile-order\\node_modules\\is-set' ]
128 silly reify mark retired [ 'C:\\wang\\mobile-order\\node_modules\\is-shared-array-buffer' ]
129 silly reify mark retired [ 'C:\\wang\\mobile-order\\node_modules\\is-symbol' ]
130 silly reify mark retired [ 'C:\\wang\\mobile-order\\node_modules\\is-string' ]
131 silly reify mark retired [ 'C:\\wang\\mobile-order\\node_modules\\is-weakmap' ]
132 silly reify mark retired [ 'C:\\wang\\mobile-order\\node_modules\\is-weakref' ]
133 silly reify mark retired [ 'C:\\wang\\mobile-order\\node_modules\\is-weakset' ]
134 silly reify mark retired [ 'C:\\wang\\mobile-order\\node_modules\\iterator.prototype' ]
135 silly reify mark retired [ 'C:\\wang\\mobile-order\\node_modules\\jest-worker' ]
136 silly reify mark retired [ 'C:\\wang\\mobile-order\\node_modules\\jiti' ]
137 silly reify mark retired [ 'C:\\wang\\mobile-order\\node_modules\\js-yaml' ]
138 silly reify mark retired [ 'C:\\wang\\mobile-order\\node_modules\\jsesc' ]
139 silly reify mark retired [ 'C:\\wang\\mobile-order\\node_modules\\json-buffer' ]
140 silly reify mark retired [
140 silly reify   'C:\\wang\\mobile-order\\node_modules\\json-stable-stringify-without-jsonify'
140 silly reify ]
141 silly reify mark retired [ 'C:\\wang\\mobile-order\\node_modules\\json5' ]
142 silly reify mark retired [ 'C:\\wang\\mobile-order\\node_modules\\keyv' ]
143 silly reify mark retired [ 'C:\\wang\\mobile-order\\node_modules\\jsx-ast-utils' ]
144 silly reify mark retired [ 'C:\\wang\\mobile-order\\node_modules\\kleur' ]
145 silly reify mark retired [ 'C:\\wang\\mobile-order\\node_modules\\language-subtag-registry' ]
146 silly reify mark retired [ 'C:\\wang\\mobile-order\\node_modules\\language-tags' ]
147 silly reify mark retired [ 'C:\\wang\\mobile-order\\node_modules\\levn' ]
148 silly reify mark retired [ 'C:\\wang\\mobile-order\\node_modules\\lightningcss' ]
149 silly reify mark retired [ 'C:\\wang\\mobile-order\\node_modules\\lightningcss-win32-x64-msvc' ]
150 silly reify mark retired [ 'C:\\wang\\mobile-order\\node_modules\\linebreak' ]
151 silly reify mark retired [ 'C:\\wang\\mobile-order\\node_modules\\loader-runner' ]
152 silly reify mark retired [ 'C:\\wang\\mobile-order\\node_modules\\locate-path' ]
153 silly reify mark retired [ 'C:\\wang\\mobile-order\\node_modules\\lodash.merge' ]
154 silly reify mark retired [ 'C:\\wang\\mobile-order\\node_modules\\lru-cache' ]
155 silly reify mark retired [ 'C:\\wang\\mobile-order\\node_modules\\loose-envify' ]
156 silly reify mark retired [ 'C:\\wang\\mobile-order\\node_modules\\merge-stream' ]
157 silly reify mark retired [ 'C:\\wang\\mobile-order\\node_modules\\mime-db' ]
158 silly reify mark retired [ 'C:\\wang\\mobile-order\\node_modules\\miniflare' ]
159 silly reify mark retired [ 'C:\\wang\\mobile-order\\node_modules\\nanoid' ]
160 silly reify mark retired [ 'C:\\wang\\mobile-order\\node_modules\\napi-postinstall' ]
161 silly reify mark retired [ 'C:\\wang\\mobile-order\\node_modules\\natural-compare' ]
162 silly reify mark retired [ 'C:\\wang\\mobile-order\\node_modules\\next' ]
163 silly reify mark retired [ 'C:\\wang\\mobile-order\\node_modules\\node-exports-info' ]
164 silly reify mark retired [ 'C:\\wang\\mobile-order\\node_modules\\node-releases' ]
165 silly reify mark retired [ 'C:\\wang\\mobile-order\\node_modules\\object-inspect' ]
166 silly reify mark retired [ 'C:\\wang\\mobile-order\\node_modules\\object-keys' ]
167 silly reify mark retired [ 'C:\\wang\\mobile-order\\node_modules\\object.assign' ]
168 silly reify mark retired [ 'C:\\wang\\mobile-order\\node_modules\\object.entries' ]
169 silly reify mark retired [ 'C:\\wang\\mobile-order\\node_modules\\object.fromentries' ]
170 silly reify mark retired [ 'C:\\wang\\mobile-order\\node_modules\\object.groupby' ]
171 silly reify mark retired [ 'C:\\wang\\mobile-order\\node_modules\\optionator' ]
172 silly reify mark retired [ 'C:\\wang\\mobile-order\\node_modules\\object.values' ]
173 silly reify mark retired [ 'C:\\wang\\mobile-order\\node_modules\\own-keys' ]
174 silly reify mark retired [ 'C:\\wang\\mobile-order\\node_modules\\p-limit' ]
175 silly reify mark retired [ 'C:\\wang\\mobile-order\\node_modules\\pako' ]
176 silly reify mark retired [ 'C:\\wang\\mobile-order\\node_modules\\p-locate' ]
177 silly reify mark retired [ 'C:\\wang\\mobile-order\\node_modules\\parse-css-color' ]
178 silly reify mark retired [ 'C:\\wang\\mobile-order\\node_modules\\path-exists' ]
179 silly reify mark retired [ 'C:\\wang\\mobile-order\\node_modules\\path-parse' ]
180 silly reify mark retired [ 'C:\\wang\\mobile-order\\node_modules\\path-to-regexp' ]
181 silly reify mark retired [ 'C:\\wang\\mobile-order\\node_modules\\pathe' ]
182 silly reify mark retired [ 'C:\\wang\\mobile-order\\node_modules\\postcss' ]
183 silly reify mark retired [ 'C:\\wang\\mobile-order\\node_modules\\postcss-value-parser' ]
184 silly reify mark retired [ 'C:\\wang\\mobile-order\\node_modules\\prelude-ls' ]
185 silly reify mark retired [ 'C:\\wang\\mobile-order\\node_modules\\prop-types' ]
186 silly reify mark retired [ 'C:\\wang\\mobile-order\\node_modules\\react' ]
187 silly reify mark retired [ 'C:\\wang\\mobile-order\\node_modules\\react-dom' ]
188 silly reify mark retired [ 'C:\\wang\\mobile-order\\node_modules\\react-is' ]
189 silly reify mark retired [ 'C:\\wang\\mobile-order\\node_modules\\react-loading-skeleton' ]
190 silly reify mark retired [ 'C:\\wang\\mobile-order\\node_modules\\react-server-dom-webpack' ]
191 silly reify mark retired [ 'C:\\wang\\mobile-order\\node_modules\\reflect.getprototypeof' ]
192 silly reify mark retired [ 'C:\\wang\\mobile-order\\node_modules\\regexp.prototype.flags' ]
193 silly reify mark retired [ 'C:\\wang\\mobile-order\\node_modules\\resolve' ]
194 silly reify mark retired [ 'C:\\wang\\mobile-order\\node_modules\\resolve-pkg-maps' ]
195 silly reify mark retired [ 'C:\\wang\\mobile-order\\node_modules\\rolldown' ]
196 silly reify mark retired [ 'C:\\wang\\mobile-order\\node_modules\\safe-array-concat' ]
197 silly reify mark retired [ 'C:\\wang\\mobile-order\\node_modules\\safe-push-apply' ]
198 silly reify mark retired [ 'C:\\wang\\mobile-order\\node_modules\\satori' ]
199 silly reify mark retired [ 'C:\\wang\\mobile-order\\node_modules\\semver' ]
200 silly reify mark retired [ 'C:\\wang\\mobile-order\\node_modules\\set-function-name' ]
201 silly reify mark retired [ 'C:\\wang\\mobile-order\\node_modules\\scheduler' ]
202 silly reify mark retired [ 'C:\\wang\\mobile-order\\node_modules\\set-proto' ]
203 silly reify mark retired [ 'C:\\wang\\mobile-order\\node_modules\\schema-utils' ]
204 silly reify mark retired [ 'C:\\wang\\mobile-order\\node_modules\\sharp' ]
205 silly reify mark retired [ 'C:\\wang\\mobile-order\\node_modules\\side-channel' ]
206 silly reify mark retired [ 'C:\\wang\\mobile-order\\node_modules\\side-channel-list' ]
207 silly reify mark retired [ 'C:\\wang\\mobile-order\\node_modules\\side-channel-map' ]
208 silly reify mark retired [ 'C:\\wang\\mobile-order\\node_modules\\side-channel-weakmap' ]
209 silly reify mark retired [ 'C:\\wang\\mobile-order\\node_modules\\source-map-support' ]
210 silly reify mark retired [ 'C:\\wang\\mobile-order\\node_modules\\srvx' ]
211 silly reify mark retired [ 'C:\\wang\\mobile-order\\node_modules\\stable-hash' ]
212 silly reify mark retired [
212 silly reify   'C:\\wang\\mobile-order\\node_modules\\string.prototype.codepointat'
212 silly reify ]
213 silly reify mark retired [ 'C:\\wang\\mobile-order\\node_modules\\stop-iteration-iterator' ]
214 silly reify mark retired [ 'C:\\wang\\mobile-order\\node_modules\\string.prototype.includes' ]
215 silly reify mark retired [ 'C:\\wang\\mobile-order\\node_modules\\string.prototype.repeat' ]
216 silly reify mark retired [ 'C:\\wang\\mobile-order\\node_modules\\string.prototype.matchall' ]
217 silly reify mark retired [ 'C:\\wang\\mobile-order\\node_modules\\string.prototype.trim' ]
218 silly reify mark retired [ 'C:\\wang\\mobile-order\\node_modules\\string.prototype.trimend' ]
219 silly reify mark retired [ 'C:\\wang\\mobile-order\\node_modules\\string.prototype.trimstart' ]
220 silly reify mark retired [ 'C:\\wang\\mobile-order\\node_modules\\strip-literal' ]
221 silly reify mark retired [ 'C:\\wang\\mobile-order\\node_modules\\strip-json-comments' ]
222 silly reify mark retired [ 'C:\\wang\\mobile-order\\node_modules\\styled-jsx' ]
223 silly reify mark retired [
223 silly reify   'C:\\wang\\mobile-order\\node_modules\\supports-preserve-symlinks-flag'
223 silly reify ]
224 silly reify mark retired [ 'C:\\wang\\mobile-order\\node_modules\\tailwindcss' ]
225 silly reify mark retired [ 'C:\\wang\\mobile-order\\node_modules\\tapable' ]
226 silly reify mark retired [ 'C:\\wang\\mobile-order\\node_modules\\terser' ]
227 silly reify mark retired [ 'C:\\wang\\mobile-order\\node_modules\\tinyglobby' ]
228 silly reify mark retired [ 'C:\\wang\\mobile-order\\node_modules\\terser-webpack-plugin' ]
229 silly reify mark retired [ 'C:\\wang\\mobile-order\\node_modules\\ts-api-utils' ]
230 silly reify mark retired [ 'C:\\wang\\mobile-order\\node_modules\\tsconfck' ]
231 silly reify mark retired [ 'C:\\wang\\mobile-order\\node_modules\\tsconfig-paths' ]
232 silly reify mark retired [ 'C:\\wang\\mobile-order\\node_modules\\tiny-inflate' ]
233 silly reify mark retired [ 'C:\\wang\\mobile-order\\node_modules\\tsx' ]
234 silly reify mark retired [ 'C:\\wang\\mobile-order\\node_modules\\turbo-stream' ]
235 silly reify mark retired [ 'C:\\wang\\mobile-order\\node_modules\\type-check' ]
236 silly reify mark retired [ 'C:\\wang\\mobile-order\\node_modules\\typed-array-byte-offset' ]
237 silly reify mark retired [ 'C:\\wang\\mobile-order\\node_modules\\typed-array-byte-length' ]
238 silly reify mark retired [ 'C:\\wang\\mobile-order\\node_modules\\typed-array-length' ]
239 silly reify mark retired [ 'C:\\wang\\mobile-order\\node_modules\\typescript' ]
240 silly reify mark retired [ 'C:\\wang\\mobile-order\\node_modules\\unbox-primitive' ]
241 silly reify mark retired [ 'C:\\wang\\mobile-order\\node_modules\\typescript-eslint' ]
242 silly reify mark retired [ 'C:\\wang\\mobile-order\\node_modules\\undici' ]
243 silly reify mark retired [ 'C:\\wang\\mobile-order\\node_modules\\undici-types' ]
244 silly reify mark retired [ 'C:\\wang\\mobile-order\\node_modules\\unenv' ]
245 silly reify mark retired [ 'C:\\wang\\mobile-order\\node_modules\\unicode-trie' ]
246 silly reify mark retired [ 'C:\\wang\\mobile-order\\node_modules\\unpic' ]
247 silly reify mark retired [ 'C:\\wang\\mobile-order\\node_modules\\unrs-resolver' ]
248 silly reify mark retired [ 'C:\\wang\\mobile-order\\node_modules\\update-browserslist-db' ]
249 silly reify mark retired [ 'C:\\wang\\mobile-order\\node_modules\\vinext' ]
250 silly reify mark retired [ 'C:\\wang\\mobile-order\\node_modules\\vite' ]
251 silly reify mark retired [ 'C:\\wang\\mobile-order\\node_modules\\vite-plugin-commonjs' ]
252 silly reify mark retired [ 'C:\\wang\\mobile-order\\node_modules\\vite-plugin-dynamic-import' ]
253 silly reify mark retired [ 'C:\\wang\\mobile-order\\node_modules\\vite-tsconfig-paths' ]
254 silly reify mark retired [ 'C:\\wang\\mobile-order\\node_modules\\vitefu' ]
255 silly reify mark retired [ 'C:\\wang\\mobile-order\\node_modules\\watchpack' ]
256 silly reify mark retired [ 'C:\\wang\\mobile-order\\node_modules\\web-vitals' ]
257 silly reify mark retired [ 'C:\\wang\\mobile-order\\node_modules\\webpack' ]
258 silly reify mark retired [ 'C:\\wang\\mobile-order\\node_modules\\webpack-sources' ]
259 silly reify mark retired [ 'C:\\wang\\mobile-order\\node_modules\\which' ]
260 silly reify mark retired [ 'C:\\wang\\mobile-order\\node_modules\\which-boxed-primitive' ]
261 silly reify mark retired [ 'C:\\wang\\mobile-order\\node_modules\\which-builtin-type' ]
262 silly reify mark retired [ 'C:\\wang\\mobile-order\\node_modules\\which-collection' ]
263 silly reify mark retired [ 'C:\\wang\\mobile-order\\node_modules\\word-wrap' ]
264 silly reify mark retired [ 'C:\\wang\\mobile-order\\node_modules\\which-typed-array' ]
265 silly reify mark retired [ 'C:\\wang\\mobile-order\\node_modules\\workerd' ]
266 silly reify mark retired [ 'C:\\wang\\mobile-order\\node_modules\\ws' ]
267 silly reify mark retired [ 'C:\\wang\\mobile-order\\node_modules\\wrangler' ]
268 silly reify mark retired [ 'C:\\wang\\mobile-order\\node_modules\\yallist' ]
269 silly reify mark retired [ 'C:\\wang\\mobile-order\\node_modules\\yocto-queue' ]
270 silly reify mark retired [ 'C:\\wang\\mobile-order\\node_modules\\yoga-layout' ]
271 silly reify mark retired [ 'C:\\wang\\mobile-order\\node_modules\\youch' ]
272 silly reify mark retired [ 'C:\\wang\\mobile-order\\node_modules\\youch-core' ]
273 silly reify mark retired [ 'C:\\wang\\mobile-order\\node_modules\\zod' ]
274 silly reify mark retired [ 'C:\\wang\\mobile-order\\node_modules\\zod-validation-error' ]
275 silly reify mark retired [ 'C:\\wang\\mobile-order\\node_modules\\@alloc\\quick-lru' ]
276 silly reify mark retired [ 'C:\\wang\\mobile-order\\node_modules\\@babel\\code-frame' ]
277 silly reify mark retired [ 'C:\\wang\\mobile-order\\node_modules\\@babel\\compat-data' ]
278 silly reify mark retired [ 'C:\\wang\\mobile-order\\node_modules\\@babel\\core' ]
279 silly reify mark retired [ 'C:\\wang\\mobile-order\\node_modules\\@babel\\generator' ]
280 silly reify mark retired [
280 silly reify   'C:\\wang\\mobile-order\\node_modules\\@babel\\helper-compilation-targets'
280 silly reify ]
281 silly reify mark retired [ 'C:\\wang\\mobile-order\\node_modules\\@babel\\helper-globals' ]
282 silly reify mark retired [
282 silly reify   'C:\\wang\\mobile-order\\node_modules\\@babel\\helper-module-imports'
282 silly reify ]
283 silly reify mark retired [
283 silly reify   'C:\\wang\\mobile-order\\node_modules\\@babel\\helper-module-transforms'
283 silly reify ]
284 silly reify mark retired [
284 silly reify   'C:\\wang\\mobile-order\\node_modules\\@babel\\helper-string-parser'
284 silly reify ]
285 silly reify mark retired [
285 silly reify   'C:\\wang\\mobile-order\\node_modules\\@babel\\helper-validator-identifier'
285 silly reify ]
286 silly reify mark retired [
286 silly reify   'C:\\wang\\mobile-order\\node_modules\\@babel\\helper-validator-option'
286 silly reify ]
287 silly reify mark retired [ 'C:\\wang\\mobile-order\\node_modules\\@babel\\helpers' ]
288 silly reify mark retired [ 'C:\\wang\\mobile-order\\node_modules\\@babel\\parser' ]
289 silly reify mark retired [ 'C:\\wang\\mobile-order\\node_modules\\@babel\\template' ]
290 silly reify mark retired [ 'C:\\wang\\mobile-order\\node_modules\\@babel\\traverse' ]
291 silly reify mark retired [ 'C:\\wang\\mobile-order\\node_modules\\@babel\\types' ]
292 silly reify mark retired [
292 silly reify   'C:\\wang\\mobile-order\\node_modules\\@cloudflare\\kv-asset-handler'
292 silly reify ]
293 silly reify mark retired [ 'C:\\wang\\mobile-order\\node_modules\\@cloudflare\\unenv-preset' ]
294 silly reify mark retired [ 'C:\\wang\\mobile-order\\node_modules\\@cloudflare\\vite-plugin' ]
295 silly reify mark retired [
295 silly reify   'C:\\wang\\mobile-order\\node_modules\\@cloudflare\\workerd-windows-64'
295 silly reify ]
296 silly reify mark retired [ 'C:\\wang\\mobile-order\\node_modules\\@emnapi\\core' ]
297 silly reify mark retired [ 'C:\\wang\\mobile-order\\node_modules\\@drizzle-team\\brocli' ]
298 silly reify mark retired [ 'C:\\wang\\mobile-order\\node_modules\\@emnapi\\wasi-threads' ]
299 silly reify mark retired [ 'C:\\wang\\mobile-order\\node_modules\\@emnapi\\runtime' ]
300 silly reify mark retired [ 'C:\\wang\\mobile-order\\node_modules\\@esbuild\\win32-x64' ]
301 silly reify mark retired [ 'C:\\wang\\mobile-order\\node_modules\\@esbuild-kit\\core-utils' ]
302 silly reify mark retired [ 'C:\\wang\\mobile-order\\node_modules\\@esbuild-kit\\esm-loader' ]
303 silly reify mark retired [ 'C:\\wang\\mobile-order\\node_modules\\@eslint\\config-array' ]
304 silly reify mark retired [ 'C:\\wang\\mobile-order\\node_modules\\@eslint\\config-helpers' ]
305 silly reify mark retired [ 'C:\\wang\\mobile-order\\node_modules\\@eslint\\core' ]
306 silly reify mark retired [ 'C:\\wang\\mobile-order\\node_modules\\@eslint\\eslintrc' ]
307 silly reify mark retired [ 'C:\\wang\\mobile-order\\node_modules\\@eslint\\js' ]
308 silly reify mark retired [ 'C:\\wang\\mobile-order\\node_modules\\@eslint\\object-schema' ]
309 silly reify mark retired [ 'C:\\wang\\mobile-order\\node_modules\\@eslint\\plugin-kit' ]
310 silly reify mark retired [
310 silly reify   'C:\\wang\\mobile-order\\node_modules\\@eslint-community\\eslint-utils'
310 silly reify ]
311 silly reify mark retired [ 'C:\\wang\\mobile-order\\node_modules\\@eslint-community\\regexpp' ]
312 silly reify mark retired [ 'C:\\wang\\mobile-order\\node_modules\\@humanfs\\core' ]
313 silly reify mark retired [ 'C:\\wang\\mobile-order\\node_modules\\@humanfs\\node' ]
314 silly reify mark retired [ 'C:\\wang\\mobile-order\\node_modules\\@humanfs\\types' ]
315 silly reify mark retired [
315 silly reify   'C:\\wang\\mobile-order\\node_modules\\@humanwhocodes\\module-importer'
315 silly reify ]
316 silly reify mark retired [ 'C:\\wang\\mobile-order\\node_modules\\@img\\colour' ]
317 silly reify mark retired [ 'C:\\wang\\mobile-order\\node_modules\\@humanwhocodes\\retry' ]
318 silly reify mark retired [ 'C:\\wang\\mobile-order\\node_modules\\@img\\sharp-win32-x64' ]
319 silly reify mark retired [ 'C:\\wang\\mobile-order\\node_modules\\@jridgewell\\gen-mapping' ]
320 silly reify mark retired [ 'C:\\wang\\mobile-order\\node_modules\\@jridgewell\\remapping' ]
321 silly reify mark retired [ 'C:\\wang\\mobile-order\\node_modules\\@jridgewell\\source-map' ]
322 silly reify mark retired [ 'C:\\wang\\mobile-order\\node_modules\\@jridgewell\\trace-mapping' ]
323 silly reify mark retired [ 'C:\\wang\\mobile-order\\node_modules\\@next\\env' ]
324 silly reify mark retired [ 'C:\\wang\\mobile-order\\node_modules\\@next\\swc-win32-x64-msvc' ]
325 silly reify mark retired [ 'C:\\wang\\mobile-order\\node_modules\\@next\\eslint-plugin-next' ]
326 silly reify mark retired [ 'C:\\wang\\mobile-order\\node_modules\\@nolyfill\\is-core-module' ]
327 silly reify mark retired [ 'C:\\wang\\mobile-order\\node_modules\\@oxc-project\\types' ]
328 silly reify mark retired [ 'C:\\wang\\mobile-order\\node_modules\\@poppinss\\colors' ]
329 silly reify mark retired [ 'C:\\wang\\mobile-order\\node_modules\\@poppinss\\dumper' ]
330 silly reify mark retired [ 'C:\\wang\\mobile-order\\node_modules\\@poppinss\\exception' ]
331 silly reify mark retired [ 'C:\\wang\\mobile-order\\node_modules\\@resvg\\resvg-wasm' ]
332 silly reify mark retired [
332 silly reify   'C:\\wang\\mobile-order\\node_modules\\@rolldown\\binding-win32-x64-msvc'
332 silly reify ]
333 silly reify mark retired [ 'C:\\wang\\mobile-order\\node_modules\\@rtsao\\scc' ]
334 silly reify mark retired [ 'C:\\wang\\mobile-order\\node_modules\\@speed-highlight\\core' ]
335 silly reify mark retired [ 'C:\\wang\\mobile-order\\node_modules\\@shuding\\opentype.js' ]
336 silly reify mark retired [ 'C:\\wang\\mobile-order\\node_modules\\@sindresorhus\\is' ]
337 silly reify mark retired [ 'C:\\wang\\mobile-order\\node_modules\\@swc\\helpers' ]
338 silly reify mark retired [ 'C:\\wang\\mobile-order\\node_modules\\@tailwindcss\\node' ]
339 silly reify mark retired [ 'C:\\wang\\mobile-order\\node_modules\\@tailwindcss\\oxide' ]
340 silly reify mark retired [
340 silly reify   'C:\\wang\\mobile-order\\node_modules\\@tailwindcss\\oxide-win32-x64-msvc'
340 silly reify ]
341 silly reify mark retired [ 'C:\\wang\\mobile-order\\node_modules\\@tailwindcss\\postcss' ]
342 silly reify mark retired [ 'C:\\wang\\mobile-order\\node_modules\\@tybys\\wasm-util' ]
343 silly reify mark retired [ 'C:\\wang\\mobile-order\\node_modules\\@types\\eslint' ]
344 silly reify mark retired [ 'C:\\wang\\mobile-order\\node_modules\\@types\\eslint-scope' ]
345 silly reify mark retired [ 'C:\\wang\\mobile-order\\node_modules\\@types\\json-schema' ]
346 silly reify mark retired [ 'C:\\wang\\mobile-order\\node_modules\\@types\\json5' ]
347 silly reify mark retired [ 'C:\\wang\\mobile-order\\node_modules\\@types\\node' ]
348 silly reify mark retired [ 'C:\\wang\\mobile-order\\node_modules\\@types\\react' ]
349 silly reify mark retired [ 'C:\\wang\\mobile-order\\node_modules\\@types\\react-dom' ]
350 silly reify mark retired [
350 silly reify   'C:\\wang\\mobile-order\\node_modules\\@typescript-eslint\\eslint-plugin'
350 silly reify ]
351 silly reify mark retired [ 'C:\\wang\\mobile-order\\node_modules\\@typescript-eslint\\parser' ]
352 silly reify mark retired [
352 silly reify   'C:\\wang\\mobile-order\\node_modules\\@typescript-eslint\\scope-manager'
352 silly reify ]
353 silly reify mark retired [
353 silly reify   'C:\\wang\\mobile-order\\node_modules\\@typescript-eslint\\project-service'
353 silly reify ]
354 silly reify mark retired [
354 silly reify   'C:\\wang\\mobile-order\\node_modules\\@typescript-eslint\\tsconfig-utils'
354 silly reify ]
355 silly reify mark retired [
355 silly reify   'C:\\wang\\mobile-order\\node_modules\\@typescript-eslint\\type-utils'
355 silly reify ]
356 silly reify mark retired [ 'C:\\wang\\mobile-order\\node_modules\\@typescript-eslint\\types' ]
357 silly reify mark retired [
357 silly reify   'C:\\wang\\mobile-order\\node_modules\\@typescript-eslint\\typescript-estree'
357 silly reify ]
358 silly reify mark retired [ 'C:\\wang\\mobile-order\\node_modules\\@typescript-eslint\\utils' ]
359 silly reify mark retired [
359 silly reify   'C:\\wang\\mobile-order\\node_modules\\@typescript-eslint\\visitor-keys'
359 silly reify ]
360 silly reify mark retired [ 'C:\\wang\\mobile-order\\node_modules\\@unpic\\core' ]
361 silly reify mark retired [ 'C:\\wang\\mobile-order\\node_modules\\@unpic\\react' ]
362 silly reify mark retired [
362 silly reify   'C:\\wang\\mobile-order\\node_modules\\@unrs\\resolver-binding-win32-x64-msvc'
362 silly reify ]
363 silly reify mark retired [ 'C:\\wang\\mobile-order\\node_modules\\@vercel\\og' ]
364 silly reify mark retired [ 'C:\\wang\\mobile-order\\node_modules\\@webassemblyjs\\ast' ]
365 silly reify mark retired [
365 silly reify   'C:\\wang\\mobile-order\\node_modules\\@webassemblyjs\\floating-point-hex-parser'
365 silly reify ]
366 silly reify mark retired [
366 silly reify   'C:\\wang\\mobile-order\\node_modules\\@webassemblyjs\\helper-api-error'
366 silly reify ]
367 silly reify mark retired [
367 silly reify   'C:\\wang\\mobile-order\\node_modules\\@webassemblyjs\\helper-buffer'
367 silly reify ]
368 silly reify mark retired [
368 silly reify   'C:\\wang\\mobile-order\\node_modules\\@webassemblyjs\\helper-numbers'
368 silly reify ]
369 silly reify mark retired [
369 silly reify   'C:\\wang\\mobile-order\\node_modules\\@webassemblyjs\\helper-wasm-bytecode'
369 silly reify ]
370 silly reify mark retired [
370 silly reify   'C:\\wang\\mobile-order\\node_modules\\@webassemblyjs\\helper-wasm-section'
370 silly reify ]
371 silly reify mark retired [ 'C:\\wang\\mobile-order\\node_modules\\@webassemblyjs\\ieee754' ]
372 silly reify mark retired [ 'C:\\wang\\mobile-order\\node_modules\\@webassemblyjs\\leb128' ]
373 silly reify mark retired [ 'C:\\wang\\mobile-order\\node_modules\\@webassemblyjs\\utf8' ]
374 silly reify mark retired [ 'C:\\wang\\mobile-order\\node_modules\\@webassemblyjs\\wasm-edit' ]
375 silly reify mark retired [ 'C:\\wang\\mobile-order\\node_modules\\@webassemblyjs\\wasm-gen' ]
376 silly reify mark retired [ 'C:\\wang\\mobile-order\\node_modules\\@webassemblyjs\\wasm-opt' ]
377 silly reify mark retired [ 'C:\\wang\\mobile-order\\node_modules\\@webassemblyjs\\wasm-parser' ]
378 silly reify mark retired [
378 silly reify   'C:\\wang\\mobile-order\\node_modules\\@webassemblyjs\\wast-printer'
378 silly reify ]
379 silly reify mark retired [ 'C:\\wang\\mobile-order\\node_modules\\@vitejs\\plugin-react' ]
380 silly reify mark retired [ 'C:\\wang\\mobile-order\\node_modules\\@vitejs\\plugin-rsc' ]
381 silly reify mark retired [ 'C:\\wang\\mobile-order\\node_modules\\@xtuc\\ieee754' ]
382 silly reify mark retired [ 'C:\\wang\\mobile-order\\node_modules\\@xtuc\\long' ]
383 silly reify moves {
383 silly reify   'C:\\wang\\mobile-order\\node_modules\\acorn': 'C:\\wang\\mobile-order\\node_modules\\.acorn-rwQLznYG',
383 silly reify   'C:\\wang\\mobile-order\\node_modules\\acorn-jsx': 'C:\\wang\\mobile-order\\node_modules\\.acorn-jsx-G0VPs7o8',
383 silly reify   'C:\\wang\\mobile-order\\node_modules\\acorn-import-phases': 'C:\\wang\\mobile-order\\node_modules\\.acorn-import-phases-RocnB0Ah',
383 silly reify   'C:\\wang\\mobile-order\\node_modules\\acorn-loose': 'C:\\wang\\mobile-order\\node_modules\\.acorn-loose-lhBbf78H',
383 silly reify   'C:\\wang\\mobile-order\\node_modules\\ajv': 'C:\\wang\\mobile-order\\node_modules\\.ajv-KjtUWpuZ',
383 silly reify   'C:\\wang\\mobile-order\\node_modules\\aria-query': 'C:\\wang\\mobile-order\\node_modules\\.aria-query-XyVFsy6X',
383 silly reify   'C:\\wang\\mobile-order\\node_modules\\array-buffer-byte-length': 'C:\\wang\\mobile-order\\node_modules\\.array-buffer-byte-length-NfyoEHiT',
383 silly reify   'C:\\wang\\mobile-order\\node_modules\\array-includes': 'C:\\wang\\mobile-order\\node_modules\\.array-includes-FGOLdbfq',
383 silly reify   'C:\\wang\\mobile-order\\node_modules\\array.prototype.findlast': 'C:\\wang\\mobile-order\\node_modules\\.array.prototype.findlast-PBSg8NVm',
383 silly reify   'C:\\wang\\mobile-order\\node_modules\\array.prototype.findlastindex': 'C:\\wang\\mobile-order\\node_modules\\.array.prototype.findlastindex-ObkYzQ2U',
383 silly reify   'C:\\wang\\mobile-order\\node_modules\\array.prototype.flat': 'C:\\wang\\mobile-order\\node_modules\\.array.prototype.flat-DvDSifAq',
383 silly reify   'C:\\wang\\mobile-order\\node_modules\\array.prototype.flatmap': 'C:\\wang\\mobile-order\\node_modules\\.array.prototype.flatmap-OrRtownZ',
383 silly reify   'C:\\wang\\mobile-order\\node_modules\\array.prototype.tosorted': 'C:\\wang\\mobile-order\\node_modules\\.array.prototype.tosorted-XOTO6pfx',
383 silly reify   'C:\\wang\\mobile-order\\node_modules\\arraybuffer.prototype.slice': 'C:\\wang\\mobile-order\\node_modules\\.arraybuffer.prototype.slice-nQKQu9wf',
383 silly reify   'C:\\wang\\mobile-order\\node_modules\\ast-types-flow': 'C:\\wang\\mobile-order\\node_modules\\.ast-types-flow-JjXxnAu7',
383 silly reify   'C:\\wang\\mobile-order\\node_modules\\async-function': 'C:\\wang\\mobile-order\\node_modules\\.async-function-XIWlnU5x',
383 silly reify   'C:\\wang\\mobile-order\\node_modules\\axe-core': 'C:\\wang\\mobile-order\\node_modules\\.axe-core-nTXU7Js5',
383 silly reify   'C:\\wang\\mobile-order\\node_modules\\axobject-query': 'C:\\wang\\mobile-order\\node_modules\\.axobject-query-Ols9vFlc',
383 silly reify   'C:\\wang\\mobile-order\\node_modules\\baseline-browser-mapping': 'C:\\wang\\mobile-order\\node_modules\\.baseline-browser-mapping-bMP7tEGQ',
383 silly reify   'C:\\wang\\mobile-order\\node_modules\\blake3-wasm': 'C:\\wang\\mobile-order\\node_modules\\.blake3-wasm-ZF32Jg0x',
383 silly reify   'C:\\wang\\mobile-order\\node_modules\\base64-js': 'C:\\wang\\mobile-order\\node_modules\\.base64-js-w3cjtlFt',
383 silly reify   'C:\\wang\\mobile-order\\node_modules\\brace-expansion': 'C:\\wang\\mobile-order\\node_modules\\.brace-expansion-NKo87ie2',
383 silly reify   'C:\\wang\\mobile-order\\node_modules\\browserslist': 'C:\\wang\\mobile-order\\node_modules\\.browserslist-Q6VigHj6',
383 silly reify   'C:\\wang\\mobile-order\\node_modules\\buffer-from': 'C:\\wang\\mobile-order\\node_modules\\.buffer-from-PVqnFVwa',
383 silly reify   'C:\\wang\\mobile-order\\node_modules\\camelize': 'C:\\wang\\mobile-order\\node_modules\\.camelize-P81gbxXg',
383 silly reify   'C:\\wang\\mobile-order\\node_modules\\caniuse-lite': 'C:\\wang\\mobile-order\\node_modules\\.caniuse-lite-DayQ1Vtt',
383 silly reify   'C:\\wang\\mobile-order\\node_modules\\chrome-trace-event': 'C:\\wang\\mobile-order\\node_modules\\.chrome-trace-event-Bmz97Z6k',
383 silly reify   'C:\\wang\\mobile-order\\node_modules\\client-only': 'C:\\wang\\mobile-order\\node_modules\\.client-only-5zr9Phhq',
383 silly reify   'C:\\wang\\mobile-order\\node_modules\\convert-source-map': 'C:\\wang\\mobile-order\\node_modules\\.convert-source-map-bJHhkCJm',
383 silly reify   'C:\\wang\\mobile-order\\node_modules\\cookie': 'C:\\wang\\mobile-order\\node_modules\\.cookie-YdbIF3NG',
383 silly reify   'C:\\wang\\mobile-order\\node_modules\\css-background-parser': 'C:\\wang\\mobile-order\\node_modules\\.css-background-parser-bA9ozcvS',
383 silly reify   'C:\\wang\\mobile-order\\node_modules\\css-box-shadow': 'C:\\wang\\mobile-order\\node_modules\\.css-box-shadow-y7TDOSZM',
383 silly reify   'C:\\wang\\mobile-order\\node_modules\\css-color-keywords': 'C:\\wang\\mobile-order\\node_modules\\.css-color-keywords-vyPZptsA',
383 silly reify   'C:\\wang\\mobile-order\\node_modules\\css-gradient-parser': 'C:\\wang\\mobile-order\\node_modules\\.css-gradient-parser-y0U0ToCy',
383 silly reify   'C:\\wang\\mobile-order\\node_modules\\css-to-react-native': 'C:\\wang\\mobile-order\\node_modules\\.css-to-react-native-F3kANA4P',
383 silly reify   'C:\\wang\\mobile-order\\node_modules\\damerau-levenshtein': 'C:\\wang\\mobile-order\\node_modules\\.damerau-levenshtein-Cv2jKKN8',
383 silly reify   'C:\\wang\\mobile-order\\node_modules\\data-view-buffer': 'C:\\wang\\mobile-order\\node_modules\\.data-view-buffer-WGhVTAZ4',
383 silly reify   'C:\\wang\\mobile-order\\node_modules\\data-view-byte-length': 'C:\\wang\\mobile-order\\node_modules\\.data-view-byte-length-3b3eYPFj',
383 silly reify   'C:\\wang\\mobile-order\\node_modules\\data-view-byte-offset': 'C:\\wang\\mobile-order\\node_modules\\.data-view-byte-offset-n49daiiZ',
383 silly reify   'C:\\wang\\mobile-order\\node_modules\\deep-is': 'C:\\wang\\mobile-order\\node_modules\\.deep-is-rXLKq0F1',
383 silly reify   'C:\\wang\\mobile-order\\node_modules\\define-properties': 'C:\\wang\\mobile-order\\node_modules\\.define-properties-ElOdeL2j',
383 silly reify   'C:\\wang\\mobile-order\\node_modules\\detect-libc': 'C:\\wang\\mobile-order\\node_modules\\.detect-libc-NIE0USMT',
383 silly reify   'C:\\wang\\mobile-order\\node_modules\\doctrine': 'C:\\wang\\mobile-order\\node_modules\\.doctrine-SXYOWb8m',
383 silly reify   'C:\\wang\\mobile-order\\node_modules\\drizzle-kit': 'C:\\wang\\mobile-order\\node_modules\\.drizzle-kit-qLYydx04',
383 silly reify   'C:\\wang\\mobile-order\\node_modules\\drizzle-orm': 'C:\\wang\\mobile-order\\node_modules\\.drizzle-orm-ANlhpMWM',
383 silly reify   'C:\\wang\\mobile-order\\node_modules\\electron-to-chromium': 'C:\\wang\\mobile-order\\node_modules\\.electron-to-chromium-1RjY62jV',
383 silly reify   'C:\\wang\\mobile-order\\node_modules\\emoji-regex': 'C:\\wang\\mobile-order\\node_modules\\.emoji-regex-GyxXOtN7',
383 silly reify   'C:\\wang\\mobile-order\\node_modules\\emoji-regex-xs': 'C:\\wang\\mobile-order\\node_modules\\.emoji-regex-xs-057G4cf2',
383 silly reify   'C:\\wang\\mobile-order\\node_modules\\enhanced-resolve': 'C:\\wang\\mobile-order\\node_modules\\.enhanced-resolve-ddJOY7HX',
383 silly reify   'C:\\wang\\mobile-order\\node_modules\\error-stack-parser-es': 'C:\\wang\\mobile-order\\node_modules\\.error-stack-parser-es-Ht7cuS1l',
383 silly reify   'C:\\wang\\mobile-order\\node_modules\\es-abstract': 'C:\\wang\\mobile-order\\node_modules\\.es-abstract-80JGqnKJ',
383 silly reify   'C:\\wang\\mobile-order\\node_modules\\es-iterator-helpers': 'C:\\wang\\mobile-order\\node_modules\\.es-iterator-helpers-Km6pIwr0',
383 silly reify   'C:\\wang\\mobile-order\\node_modules\\es-module-lexer': 'C:\\wang\\mobile-order\\node_modules\\.es-module-lexer-k3P5nMWi',
383 silly reify   'C:\\wang\\mobile-order\\node_modules\\es-object-atoms': 'C:\\wang\\mobile-order\\node_modules\\.es-object-atoms-9L6fwNc7',
383 silly reify   'C:\\wang\\mobile-order\\node_modules\\es-shim-unscopables': 'C:\\wang\\mobile-order\\node_modules\\.es-shim-unscopables-pVffd3Ck',
383 silly reify   'C:\\wang\\mobile-order\\node_modules\\es-to-primitive': 'C:\\wang\\mobile-order\\node_modules\\.es-to-primitive-5AyoV7FL',
383 silly reify   'C:\\wang\\mobile-order\\node_modules\\esbuild': 'C:\\wang\\mobile-order\\node_modules\\.esbuild-TJ9WmoUr',
383 silly reify   'C:\\wang\\mobile-order\\node_modules\\escape-html': 'C:\\wang\\mobile-order\\node_modules\\.escape-html-ZDwlwoWn',
383 silly reify   'C:\\wang\\mobile-order\\node_modules\\eslint': 'C:\\wang\\mobile-order\\node_modules\\.eslint-2BUuNG9W',
383 silly reify   'C:\\wang\\mobile-order\\node_modules\\eslint-config-next': 'C:\\wang\\mobile-order\\node_modules\\.eslint-config-next-VVAJzmpK',
383 silly reify   'C:\\wang\\mobile-order\\node_modules\\eslint-import-resolver-node': 'C:\\wang\\mobile-order\\node_modules\\.eslint-import-resolver-node-aSRieYn0',
383 silly reify   'C:\\wang\\mobile-order\\node_modules\\eslint-import-resolver-typescript': 'C:\\wang\\mobile-order\\node_modules\\.eslint-import-resolver-typescript-fsJfneYE',
383 silly reify   'C:\\wang\\mobile-order\\node_modules\\eslint-module-utils': 'C:\\wang\\mobile-order\\node_modules\\.eslint-module-utils-aOmnZPep',
383 silly reify   'C:\\wang\\mobile-order\\node_modules\\eslint-plugin-import': 'C:\\wang\\mobile-order\\node_modules\\.eslint-plugin-import-HhAW9vFb',
383 silly reify   'C:\\wang\\mobile-order\\node_modules\\eslint-plugin-jsx-a11y': 'C:\\wang\\mobile-order\\node_modules\\.eslint-plugin-jsx-a11y-MtXdvSuB',
383 silly reify   'C:\\wang\\mobile-order\\node_modules\\eslint-plugin-react': 'C:\\wang\\mobile-order\\node_modules\\.eslint-plugin-react-ivciKQpo',
383 silly reify   'C:\\wang\\mobile-order\\node_modules\\eslint-plugin-react-hooks': 'C:\\wang\\mobile-order\\node_modules\\.eslint-plugin-react-hooks-mIPNWucp',
383 silly reify   'C:\\wang\\mobile-order\\node_modules\\eslint-scope': 'C:\\wang\\mobile-order\\node_modules\\.eslint-scope-aYSvtn4o',
383 silly reify   'C:\\wang\\mobile-order\\node_modules\\eslint-visitor-keys': 'C:\\wang\\mobile-order\\node_modules\\.eslint-visitor-keys-yE6Fwdjj',
383 silly reify   'C:\\wang\\mobile-order\\node_modules\\espree': 'C:\\wang\\mobile-order\\node_modules\\.espree-kMSKVnly',
383 silly reify   'C:\\wang\\mobile-order\\node_modules\\esquery': 'C:\\wang\\mobile-order\\node_modules\\.esquery-SFo4b6Gh',
383 silly reify   'C:\\wang\\mobile-order\\node_modules\\esrecurse': 'C:\\wang\\mobile-order\\node_modules\\.esrecurse-qMqRc50q',
383 silly reify   'C:\\wang\\mobile-order\\node_modules\\estree-walker': 'C:\\wang\\mobile-order\\node_modules\\.estree-walker-jILtJYO8',
383 silly reify   'C:\\wang\\mobile-order\\node_modules\\events': 'C:\\wang\\mobile-order\\node_modules\\.events-uvdjp5Ub',
383 silly reify   'C:\\wang\\mobile-order\\node_modules\\fast-glob': 'C:\\wang\\mobile-order\\node_modules\\.fast-glob-OjiDoH9m',
383 silly reify   'C:\\wang\\mobile-order\\node_modules\\fast-levenshtein': 'C:\\wang\\mobile-order\\node_modules\\.fast-levenshtein-Ek5w0zbP',
383 silly reify   'C:\\wang\\mobile-order\\node_modules\\fflate': 'C:\\wang\\mobile-order\\node_modules\\.fflate-9rh1Tfpl',
383 silly reify   'C:\\wang\\mobile-order\\node_modules\\file-entry-cache': 'C:\\wang\\mobile-order\\node_modules\\.file-entry-cache-fbUmAJf5',
383 silly reify   'C:\\wang\\mobile-order\\node_modules\\find-up': 'C:\\wang\\mobile-order\\node_modules\\.find-up-4HkWsYVZ',
383 silly reify   'C:\\wang\\mobile-order\\node_modules\\flat-cache': 'C:\\wang\\mobile-order\\node_modules\\.flat-cache-vimL78dy',
383 silly reify   'C:\\wang\\mobile-order\\node_modules\\flatted': 'C:\\wang\\mobile-order\\node_modules\\.flatted-Hg1ecBpd',
383 silly reify   'C:\\wang\\mobile-order\\node_modules\\function.prototype.name': 'C:\\wang\\mobile-order\\node_modules\\.function.prototype.name-upF16gCc',
383 silly reify   'C:\\wang\\mobile-order\\node_modules\\functions-have-names': 'C:\\wang\\mobile-order\\node_modules\\.functions-have-names-CS38Ki8d',
383 silly reify   'C:\\wang\\mobile-order\\node_modules\\gensync': 'C:\\wang\\mobile-order\\node_modules\\.gensync-tBJXEw2l',
383 silly reify   'C:\\wang\\mobile-order\\node_modules\\get-symbol-description': 'C:\\wang\\mobile-order\\node_modules\\.get-symbol-description-W9RzmNtZ',
383 silly reify   'C:\\wang\\mobile-order\\node_modules\\get-tsconfig': 'C:\\wang\\mobile-order\\node_modules\\.get-tsconfig-ngCsOswE',
383 silly reify   'C:\\wang\\mobile-order\\node_modules\\glob-parent': 'C:\\wang\\mobile-order\\node_modules\\.glob-parent-CYRnXc5x',
383 silly reify   'C:\\wang\\mobile-order\\node_modules\\glob-to-regexp': 'C:\\wang\\mobile-order\\node_modules\\.glob-to-regexp-QtyaRytx',
383 silly reify   'C:\\wang\\mobile-order\\node_modules\\globals': 'C:\\wang\\mobile-order\\node_modules\\.globals-ox8LZ0Hj',
383 silly reify   'C:\\wang\\mobile-order\\node_modules\\globalthis': 'C:\\wang\\mobile-order\\node_modules\\.globalthis-J5Evk6fv',
383 silly reify   'C:\\wang\\mobile-order\\node_modules\\globrex': 'C:\\wang\\mobile-order\\node_modules\\.globrex-GN74CLVq',
383 silly reify   'C:\\wang\\mobile-order\\node_modules\\has-bigints': 'C:\\wang\\mobile-order\\node_modules\\.has-bigints-Wx0ZRR7W',
383 silly reify   'C:\\wang\\mobile-order\\node_modules\\has-proto': 'C:\\wang\\mobile-order\\node_modules\\.has-proto-i1vBMw7d',
383 silly reify   'C:\\wang\\mobile-order\\node_modules\\hasown': 'C:\\wang\\mobile-order\\node_modules\\.hasown-I7fLzhRs',
383 silly reify   'C:\\wang\\mobile-order\\node_modules\\hermes-estree': 'C:\\wang\\mobile-order\\node_modules\\.hermes-estree-8uWN2PAn',
383 silly reify   'C:\\wang\\mobile-order\\node_modules\\hermes-parser': 'C:\\wang\\mobile-order\\node_modules\\.hermes-parser-tXuI0CCj',
383 silly reify   'C:\\wang\\mobile-order\\node_modules\\hex-rgb': 'C:\\wang\\mobile-order\\node_modules\\.hex-rgb-7WP970ch',
383 silly reify   'C:\\wang\\mobile-order\\node_modules\\image-size': 'C:\\wang\\mobile-order\\node_modules\\.image-size-anDpX6g8',
383 silly reify   'C:\\wang\\mobile-order\\node_modules\\internal-slot': 'C:\\wang\\mobile-order\\node_modules\\.internal-slot-arwZhgWI',
383 silly reify   'C:\\wang\\mobile-order\\node_modules\\ipaddr.js': 'C:\\wang\\mobile-order\\node_modules\\.ipaddr.js-DyXuecfw',
383 silly reify   'C:\\wang\\mobile-order\\node_modules\\is-array-buffer': 'C:\\wang\\mobile-order\\node_modules\\.is-array-buffer-DbMa10gz',
383 silly reify   'C:\\wang\\mobile-order\\node_modules\\is-async-function': 'C:\\wang\\mobile-order\\node_modules\\.is-async-function-472yRDFA',
383 silly reify   'C:\\wang\\mobile-order\\node_modules\\is-bigint': 'C:\\wang\\mobile-order\\node_modules\\.is-bigint-3DsTpy8Z',
383 silly reify   'C:\\wang\\mobile-order\\node_modules\\is-boolean-object': 'C:\\wang\\mobile-order\\node_modules\\.is-boolean-object-BdohXo2M',
383 silly reify   'C:\\wang\\mobile-order\\node_modules\\imurmurhash': 'C:\\wang\\mobile-order\\node_modules\\.imurmurhash-gyaw7dXH',
383 silly reify   'C:\\wang\\mobile-order\\node_modules\\is-core-module': 'C:\\wang\\mobile-order\\node_modules\\.is-core-module-lL6u0Div',
383 silly reify   'C:\\wang\\mobile-order\\node_modules\\is-data-view': 'C:\\wang\\mobile-order\\node_modules\\.is-data-view-Ae2ILz6f',
383 silly reify   'C:\\wang\\mobile-order\\node_modules\\is-bun-module': 'C:\\wang\\mobile-order\\node_modules\\.is-bun-module-uhfLoHqB',
383 silly reify   'C:\\wang\\mobile-order\\node_modules\\is-date-object': 'C:\\wang\\mobile-order\\node_modules\\.is-date-object-aEa2wewq',
383 silly reify   'C:\\wang\\mobile-order\\node_modules\\is-finalizationregistry': 'C:\\wang\\mobile-order\\node_modules\\.is-finalizationregistry-sp4jmWhU',
383 silly reify   'C:\\wang\\mobile-order\\node_modules\\is-map': 'C:\\wang\\mobile-order\\node_modules\\.is-map-3TRNNx4I',
383 silly reify   'C:\\wang\\mobile-order\\node_modules\\is-negative-zero': 'C:\\wang\\mobile-order\\node_modules\\.is-negative-zero-wEfXImw6',
383 silly reify   'C:\\wang\\mobile-order\\node_modules\\is-number-object': 'C:\\wang\\mobile-order\\node_modules\\.is-number-object-axj5lfZs',
383 silly reify   'C:\\wang\\mobile-order\\node_modules\\is-set': 'C:\\wang\\mobile-order\\node_modules\\.is-set-raG2zgmK',
383 silly reify   'C:\\wang\\mobile-order\\node_modules\\is-shared-array-buffer': 'C:\\wang\\mobile-order\\node_modules\\.is-shared-array-buffer-T0wvzTfQ',
383 silly reify   'C:\\wang\\mobile-order\\node_modules\\is-symbol': 'C:\\wang\\mobile-order\\node_modules\\.is-symbol-JjdIDZ7H',
383 silly reify   'C:\\wang\\mobile-order\\node_modules\\is-string': 'C:\\wang\\mobile-order\\node_modules\\.is-string-M3ZjROMW',
383 silly reify   'C:\\wang\\mobile-order\\node_modules\\is-weakmap': 'C:\\wang\\mobile-order\\node_modules\\.is-weakmap-94RWnbhN',
383 silly reify   'C:\\wang\\mobile-order\\node_modules\\is-weakref': 'C:\\wang\\mobile-order\\node_modules\\.is-weakref-Qj9FvLRq',
383 silly reify   'C:\\wang\\mobile-order\\node_modules\\is-weakset': 'C:\\wang\\mobile-order\\node_modules\\.is-weakset-scBHwbuh',
383 silly reify   'C:\\wang\\mobile-order\\node_modules\\iterator.prototype': 'C:\\wang\\mobile-order\\node_modules\\.iterator.prototype-ykcblSHv',
383 silly reify   'C:\\wang\\mobile-order\\node_modules\\jest-worker': 'C:\\wang\\mobile-order\\node_modules\\.jest-worker-cXd6A679',
383 silly reify   'C:\\wang\\mobile-order\\node_modules\\jiti': 'C:\\wang\\mobile-order\\node_modules\\.jiti-84UUUV95',
383 silly reify   'C:\\wang\\mobile-order\\node_modules\\js-yaml': 'C:\\wang\\mobile-order\\node_modules\\.js-yaml-iESNwibj',
383 silly reify   'C:\\wang\\mobile-order\\node_modules\\jsesc': 'C:\\wang\\mobile-order\\node_modules\\.jsesc-yklO68Bz',
383 silly reify   'C:\\wang\\mobile-order\\node_modules\\json-buffer': 'C:\\wang\\mobile-order\\node_modules\\.json-buffer-Gxmm2OJp',
383 silly reify   'C:\\wang\\mobile-order\\node_modules\\json-stable-stringify-without-jsonify': 'C:\\wang\\mobile-order\\node_modules\\.json-stable-stringify-without-jsonify-QjrXBCEW',
383 silly reify   'C:\\wang\\mobile-order\\node_modules\\json5': 'C:\\wang\\mobile-order\\node_modules\\.json5-q9YPEoWL',
383 silly reify   'C:\\wang\\mobile-order\\node_modules\\keyv': 'C:\\wang\\mobile-order\\node_modules\\.keyv-0nIvZsmF',
383 silly reify   'C:\\wang\\mobile-order\\node_modules\\jsx-ast-utils': 'C:\\wang\\mobile-order\\node_modules\\.jsx-ast-utils-YRQZX0Lf',
383 silly reify   'C:\\wang\\mobile-order\\node_modules\\kleur': 'C:\\wang\\mobile-order\\node_modules\\.kleur-AbtjNHBJ',
383 silly reify   'C:\\wang\\mobile-order\\node_modules\\language-subtag-registry': 'C:\\wang\\mobile-order\\node_modules\\.language-subtag-registry-JJijNVpi',
383 silly reify   'C:\\wang\\mobile-order\\node_modules\\language-tags': 'C:\\wang\\mobile-order\\node_modules\\.language-tags-DPbTWcUQ',
383 silly reify   'C:\\wang\\mobile-order\\node_modules\\levn': 'C:\\wang\\mobile-order\\node_modules\\.levn-asXQjpfH',
383 silly reify   'C:\\wang\\mobile-order\\node_modules\\lightningcss': 'C:\\wang\\mobile-order\\node_modules\\.lightningcss-2G6TDarg',
383 silly reify   'C:\\wang\\mobile-order\\node_modules\\lightningcss-win32-x64-msvc': 'C:\\wang\\mobile-order\\node_modules\\.lightningcss-win32-x64-msvc-ZsREEQRp',
383 silly reify   'C:\\wang\\mobile-order\\node_modules\\linebreak': 'C:\\wang\\mobile-order\\node_modules\\.linebreak-Nk8cQg5b',
383 silly reify   'C:\\wang\\mobile-order\\node_modules\\loader-runner': 'C:\\wang\\mobile-order\\node_modules\\.loader-runner-UfXFDmeU',
383 silly reify   'C:\\wang\\mobile-order\\node_modules\\locate-path': 'C:\\wang\\mobile-order\\node_modules\\.locate-path-a3rOnsVC',
383 silly reify   'C:\\wang\\mobile-order\\node_modules\\lodash.merge': 'C:\\wang\\mobile-order\\node_modules\\.lodash.merge-JqmiVir5',
383 silly reify   'C:\\wang\\mobile-order\\node_modules\\lru-cache': 'C:\\wang\\mobile-order\\node_modules\\.lru-cache-cQBWmlTN',
383 silly reify   'C:\\wang\\mobile-order\\node_modules\\loose-envify': 'C:\\wang\\mobile-order\\node_modules\\.loose-envify-coUw2O2F',
383 silly reify   'C:\\wang\\mobile-order\\node_modules\\merge-stream': 'C:\\wang\\mobile-order\\node_modules\\.merge-stream-uErBMwKf',
383 silly reify   'C:\\wang\\mobile-order\\node_modules\\mime-db': 'C:\\wang\\mobile-order\\node_modules\\.mime-db-p4wL5evI',
383 silly reify   'C:\\wang\\mobile-order\\node_modules\\miniflare': 'C:\\wang\\mobile-order\\node_modules\\.miniflare-fnZjmTd2',
383 silly reify   'C:\\wang\\mobile-order\\node_modules\\nanoid': 'C:\\wang\\mobile-order\\node_modules\\.nanoid-RhNVnmgJ',
383 silly reify   'C:\\wang\\mobile-order\\node_modules\\napi-postinstall': 'C:\\wang\\mobile-order\\node_modules\\.napi-postinstall-hsRtD6Gy',
383 silly reify   'C:\\wang\\mobile-order\\node_modules\\natural-compare': 'C:\\wang\\mobile-order\\node_modules\\.natural-compare-abCiCjb9',
383 silly reify   'C:\\wang\\mobile-order\\node_modules\\next': 'C:\\wang\\mobile-order\\node_modules\\.next-rH1VHUlx',
383 silly reify   'C:\\wang\\mobile-order\\node_modules\\node-exports-info': 'C:\\wang\\mobile-order\\node_modules\\.node-exports-info-rZddRIBe',
383 silly reify   'C:\\wang\\mobile-order\\node_modules\\node-releases': 'C:\\wang\\mobile-order\\node_modules\\.node-releases-5C5qGl5s',
383 silly reify   'C:\\wang\\mobile-order\\node_modules\\object-inspect': 'C:\\wang\\mobile-order\\node_modules\\.object-inspect-JwZzdGdP',
383 silly reify   'C:\\wang\\mobile-order\\node_modules\\object-keys': 'C:\\wang\\mobile-order\\node_modules\\.object-keys-sokFeOvq',
383 silly reify   'C:\\wang\\mobile-order\\node_modules\\object.assign': 'C:\\wang\\mobile-order\\node_modules\\.object.assign-5ifHiS6b',
383 silly reify   'C:\\wang\\mobile-order\\node_modules\\object.entries': 'C:\\wang\\mobile-order\\node_modules\\.object.entries-9YmAFDnN',
383 silly reify   'C:\\wang\\mobile-order\\node_modules\\object.fromentries': 'C:\\wang\\mobile-order\\node_modules\\.object.fromentries-JpfOSU52',
383 silly reify   'C:\\wang\\mobile-order\\node_modules\\object.groupby': 'C:\\wang\\mobile-order\\node_modules\\.object.groupby-pxlBBxZF',
383 silly reify   'C:\\wang\\mobile-order\\node_modules\\optionator': 'C:\\wang\\mobile-order\\node_modules\\.optionator-R2uWNceK',
383 silly reify   'C:\\wang\\mobile-order\\node_modules\\object.values': 'C:\\wang\\mobile-order\\node_modules\\.object.values-0dh7SSsq',
383 silly reify   'C:\\wang\\mobile-order\\node_modules\\own-keys': 'C:\\wang\\mobile-order\\node_modules\\.own-keys-1Xutcvwc',
383 silly reify   'C:\\wang\\mobile-order\\node_modules\\p-limit': 'C:\\wang\\mobile-order\\node_modules\\.p-limit-MOdfzY1Y',
383 silly reify   'C:\\wang\\mobile-order\\node_modules\\pako': 'C:\\wang\\mobile-order\\node_modules\\.pako-rFdRE3Pr',
383 silly reify   'C:\\wang\\mobile-order\\node_modules\\p-locate': 'C:\\wang\\mobile-order\\node_modules\\.p-locate-YWt9b9e2',
383 silly reify   'C:\\wang\\mobile-order\\node_modules\\parse-css-color': 'C:\\wang\\mobile-order\\node_modules\\.parse-css-color-1ixdrIS1',
383 silly reify   'C:\\wang\\mobile-order\\node_modules\\path-exists': 'C:\\wang\\mobile-order\\node_modules\\.path-exists-GXw4K99H',
383 silly reify   'C:\\wang\\mobile-order\\node_modules\\path-parse': 'C:\\wang\\mobile-order\\node_modules\\.path-parse-FsgmTgnN',
383 silly reify   'C:\\wang\\mobile-order\\node_modules\\path-to-regexp': 'C:\\wang\\mobile-order\\node_modules\\.path-to-regexp-t44WzI7u',
383 silly reify   'C:\\wang\\mobile-order\\node_modules\\pathe': 'C:\\wang\\mobile-order\\node_modules\\.pathe-6r76HXVz',
383 silly reify   'C:\\wang\\mobile-order\\node_modules\\postcss': 'C:\\wang\\mobile-order\\node_modules\\.postcss-nBCR4Rj0',
383 silly reify   'C:\\wang\\mobile-order\\node_modules\\postcss-value-parser': 'C:\\wang\\mobile-order\\node_modules\\.postcss-value-parser-gvmUo6kZ',
383 silly reify   'C:\\wang\\mobile-order\\node_modules\\prelude-ls': 'C:\\wang\\mobile-order\\node_modules\\.prelude-ls-mcwv1q31',
383 silly reify   'C:\\wang\\mobile-order\\node_modules\\prop-types': 'C:\\wang\\mobile-order\\node_modules\\.prop-types-j3V1kxmD',
383 silly reify   'C:\\wang\\mobile-order\\node_modules\\react': 'C:\\wang\\mobile-order\\node_modules\\.react-Lc6yvx35',
383 silly reify   'C:\\wang\\mobile-order\\node_modules\\react-dom': 'C:\\wang\\mobile-order\\node_modules\\.react-dom-mw5WdZuE',
383 silly reify   'C:\\wang\\mobile-order\\node_modules\\react-is': 'C:\\wang\\mobile-order\\node_modules\\.react-is-EOGV5DNK',
383 silly reify   'C:\\wang\\mobile-order\\node_modules\\react-loading-skeleton': 'C:\\wang\\mobile-order\\node_modules\\.react-loading-skeleton-oTPef85b',
383 silly reify   'C:\\wang\\mobile-order\\node_modules\\react-server-dom-webpack': 'C:\\wang\\mobile-order\\node_modules\\.react-server-dom-webpack-X7BENf7R',
383 silly reify   'C:\\wang\\mobile-order\\node_modules\\reflect.getprototypeof': 'C:\\wang\\mobile-order\\node_modules\\.reflect.getprototypeof-a4ytoCPz',
383 silly reify   'C:\\wang\\mobile-order\\node_modules\\regexp.prototype.flags': 'C:\\wang\\mobile-order\\node_modules\\.regexp.prototype.flags-MItlGWgU',
383 silly reify   'C:\\wang\\mobile-order\\node_modules\\resolve': 'C:\\wang\\mobile-order\\node_modules\\.resolve-F4BaAVDp',
383 silly reify   'C:\\wang\\mobile-order\\node_modules\\resolve-pkg-maps': 'C:\\wang\\mobile-order\\node_modules\\.resolve-pkg-maps-5xvQnMTY',
383 silly reify   'C:\\wang\\mobile-order\\node_modules\\rolldown': 'C:\\wang\\mobile-order\\node_modules\\.rolldown-PmqmSPip',
383 silly reify   'C:\\wang\\mobile-order\\node_modules\\safe-array-concat': 'C:\\wang\\mobile-order\\node_modules\\.safe-array-concat-Zt2Cs76M',
383 silly reify   'C:\\wang\\mobile-order\\node_modules\\safe-push-apply': 'C:\\wang\\mobile-order\\node_modules\\.safe-push-apply-M7g3AV4p',
383 silly reify   'C:\\wang\\mobile-order\\node_modules\\satori': 'C:\\wang\\mobile-order\\node_modules\\.satori-0BplyhBB',
383 silly reify   'C:\\wang\\mobile-order\\node_modules\\semver': 'C:\\wang\\mobile-order\\node_modules\\.semver-DLJBcihR',
383 silly reify   'C:\\wang\\mobile-order\\node_modules\\set-function-name': 'C:\\wang\\mobile-order\\node_modules\\.set-function-name-CqbKY03b',
383 silly reify   'C:\\wang\\mobile-order\\node_modules\\scheduler': 'C:\\wang\\mobile-order\\node_modules\\.scheduler-MTwJ99kP',
383 silly reify   'C:\\wang\\mobile-order\\node_modules\\set-proto': 'C:\\wang\\mobile-order\\node_modules\\.set-proto-HXui8yxb',
383 silly reify   'C:\\wang\\mobile-order\\node_modules\\schema-utils': 'C:\\wang\\mobile-order\\node_modules\\.schema-utils-FOiyUnFJ',
383 silly reify   'C:\\wang\\mobile-order\\node_modules\\sharp': 'C:\\wang\\mobile-order\\node_modules\\.sharp-zECccy0L',
383 silly reify   'C:\\wang\\mobile-order\\node_modules\\side-channel': 'C:\\wang\\mobile-order\\node_modules\\.side-channel-QZCElYP3',
383 silly reify   'C:\\wang\\mobile-order\\node_modules\\side-channel-list': 'C:\\wang\\mobile-order\\node_modules\\.side-channel-list-sPDbdXWC',
383 silly reify   'C:\\wang\\mobile-order\\node_modules\\side-channel-map': 'C:\\wang\\mobile-order\\node_modules\\.side-channel-map-IsRgA2Uu',
383 silly reify   'C:\\wang\\mobile-order\\node_modules\\side-channel-weakmap': 'C:\\wang\\mobile-order\\node_modules\\.side-channel-weakmap-LTzC90Go',
383 silly reify   'C:\\wang\\mobile-order\\node_modules\\source-map-support': 'C:\\wang\\mobile-order\\node_modules\\.source-map-support-7buyE95e',
383 silly reify   'C:\\wang\\mobile-order\\node_modules\\srvx': 'C:\\wang\\mobile-order\\node_modules\\.srvx-RAJL8OnW',
383 silly reify   'C:\\wang\\mobile-order\\node_modules\\stable-hash': 'C:\\wang\\mobile-order\\node_modules\\.stable-hash-vwt6BEjr',
383 silly reify   'C:\\wang\\mobile-order\\node_modules\\string.prototype.codepointat': 'C:\\wang\\mobile-order\\node_modules\\.string.prototype.codepointat-vjHctsxR',
383 silly reify   'C:\\wang\\mobile-order\\node_modules\\stop-iteration-iterator': 'C:\\wang\\mobile-order\\node_modules\\.stop-iteration-iterator-quMjsMzY',
383 silly reify   'C:\\wang\\mobile-order\\node_modules\\string.prototype.includes': 'C:\\wang\\mobile-order\\node_modules\\.string.prototype.includes-HBQA14eM',
383 silly reify   'C:\\wang\\mobile-order\\node_modules\\string.prototype.repeat': 'C:\\wang\\mobile-order\\node_modules\\.string.prototype.repeat-prDYRW3f',
383 silly reify   'C:\\wang\\mobile-order\\node_modules\\string.prototype.matchall': 'C:\\wang\\mobile-order\\node_modules\\.string.prototype.matchall-HmvHyn5W',
383 silly reify   'C:\\wang\\mobile-order\\node_modules\\string.prototype.trim': 'C:\\wang\\mobile-order\\node_modules\\.string.prototype.trim-fQn8t15e',
383 silly reify   'C:\\wang\\mobile-order\\node_modules\\string.prototype.trimend': 'C:\\wang\\mobile-order\\node_modules\\.string.prototype.trimend-97cpuuyI',
383 silly reify   'C:\\wang\\mobile-order\\node_modules\\string.prototype.trimstart': 'C:\\wang\\mobile-order\\node_modules\\.string.prototype.trimstart-MgyAB31G',
383 silly reify   'C:\\wang\\mobile-order\\node_modules\\strip-literal': 'C:\\wang\\mobile-order\\node_modules\\.strip-literal-orF9Ag7l',
383 silly reify   'C:\\wang\\mobile-order\\node_modules\\strip-json-comments': 'C:\\wang\\mobile-order\\node_modules\\.strip-json-comments-GTz25tZg',
383 silly reify   'C:\\wang\\mobile-order\\node_modules\\styled-jsx': 'C:\\wang\\mobile-order\\node_modules\\.styled-jsx-7qhjALRF',
383 silly reify   'C:\\wang\\mobile-order\\node_modules\\supports-preserve-symlinks-flag': 'C:\\wang\\mobile-order\\node_modules\\.supports-preserve-symlinks-flag-WOJ1jK8n',
383 silly reify   'C:\\wang\\mobile-order\\node_modules\\tailwindcss': 'C:\\wang\\mobile-order\\node_modules\\.tailwindcss-ASODM23i',
383 silly reify   'C:\\wang\\mobile-order\\node_modules\\tapable': 'C:\\wang\\mobile-order\\node_modules\\.tapable-ELf7ZBHQ',
383 silly reify   'C:\\wang\\mobile-order\\node_modules\\terser': 'C:\\wang\\mobile-order\\node_modules\\.terser-vlg95V9C',
383 silly reify   'C:\\wang\\mobile-order\\node_modules\\tinyglobby': 'C:\\wang\\mobile-order\\node_modules\\.tinyglobby-fQ1kzrVD',
383 silly reify   'C:\\wang\\mobile-order\\node_modules\\terser-webpack-plugin': 'C:\\wang\\mobile-order\\node_modules\\.terser-webpack-plugin-c1yzlkqp',
383 silly reify   'C:\\wang\\mobile-order\\node_modules\\ts-api-utils': 'C:\\wang\\mobile-order\\node_modules\\.ts-api-utils-UHFt9dWw',
383 silly reify   'C:\\wang\\mobile-order\\node_modules\\tsconfck': 'C:\\wang\\mobile-order\\node_modules\\.tsconfck-qpSU0Bt7',
383 silly reify   'C:\\wang\\mobile-order\\node_modules\\tsconfig-paths': 'C:\\wang\\mobile-order\\node_modules\\.tsconfig-paths-Lt0WrVXn',
383 silly reify   'C:\\wang\\mobile-order\\node_modules\\tiny-inflate': 'C:\\wang\\mobile-order\\node_modules\\.tiny-inflate-kf1lwlQA',
383 silly reify   'C:\\wang\\mobile-order\\node_modules\\tsx': 'C:\\wang\\mobile-order\\node_modules\\.tsx-H0RQd8Cp',
383 silly reify   'C:\\wang\\mobile-order\\node_modules\\turbo-stream': 'C:\\wang\\mobile-order\\node_modules\\.turbo-stream-bCGL1A15',
383 silly reify   'C:\\wang\\mobile-order\\node_modules\\type-check': 'C:\\wang\\mobile-order\\node_modules\\.type-check-ANOK98pE',
383 silly reify   'C:\\wang\\mobile-order\\node_modules\\typed-array-byte-offset': 'C:\\wang\\mobile-order\\node_modules\\.typed-array-byte-offset-x7VYvGEu',
383 silly reify   'C:\\wang\\mobile-order\\node_modules\\typed-array-byte-length': 'C:\\wang\\mobile-order\\node_modules\\.typed-array-byte-length-MvV8qaH7',
383 silly reify   'C:\\wang\\mobile-order\\node_modules\\typed-array-length': 'C:\\wang\\mobile-order\\node_modules\\.typed-array-length-t4NY2FxV',
383 silly reify   'C:\\wang\\mobile-order\\node_modules\\typescript': 'C:\\wang\\mobile-order\\node_modules\\.typescript-nnUrlyJc',
383 silly reify   'C:\\wang\\mobile-order\\node_modules\\unbox-primitive': 'C:\\wang\\mobile-order\\node_modules\\.unbox-primitive-hM5JM4rj',
383 silly reify   'C:\\wang\\mobile-order\\node_modules\\typescript-eslint': 'C:\\wang\\mobile-order\\node_modules\\.typescript-eslint-pAfk0fTJ',
383 silly reify   'C:\\wang\\mobile-order\\node_modules\\undici': 'C:\\wang\\mobile-order\\node_modules\\.undici-k9sW7439',
383 silly reify   'C:\\wang\\mobile-order\\node_modules\\undici-types': 'C:\\wang\\mobile-order\\node_modules\\.undici-types-IN9xjHqD',
383 silly reify   'C:\\wang\\mobile-order\\node_modules\\unenv': 'C:\\wang\\mobile-order\\node_modules\\.unenv-KqpPBJLE',
383 silly reify   'C:\\wang\\mobile-order\\node_modules\\unicode-trie': 'C:\\wang\\mobile-order\\node_modules\\.unicode-trie-0qIrD1b4',
383 silly reify   'C:\\wang\\mobile-order\\node_modules\\unpic': 'C:\\wang\\mobile-order\\node_modules\\.unpic-WgCPfmPg',
383 silly reify   'C:\\wang\\mobile-order\\node_modules\\unrs-resolver': 'C:\\wang\\mobile-order\\node_modules\\.unrs-resolver-h5SPCq0q',
383 silly reify   'C:\\wang\\mobile-order\\node_modules\\update-browserslist-db': 'C:\\wang\\mobile-order\\node_modules\\.update-browserslist-db-Qpy0oq9q',
383 silly reify   'C:\\wang\\mobile-order\\node_modules\\vinext': 'C:\\wang\\mobile-order\\node_modules\\.vinext-9sAnED8c',
383 silly reify   'C:\\wang\\mobile-order\\node_modules\\vite': 'C:\\wang\\mobile-order\\node_modules\\.vite-u0KADUNy',
383 silly reify   'C:\\wang\\mobile-order\\node_modules\\vite-plugin-commonjs': 'C:\\wang\\mobile-order\\node_modules\\.vite-plugin-commonjs-SBRMx02y',
383 silly reify   'C:\\wang\\mobile-order\\node_modules\\vite-plugin-dynamic-import': 'C:\\wang\\mobile-order\\node_modules\\.vite-plugin-dynamic-import-fcBpe20X',
383 silly reify   'C:\\wang\\mobile-order\\node_modules\\vite-tsconfig-paths': 'C:\\wang\\mobile-order\\node_modules\\.vite-tsconfig-paths-7hiaCxD4',
383 silly reify   'C:\\wang\\mobile-order\\node_modules\\vitefu': 'C:\\wang\\mobile-order\\node_modules\\.vitefu-QTzu8oQK',
383 silly reify   'C:\\wang\\mobile-order\\node_modules\\watchpack': 'C:\\wang\\mobile-order\\node_modules\\.watchpack-qXIrsi87',
383 silly reify   'C:\\wang\\mobile-order\\node_modules\\web-vitals': 'C:\\wang\\mobile-order\\node_modules\\.web-vitals-t5T0fl1X',
383 silly reify   'C:\\wang\\mobile-order\\node_modules\\webpack': 'C:\\wang\\mobile-order\\node_modules\\.webpack-gibeLgGF',
383 silly reify   'C:\\wang\\mobile-order\\node_modules\\webpack-sources': 'C:\\wang\\mobile-order\\node_modules\\.webpack-sources-VNld6BQ8',
383 silly reify   'C:\\wang\\mobile-order\\node_modules\\which': 'C:\\wang\\mobile-order\\node_modules\\.which-tAZaLgYL',
383 silly reify   'C:\\wang\\mobile-order\\node_modules\\which-boxed-primitive': 'C:\\wang\\mobile-order\\node_modules\\.which-boxed-primitive-kCB35Ll1',
383 silly reify   'C:\\wang\\mobile-order\\node_modules\\which-builtin-type': 'C:\\wang\\mobile-order\\node_modules\\.which-builtin-type-nGP8RBJY',
383 silly reify   'C:\\wang\\mobile-order\\node_modules\\which-collection': 'C:\\wang\\mobile-order\\node_modules\\.which-collection-guwdFlh7',
383 silly reify   'C:\\wang\\mobile-order\\node_modules\\word-wrap': 'C:\\wang\\mobile-order\\node_modules\\.word-wrap-z82nLdzI',
383 silly reify   'C:\\wang\\mobile-order\\node_modules\\which-typed-array': 'C:\\wang\\mobile-order\\node_modules\\.which-typed-array-YRlCi5O2',
383 silly reify   'C:\\wang\\mobile-order\\node_modules\\workerd': 'C:\\wang\\mobile-order\\node_modules\\.workerd-MeVvHh7O',
383 silly reify   'C:\\wang\\mobile-order\\node_modules\\ws': 'C:\\wang\\mobile-order\\node_modules\\.ws-OTzGGRZG',
383 silly reify   'C:\\wang\\mobile-order\\node_modules\\wrangler': 'C:\\wang\\mobile-order\\node_modules\\.wrangler-8GLmRUtE',
383 silly reify   'C:\\wang\\mobile-order\\node_modules\\yallist': 'C:\\wang\\mobile-order\\node_modules\\.yallist-ZxQrRCI6',
383 silly reify   'C:\\wang\\mobile-order\\node_modules\\yocto-queue': 'C:\\wang\\mobile-order\\node_modules\\.yocto-queue-4ub12piQ',
383 silly reify   'C:\\wang\\mobile-order\\node_modules\\yoga-layout': 'C:\\wang\\mobile-order\\node_modules\\.yoga-layout-HmTOHURC',
383 silly reify   'C:\\wang\\mobile-order\\node_modules\\youch': 'C:\\wang\\mobile-order\\node_modules\\.youch-anPYCkpm',
383 silly reify   'C:\\wang\\mobile-order\\node_modules\\youch-core': 'C:\\wang\\mobile-order\\node_modules\\.youch-core-5o7ZolqB',
383 silly reify   'C:\\wang\\mobile-order\\node_modules\\zod': 'C:\\wang\\mobile-order\\node_modules\\.zod-i1TXvxeU',
383 silly reify   'C:\\wang\\mobile-order\\node_modules\\zod-validation-error': 'C:\\wang\\mobile-order\\node_modules\\.zod-validation-error-s9ZcBOfG',
383 silly reify   'C:\\wang\\mobile-order\\node_modules\\@alloc\\quick-lru': 'C:\\wang\\mobile-order\\node_modules\\@alloc\\.quick-lru-R6jzACWi',
383 silly reify   'C:\\wang\\mobile-order\\node_modules\\@babel\\code-frame': 'C:\\wang\\mobile-order\\node_modules\\@babel\\.code-frame-q0om3mkd',
383 silly reify   'C:\\wang\\mobile-order\\node_modules\\@babel\\compat-data': 'C:\\wang\\mobile-order\\node_modules\\@babel\\.compat-data-WcuN2WEu',
383 silly reify   'C:\\wang\\mobile-order\\node_modules\\@babel\\core': 'C:\\wang\\mobile-order\\node_modules\\@babel\\.core-OW1sSiZP',
383 silly reify   'C:\\wang\\mobile-order\\node_modules\\@babel\\generator': 'C:\\wang\\mobile-order\\node_modules\\@babel\\.generator-vJQTTEry',
383 silly reify   'C:\\wang\\mobile-order\\node_modules\\@babel\\helper-compilation-targets': 'C:\\wang\\mobile-order\\node_modules\\@babel\\.helper-compilation-targets-urgVL15I',
383 silly reify   'C:\\wang\\mobile-order\\node_modules\\@babel\\helper-globals': 'C:\\wang\\mobile-order\\node_modules\\@babel\\.helper-globals-fzGAGdkQ',
383 silly reify   'C:\\wang\\mobile-order\\node_modules\\@babel\\helper-module-imports': 'C:\\wang\\mobile-order\\node_modules\\@babel\\.helper-module-imports-YVi5RKYg',
383 silly reify   'C:\\wang\\mobile-order\\node_modules\\@babel\\helper-module-transforms': 'C:\\wang\\mobile-order\\node_modules\\@babel\\.helper-module-transforms-f30VTqJq',
383 silly reify   'C:\\wang\\mobile-order\\node_modules\\@babel\\helper-string-parser': 'C:\\wang\\mobile-order\\node_modules\\@babel\\.helper-string-parser-3ohhT0NA',
383 silly reify   'C:\\wang\\mobile-order\\node_modules\\@babel\\helper-validator-identifier': 'C:\\wang\\mobile-order\\node_modules\\@babel\\.helper-validator-identifier-uWDuVcr0',
383 silly reify   'C:\\wang\\mobile-order\\node_modules\\@babel\\helper-validator-option': 'C:\\wang\\mobile-order\\node_modules\\@babel\\.helper-validator-option-fvUExBYS',
383 silly reify   'C:\\wang\\mobile-order\\node_modules\\@babel\\helpers': 'C:\\wang\\mobile-order\\node_modules\\@babel\\.helpers-0bqk3KyC',
383 silly reify   'C:\\wang\\mobile-order\\node_modules\\@babel\\parser': 'C:\\wang\\mobile-order\\node_modules\\@babel\\.parser-3vkHWcf6',
383 silly reify   'C:\\wang\\mobile-order\\node_modules\\@babel\\template': 'C:\\wang\\mobile-order\\node_modules\\@babel\\.template-BmGJeizS',
383 silly reify   'C:\\wang\\mobile-order\\node_modules\\@babel\\traverse': 'C:\\wang\\mobile-order\\node_modules\\@babel\\.traverse-DVLRUOf8',
383 silly reify   'C:\\wang\\mobile-order\\node_modules\\@babel\\types': 'C:\\wang\\mobile-order\\node_modules\\@babel\\.types-9Es2IrZY',
383 silly reify   'C:\\wang\\mobile-order\\node_modules\\@cloudflare\\kv-asset-handler': 'C:\\wang\\mobile-order\\node_modules\\@cloudflare\\.kv-asset-handler-U2YWokdg',
383 silly reify   'C:\\wang\\mobile-order\\node_modules\\@cloudflare\\unenv-preset': 'C:\\wang\\mobile-order\\node_modules\\@cloudflare\\.unenv-preset-UrrmV9g3',
383 silly reify   'C:\\wang\\mobile-order\\node_modules\\@cloudflare\\vite-plugin': 'C:\\wang\\mobile-order\\node_modules\\@cloudflare\\.vite-plugin-Z50ybceb',
383 silly reify   'C:\\wang\\mobile-order\\node_modules\\@cloudflare\\workerd-windows-64': 'C:\\wang\\mobile-order\\node_modules\\@cloudflare\\.workerd-windows-64-7g78NSJe',
383 silly reify   'C:\\wang\\mobile-order\\node_modules\\@emnapi\\core': 'C:\\wang\\mobile-order\\node_modules\\@emnapi\\.core-wXjKIF9h',
383 silly reify   'C:\\wang\\mobile-order\\node_modules\\@drizzle-team\\brocli': 'C:\\wang\\mobile-order\\node_modules\\@drizzle-team\\.brocli-vSawPcxR',
383 silly reify   'C:\\wang\\mobile-order\\node_modules\\@emnapi\\wasi-threads': 'C:\\wang\\mobile-order\\node_modules\\@emnapi\\.wasi-threads-hHAfSc1x',
383 silly reify   'C:\\wang\\mobile-order\\node_modules\\@emnapi\\runtime': 'C:\\wang\\mobile-order\\node_modules\\@emnapi\\.runtime-02YrRWgX',
383 silly reify   'C:\\wang\\mobile-order\\node_modules\\@esbuild\\win32-x64': 'C:\\wang\\mobile-order\\node_modules\\@esbuild\\.win32-x64-5DJxxXIz',
383 silly reify   'C:\\wang\\mobile-order\\node_modules\\@esbuild-kit\\core-utils': 'C:\\wang\\mobile-order\\node_modules\\@esbuild-kit\\.core-utils-2hZ2tgrd',
383 silly reify   'C:\\wang\\mobile-order\\node_modules\\@esbuild-kit\\esm-loader': 'C:\\wang\\mobile-order\\node_modules\\@esbuild-kit\\.esm-loader-H0JXePPA',
383 silly reify   'C:\\wang\\mobile-order\\node_modules\\@eslint\\config-array': 'C:\\wang\\mobile-order\\node_modules\\@eslint\\.config-array-1tnf8xAu',
383 silly reify   'C:\\wang\\mobile-order\\node_modules\\@eslint\\config-helpers': 'C:\\wang\\mobile-order\\node_modules\\@eslint\\.config-helpers-yTkCU7Cz',
383 silly reify   'C:\\wang\\mobile-order\\node_modules\\@eslint\\core': 'C:\\wang\\mobile-order\\node_modules\\@eslint\\.core-DJrHDGsb',
383 silly reify   'C:\\wang\\mobile-order\\node_modules\\@eslint\\eslintrc': 'C:\\wang\\mobile-order\\node_modules\\@eslint\\.eslintrc-g0DZdoVP',
383 silly reify   'C:\\wang\\mobile-order\\node_modules\\@eslint\\js': 'C:\\wang\\mobile-order\\node_modules\\@eslint\\.js-qEaaiF4M',
383 silly reify   'C:\\wang\\mobile-order\\node_modules\\@eslint\\object-schema': 'C:\\wang\\mobile-order\\node_modules\\@eslint\\.object-schema-JAPRYozd',
383 silly reify   'C:\\wang\\mobile-order\\node_modules\\@eslint\\plugin-kit': 'C:\\wang\\mobile-order\\node_modules\\@eslint\\.plugin-kit-zvktZ4Lm',
383 silly reify   'C:\\wang\\mobile-order\\node_modules\\@eslint-community\\eslint-utils': 'C:\\wang\\mobile-order\\node_modules\\@eslint-community\\.eslint-utils-ZbHoUqCD',
383 silly reify   'C:\\wang\\mobile-order\\node_modules\\@eslint-community\\regexpp': 'C:\\wang\\mobile-order\\node_modules\\@eslint-community\\.regexpp-nXdMbiBL',
383 silly reify   'C:\\wang\\mobile-order\\node_modules\\@humanfs\\core': 'C:\\wang\\mobile-order\\node_modules\\@humanfs\\.core-0ocFNW3O',
383 silly reify   'C:\\wang\\mobile-order\\node_modules\\@humanfs\\node': 'C:\\wang\\mobile-order\\node_modules\\@humanfs\\.node-5Y6VNoF7',
383 silly reify   'C:\\wang\\mobile-order\\node_modules\\@humanfs\\types': 'C:\\wang\\mobile-order\\node_modules\\@humanfs\\.types-I3UIVFOZ',
383 silly reify   'C:\\wang\\mobile-order\\node_modules\\@humanwhocodes\\module-importer': 'C:\\wang\\mobile-order\\node_modules\\@humanwhocodes\\.module-importer-TvAiTotA',
383 silly reify   'C:\\wang\\mobile-order\\node_modules\\@img\\colour': 'C:\\wang\\mobile-order\\node_modules\\@img\\.colour-hBB3Q7OM',
383 silly reify   'C:\\wang\\mobile-order\\node_modules\\@humanwhocodes\\retry': 'C:\\wang\\mobile-order\\node_modules\\@humanwhocodes\\.retry-5HvfELWR',
383 silly reify   'C:\\wang\\mobile-order\\node_modules\\@img\\sharp-win32-x64': 'C:\\wang\\mobile-order\\node_modules\\@img\\.sharp-win32-x64-CghbJN9d',
383 silly reify   'C:\\wang\\mobile-order\\node_modules\\@jridgewell\\gen-mapping': 'C:\\wang\\mobile-order\\node_modules\\@jridgewell\\.gen-mapping-KEquyi9M',
383 silly reify   'C:\\wang\\mobile-order\\node_modules\\@jridgewell\\remapping': 'C:\\wang\\mobile-order\\node_modules\\@jridgewell\\.remapping-BHKExEkP',
383 silly reify   'C:\\wang\\mobile-order\\node_modules\\@jridgewell\\source-map': 'C:\\wang\\mobile-order\\node_modules\\@jridgewell\\.source-map-30rdDC82',
383 silly reify   'C:\\wang\\mobile-order\\node_modules\\@jridgewell\\trace-mapping': 'C:\\wang\\mobile-order\\node_modules\\@jridgewell\\.trace-mapping-PHHlUSXp',
383 silly reify   'C:\\wang\\mobile-order\\node_modules\\@next\\env': 'C:\\wang\\mobile-order\\node_modules\\@next\\.env-AjaKQ0KQ',
383 silly reify   'C:\\wang\\mobile-order\\node_modules\\@next\\swc-win32-x64-msvc': 'C:\\wang\\mobile-order\\node_modules\\@next\\.swc-win32-x64-msvc-hFGZkZZA',
383 silly reify   'C:\\wang\\mobile-order\\node_modules\\@next\\eslint-plugin-next': 'C:\\wang\\mobile-order\\node_modules\\@next\\.eslint-plugin-next-90oMg8CD',
383 silly reify   'C:\\wang\\mobile-order\\node_modules\\@nolyfill\\is-core-module': 'C:\\wang\\mobile-order\\node_modules\\@nolyfill\\.is-core-module-wXaiYqfC',
383 silly reify   'C:\\wang\\mobile-order\\node_modules\\@oxc-project\\types': 'C:\\wang\\mobile-order\\node_modules\\@oxc-project\\.types-VxU4wwst',
383 silly reify   'C:\\wang\\mobile-order\\node_modules\\@poppinss\\colors': 'C:\\wang\\mobile-order\\node_modules\\@poppinss\\.colors-GldCbJL3',
383 silly reify   'C:\\wang\\mobile-order\\node_modules\\@poppinss\\dumper': 'C:\\wang\\mobile-order\\node_modules\\@poppinss\\.dumper-UpOniiKI',
383 silly reify   'C:\\wang\\mobile-order\\node_modules\\@poppinss\\exception': 'C:\\wang\\mobile-order\\node_modules\\@poppinss\\.exception-sBEGZjOj',
383 silly reify   'C:\\wang\\mobile-order\\node_modules\\@resvg\\resvg-wasm': 'C:\\wang\\mobile-order\\node_modules\\@resvg\\.resvg-wasm-Y6qrHc8G',
383 silly reify   'C:\\wang\\mobile-order\\node_modules\\@rolldown\\binding-win32-x64-msvc': 'C:\\wang\\mobile-order\\node_modules\\@rolldown\\.binding-win32-x64-msvc-6NfISne0',
383 silly reify   'C:\\wang\\mobile-order\\node_modules\\@rtsao\\scc': 'C:\\wang\\mobile-order\\node_modules\\@rtsao\\.scc-ozTbBlVF',
383 silly reify   'C:\\wang\\mobile-order\\node_modules\\@speed-highlight\\core': 'C:\\wang\\mobile-order\\node_modules\\@speed-highlight\\.core-UPISnFuy',
383 silly reify   'C:\\wang\\mobile-order\\node_modules\\@shuding\\opentype.js': 'C:\\wang\\mobile-order\\node_modules\\@shuding\\.opentype.js-nuCrp2Or',
383 silly reify   'C:\\wang\\mobile-order\\node_modules\\@sindresorhus\\is': 'C:\\wang\\mobile-order\\node_modules\\@sindresorhus\\.is-lx5n2hQu',
383 silly reify   'C:\\wang\\mobile-order\\node_modules\\@swc\\helpers': 'C:\\wang\\mobile-order\\node_modules\\@swc\\.helpers-yFqev7iR',
383 silly reify   'C:\\wang\\mobile-order\\node_modules\\@tailwindcss\\node': 'C:\\wang\\mobile-order\\node_modules\\@tailwindcss\\.node-w8wY4fQq',
383 silly reify   'C:\\wang\\mobile-order\\node_modules\\@tailwindcss\\oxide': 'C:\\wang\\mobile-order\\node_modules\\@tailwindcss\\.oxide-Epgrgr5S',
383 silly reify   'C:\\wang\\mobile-order\\node_modules\\@tailwindcss\\oxide-win32-x64-msvc': 'C:\\wang\\mobile-order\\node_modules\\@tailwindcss\\.oxide-win32-x64-msvc-NlRGOsbB',
383 silly reify   'C:\\wang\\mobile-order\\node_modules\\@tailwindcss\\postcss': 'C:\\wang\\mobile-order\\node_modules\\@tailwindcss\\.postcss-dhCEJNC3',
383 silly reify   'C:\\wang\\mobile-order\\node_modules\\@tybys\\wasm-util': 'C:\\wang\\mobile-order\\node_modules\\@tybys\\.wasm-util-IF8ofWO7',
383 silly reify   'C:\\wang\\mobile-order\\node_modules\\@types\\eslint': 'C:\\wang\\mobile-order\\node_modules\\@types\\.eslint-RtURRU8w',
383 silly reify   'C:\\wang\\mobile-order\\node_modules\\@types\\eslint-scope': 'C:\\wang\\mobile-order\\node_modules\\@types\\.eslint-scope-GrR3soLk',
383 silly reify   'C:\\wang\\mobile-order\\node_modules\\@types\\json-schema': 'C:\\wang\\mobile-order\\node_modules\\@types\\.json-schema-fNxO2BRH',
383 silly reify   'C:\\wang\\mobile-order\\node_modules\\@types\\json5': 'C:\\wang\\mobile-order\\node_modules\\@types\\.json5-TfEdk4zl',
383 silly reify   'C:\\wang\\mobile-order\\node_modules\\@types\\node': 'C:\\wang\\mobile-order\\node_modules\\@types\\.node-slYmJcsO',
383 silly reify   'C:\\wang\\mobile-order\\node_modules\\@types\\react': 'C:\\wang\\mobile-order\\node_modules\\@types\\.react-xMMEsIp8',
383 silly reify   'C:\\wang\\mobile-order\\node_modules\\@types\\react-dom': 'C:\\wang\\mobile-order\\node_modules\\@types\\.react-dom-udBsNlAQ',
383 silly reify   'C:\\wang\\mobile-order\\node_modules\\@typescript-eslint\\eslint-plugin': 'C:\\wang\\mobile-order\\node_modules\\@typescript-eslint\\.eslint-plugin-9M9k0VPU',
383 silly reify   'C:\\wang\\mobile-order\\node_modules\\@typescript-eslint\\parser': 'C:\\wang\\mobile-order\\node_modules\\@typescript-eslint\\.parser-kWvcZX3z',
383 silly reify   'C:\\wang\\mobile-order\\node_modules\\@typescript-eslint\\scope-manager': 'C:\\wang\\mobile-order\\node_modules\\@typescript-eslint\\.scope-manager-TNZq18Vn',
383 silly reify   'C:\\wang\\mobile-order\\node_modules\\@typescript-eslint\\project-service': 'C:\\wang\\mobile-order\\node_modules\\@typescript-eslint\\.project-service-aphGjubx',
383 silly reify   'C:\\wang\\mobile-order\\node_modules\\@typescript-eslint\\tsconfig-utils': 'C:\\wang\\mobile-order\\node_modules\\@typescript-eslint\\.tsconfig-utils-2HDHY73M',
383 silly reify   'C:\\wang\\mobile-order\\node_modules\\@typescript-eslint\\type-utils': 'C:\\wang\\mobile-order\\node_modules\\@typescript-eslint\\.type-utils-a6DpHarY',
383 silly reify   'C:\\wang\\mobile-order\\node_modules\\@typescript-eslint\\types': 'C:\\wang\\mobile-order\\node_modules\\@typescript-eslint\\.types-Kdj5p6vE',
383 silly reify   'C:\\wang\\mobile-order\\node_modules\\@typescript-eslint\\typescript-estree': 'C:\\wang\\mobile-order\\node_modules\\@typescript-eslint\\.typescript-estree-RmzqD8dC',
383 silly reify   'C:\\wang\\mobile-order\\node_modules\\@typescript-eslint\\utils': 'C:\\wang\\mobile-order\\node_modules\\@typescript-eslint\\.utils-Lh0E8HE4',
383 silly reify   'C:\\wang\\mobile-order\\node_modules\\@typescript-eslint\\visitor-keys': 'C:\\wang\\mobile-order\\node_modules\\@typescript-eslint\\.visitor-keys-mXHvs6mN',
383 silly reify   'C:\\wang\\mobile-order\\node_modules\\@unpic\\core': 'C:\\wang\\mobile-order\\node_modules\\@unpic\\.core-IKfrr0tn',
383 silly reify   'C:\\wang\\mobile-order\\node_modules\\@unpic\\react': 'C:\\wang\\mobile-order\\node_modules\\@unpic\\.react-v74hgXc1',
383 silly reify   'C:\\wang\\mobile-order\\node_modules\\@unrs\\resolver-binding-win32-x64-msvc': 'C:\\wang\\mobile-order\\node_modules\\@unrs\\.resolver-binding-win32-x64-msvc-AVZxhTYG',
383 silly reify   'C:\\wang\\mobile-order\\node_modules\\@vercel\\og': 'C:\\wang\\mobile-order\\node_modules\\@vercel\\.og-9nW2WfOR',
383 silly reify   'C:\\wang\\mobile-order\\node_modules\\@webassemblyjs\\ast': 'C:\\wang\\mobile-order\\node_modules\\@webassemblyjs\\.ast-fAVS66io',
383 silly reify   'C:\\wang\\mobile-order\\node_modules\\@webassemblyjs\\floating-point-hex-parser': 'C:\\wang\\mobile-order\\node_modules\\@webassemblyjs\\.floating-point-hex-parser-OLuQ13xX',
383 silly reify   'C:\\wang\\mobile-order\\node_modules\\@webassemblyjs\\helper-api-error': 'C:\\wang\\mobile-order\\node_modules\\@webassemblyjs\\.helper-api-error-zv05joI6',
383 silly reify   'C:\\wang\\mobile-order\\node_modules\\@webassemblyjs\\helper-buffer': 'C:\\wang\\mobile-order\\node_modules\\@webassemblyjs\\.helper-buffer-ixOSydVz',
383 silly reify   'C:\\wang\\mobile-order\\node_modules\\@webassemblyjs\\helper-numbers': 'C:\\wang\\mobile-order\\node_modules\\@webassemblyjs\\.helper-numbers-ZVLgeVUU',
383 silly reify   'C:\\wang\\mobile-order\\node_modules\\@webassemblyjs\\helper-wasm-bytecode': 'C:\\wang\\mobile-order\\node_modules\\@webassemblyjs\\.helper-wasm-bytecode-M0Ozyd0W',
383 silly reify   'C:\\wang\\mobile-order\\node_modules\\@webassemblyjs\\helper-wasm-section': 'C:\\wang\\mobile-order\\node_modules\\@webassemblyjs\\.helper-wasm-section-rYhol96C',
383 silly reify   'C:\\wang\\mobile-order\\node_modules\\@webassemblyjs\\ieee754': 'C:\\wang\\mobile-order\\node_modules\\@webassemblyjs\\.ieee754-LzBtsN5I',
383 silly reify   'C:\\wang\\mobile-order\\node_modules\\@webassemblyjs\\leb128': 'C:\\wang\\mobile-order\\node_modules\\@webassemblyjs\\.leb128-CPwLhcGG',
383 silly reify   'C:\\wang\\mobile-order\\node_modules\\@webassemblyjs\\utf8': 'C:\\wang\\mobile-order\\node_modules\\@webassemblyjs\\.utf8-TdXpkiYD',
383 silly reify   'C:\\wang\\mobile-order\\node_modules\\@webassemblyjs\\wasm-edit': 'C:\\wang\\mobile-order\\node_modules\\@webassemblyjs\\.wasm-edit-u7xWDYZj',
383 silly reify   'C:\\wang\\mobile-order\\node_modules\\@webassemblyjs\\wasm-gen': 'C:\\wang\\mobile-order\\node_modules\\@webassemblyjs\\.wasm-gen-KeS5w8yE',
383 silly reify   'C:\\wang\\mobile-order\\node_modules\\@webassemblyjs\\wasm-opt': 'C:\\wang\\mobile-order\\node_modules\\@webassemblyjs\\.wasm-opt-rQSejdJc',
383 silly reify   'C:\\wang\\mobile-order\\node_modules\\@webassemblyjs\\wasm-parser': 'C:\\wang\\mobile-order\\node_modules\\@webassemblyjs\\.wasm-parser-pMW94CBM',
383 silly reify   'C:\\wang\\mobile-order\\node_modules\\@webassemblyjs\\wast-printer': 'C:\\wang\\mobile-order\\node_modules\\@webassemblyjs\\.wast-printer-Noq9h9KX',
383 silly reify   'C:\\wang\\mobile-order\\node_modules\\@vitejs\\plugin-react': 'C:\\wang\\mobile-order\\node_modules\\@vitejs\\.plugin-react-dvNpyiH8',
383 silly reify   'C:\\wang\\mobile-order\\node_modules\\@vitejs\\plugin-rsc': 'C:\\wang\\mobile-order\\node_modules\\@vitejs\\.plugin-rsc-wbnTeJ97',
383 silly reify   'C:\\wang\\mobile-order\\node_modules\\@xtuc\\ieee754': 'C:\\wang\\mobile-order\\node_modules\\@xtuc\\.ieee754-9vtipBJb',
383 silly reify   'C:\\wang\\mobile-order\\node_modules\\@xtuc\\long': 'C:\\wang\\mobile-order\\node_modules\\@xtuc\\.long-66K5a6Hf'
383 silly reify }
384 silly audit bulk request {
384 silly audit   '@alloc/quick-lru': [ '5.2.0' ],
384 silly audit   '@babel/code-frame': [ '7.29.0' ],
384 silly audit   '@babel/compat-data': [ '7.29.3' ],
384 silly audit   '@babel/core': [ '7.29.0' ],
384 silly audit   '@babel/generator': [ '7.29.1' ],
384 silly audit   '@babel/helper-compilation-targets': [ '7.28.6' ],
384 silly audit   '@babel/helper-globals': [ '7.28.0' ],
384 silly audit   '@babel/helper-module-imports': [ '7.28.6' ],
384 silly audit   '@babel/helper-module-transforms': [ '7.28.6' ],
384 silly audit   '@babel/helper-string-parser': [ '7.27.1' ],
384 silly audit   '@babel/helper-validator-identifier': [ '7.28.5' ],
384 silly audit   '@babel/helper-validator-option': [ '7.27.1' ],
384 silly audit   '@babel/helpers': [ '7.29.2' ],
384 silly audit   '@babel/parser': [ '7.29.3' ],
384 silly audit   '@babel/template': [ '7.28.6' ],
384 silly audit   '@babel/traverse': [ '7.29.0' ],
384 silly audit   '@babel/types': [ '7.29.0' ],
384 silly audit   '@cloudflare/kv-asset-handler': [ '0.5.0' ],
384 silly audit   '@cloudflare/unenv-preset': [ '2.16.1' ],
384 silly audit   '@cloudflare/vite-plugin': [ '1.37.1' ],
384 silly audit   '@cloudflare/workerd-darwin-64': [ '1.20260515.1' ],
384 silly audit   '@cloudflare/workerd-darwin-arm64': [ '1.20260515.1' ],
384 silly audit   '@cloudflare/workerd-linux-64': [ '1.20260515.1' ],
384 silly audit   '@cloudflare/workerd-linux-arm64': [ '1.20260515.1' ],
384 silly audit   '@cloudflare/workerd-windows-64': [ '1.20260515.1' ],
384 silly audit   '@cspotcode/source-map-support': [ '0.8.1' ],
384 silly audit   '@jridgewell/trace-mapping': [ '0.3.9', '0.3.31' ],
384 silly audit   '@drizzle-team/brocli': [ '0.10.2' ],
384 silly audit   '@emnapi/core': [ '1.10.0', '1.8.1' ],
384 silly audit   '@emnapi/runtime': [ '1.10.0', '1.8.1' ],
384 silly audit   '@emnapi/wasi-threads': [ '1.2.1', '1.1.0' ],
384 silly audit   '@esbuild-kit/core-utils': [ '3.3.2' ],
384 silly audit   '@esbuild/android-arm': [ '0.18.20', '0.28.0', '0.25.12', '0.27.3' ],
384 silly audit   '@esbuild/android-arm64': [ '0.18.20', '0.28.0', '0.25.12', '0.27.3' ],
384 silly audit   '@esbuild/android-x64': [ '0.18.20', '0.28.0', '0.25.12', '0.27.3' ],
384 silly audit   '@esbuild/darwin-arm64': [ '0.18.20', '0.28.0', '0.25.12', '0.27.3' ],
384 silly audit   '@esbuild/darwin-x64': [ '0.18.20', '0.28.0', '0.25.12', '0.27.3' ],
384 silly audit   '@esbuild/freebsd-arm64': [ '0.18.20', '0.28.0', '0.25.12', '0.27.3' ],
384 silly audit   '@esbuild/freebsd-x64': [ '0.18.20', '0.28.0', '0.25.12', '0.27.3' ],
384 silly audit   '@esbuild/linux-arm': [ '0.18.20', '0.28.0', '0.25.12', '0.27.3' ],
384 silly audit   '@esbuild/linux-arm64': [ '0.18.20', '0.28.0', '0.25.12', '0.27.3' ],
384 silly audit   '@esbuild/linux-ia32': [ '0.18.20', '0.28.0', '0.25.12', '0.27.3' ],
384 silly audit   '@esbuild/linux-loong64': [ '0.18.20', '0.28.0', '0.25.12', '0.27.3' ],
384 silly audit   '@esbuild/linux-mips64el': [ '0.18.20', '0.28.0', '0.25.12', '0.27.3' ],
384 silly audit   '@esbuild/linux-ppc64': [ '0.18.20', '0.28.0', '0.25.12', '0.27.3' ],
384 silly audit   '@esbuild/linux-riscv64': [ '0.18.20', '0.28.0', '0.25.12', '0.27.3' ],
384 silly audit   '@esbuild/linux-s390x': [ '0.18.20', '0.28.0', '0.25.12', '0.27.3' ],
384 silly audit   '@esbuild/linux-x64': [ '0.18.20', '0.28.0', '0.25.12', '0.27.3' ],
384 silly audit   '@esbuild/netbsd-x64': [ '0.18.20', '0.28.0', '0.25.12', '0.27.3' ],
384 silly audit   '@esbuild/openbsd-x64': [ '0.18.20', '0.28.0', '0.25.12', '0.27.3' ],
384 silly audit   '@esbuild/sunos-x64': [ '0.18.20', '0.28.0', '0.25.12', '0.27.3' ],
384 silly audit   '@esbuild/win32-arm64': [ '0.18.20', '0.28.0', '0.25.12', '0.27.3' ],
384 silly audit   '@esbuild/win32-ia32': [ '0.18.20', '0.28.0', '0.25.12', '0.27.3' ],
384 silly audit   '@esbuild/win32-x64': [ '0.18.20', '0.28.0', '0.25.12', '0.27.3' ],
384 silly audit   esbuild: [ '0.18.20', '0.25.12', '0.28.0', '0.27.3' ],
384 silly audit   '@esbuild-kit/esm-loader': [ '2.6.5' ],
384 silly audit   '@esbuild/aix-ppc64': [ '0.28.0', '0.25.12', '0.27.3' ],
384 silly audit   '@esbuild/netbsd-arm64': [ '0.28.0', '0.25.12', '0.27.3' ],
384 silly audit   '@esbuild/openbsd-arm64': [ '0.28.0', '0.25.12', '0.27.3' ],
384 silly audit   '@esbuild/openharmony-arm64': [ '0.28.0', '0.25.12', '0.27.3' ],
384 silly audit   '@eslint-community/eslint-utils': [ '4.9.1' ],
384 silly audit   'eslint-visitor-keys': [ '3.4.3', '5.0.1', '4.2.1' ],
384 silly audit   '@eslint-community/regexpp': [ '4.12.2' ],
384 silly audit   '@eslint/config-array': [ '0.21.2' ],
384 silly audit   '@eslint/config-helpers': [ '0.4.2' ],
384 silly audit   '@eslint/core': [ '0.17.0' ],
384 silly audit   '@eslint/eslintrc': [ '3.3.5' ],
384 silly audit   '@eslint/js': [ '9.39.4' ],
384 silly audit   '@eslint/object-schema': [ '2.1.7' ],
384 silly audit   '@eslint/plugin-kit': [ '0.4.1' ],
384 silly audit   '@humanfs/core': [ '0.19.2' ],
384 silly audit   '@humanfs/node': [ '0.16.8' ],
384 silly audit   '@humanfs/types': [ '0.15.0' ],
384 silly audit   '@humanwhocodes/module-importer': [ '1.0.1' ],
384 silly audit   '@humanwhocodes/retry': [ '0.4.3' ],
384 silly audit   '@img/colour': [ '1.1.0' ],
384 silly audit   '@img/sharp-darwin-arm64': [ '0.34.5' ],
384 silly audit   '@img/sharp-darwin-x64': [ '0.34.5' ],
384 silly audit   '@img/sharp-libvips-darwin-arm64': [ '1.2.4' ],
384 silly audit   '@img/sharp-libvips-darwin-x64': [ '1.2.4' ],
384 silly audit   '@img/sharp-libvips-linux-arm': [ '1.2.4' ],
384 silly audit   '@img/sharp-libvips-linux-arm64': [ '1.2.4' ],
384 silly audit   '@img/sharp-libvips-linux-ppc64': [ '1.2.4' ],
384 silly audit   '@img/sharp-libvips-linux-riscv64': [ '1.2.4' ],
384 silly audit   '@img/sharp-libvips-linux-s390x': [ '1.2.4' ],
384 silly audit   '@img/sharp-libvips-linux-x64': [ '1.2.4' ],
384 silly audit   '@img/sharp-libvips-linuxmusl-arm64': [ '1.2.4' ],
384 silly audit   '@img/sharp-libvips-linuxmusl-x64': [ '1.2.4' ],
384 silly audit   '@img/sharp-linux-arm': [ '0.34.5' ],
384 silly audit   '@img/sharp-linux-arm64': [ '0.34.5' ],
384 silly audit   '@img/sharp-linux-ppc64': [ '0.34.5' ],
384 silly audit   '@img/sharp-linux-riscv64': [ '0.34.5' ],
384 silly audit   '@img/sharp-linux-s390x': [ '0.34.5' ],
384 silly audit   '@img/sharp-linux-x64': [ '0.34.5' ],
384 silly audit   '@img/sharp-linuxmusl-arm64': [ '0.34.5' ],
384 silly audit   '@img/sharp-linuxmusl-x64': [ '0.34.5' ],
384 silly audit   '@img/sharp-wasm32': [ '0.34.5' ],
384 silly audit   '@img/sharp-win32-arm64': [ '0.34.5' ],
384 silly audit   '@img/sharp-win32-ia32': [ '0.34.5' ],
384 silly audit   '@img/sharp-win32-x64': [ '0.34.5' ],
384 silly audit   '@jridgewell/gen-mapping': [ '0.3.13' ],
384 silly audit   '@jridgewell/remapping': [ '2.3.5' ],
384 silly audit   '@jridgewell/resolve-uri': [ '3.1.2' ],
384 silly audit   '@jridgewell/source-map': [ '0.3.11' ],
384 silly audit   '@jridgewell/sourcemap-codec': [ '1.5.5' ],
384 silly audit   '@napi-rs/wasm-runtime': [ '0.2.12', '1.1.4', '1.1.1' ],
384 silly audit   '@next/env': [ '16.2.6' ],
384 silly audit   '@next/eslint-plugin-next': [ '16.2.6' ],
384 silly audit   '@next/swc-darwin-arm64': [ '16.2.6' ],
384 silly audit   '@next/swc-darwin-x64': [ '16.2.6' ],
384 silly audit   '@next/swc-linux-arm64-gnu': [ '16.2.6' ],
384 silly audit   '@next/swc-linux-arm64-musl': [ '16.2.6' ],
384 silly audit   '@next/swc-linux-x64-gnu': [ '16.2.6' ],
384 silly audit   '@next/swc-linux-x64-musl': [ '16.2.6' ],
384 silly audit   '@next/swc-win32-arm64-msvc': [ '16.2.6' ],
384 silly audit   '@next/swc-win32-x64-msvc': [ '16.2.6' ],
384 silly audit   '@nodelib/fs.scandir': [ '2.1.5' ],
384 silly audit   '@nodelib/fs.stat': [ '2.0.5' ],
384 silly audit   '@nodelib/fs.walk': [ '1.2.8' ],
384 silly audit   '@nolyfill/is-core-module': [ '1.0.39' ],
384 silly audit   '@oxc-project/types': [ '0.130.0' ],
384 silly audit   '@poppinss/colors': [ '4.1.6' ],
384 silly audit   '@poppinss/dumper': [ '0.6.5' ],
384 silly audit   'supports-color': [ '10.2.2', '8.1.1', '7.2.0' ],
384 silly audit   '@poppinss/exception': [ '1.2.3' ],
384 silly audit   '@resvg/resvg-wasm': [ '2.4.0' ],
384 silly audit   '@rolldown/binding-android-arm64': [ '1.0.1' ],
384 silly audit   '@rolldown/binding-darwin-arm64': [ '1.0.1' ],
384 silly audit   '@rolldown/binding-darwin-x64': [ '1.0.1' ],
384 silly audit   '@rolldown/binding-freebsd-x64': [ '1.0.1' ],
384 silly audit   '@rolldown/binding-linux-arm-gnueabihf': [ '1.0.1' ],
384 silly audit   '@rolldown/binding-linux-arm64-gnu': [ '1.0.1' ],
384 silly audit   '@rolldown/binding-linux-arm64-musl': [ '1.0.1' ],
384 silly audit   '@rolldown/binding-linux-ppc64-gnu': [ '1.0.1' ],
384 silly audit   '@rolldown/binding-linux-s390x-gnu': [ '1.0.1' ],
384 silly audit   '@rolldown/binding-linux-x64-gnu': [ '1.0.1' ],
384 silly audit   '@rolldown/binding-linux-x64-musl': [ '1.0.1' ],
384 silly audit   '@rolldown/binding-openharmony-arm64': [ '1.0.1' ],
384 silly audit   '@rolldown/binding-wasm32-wasi': [ '1.0.1' ],
384 silly audit   '@rolldown/binding-win32-arm64-msvc': [ '1.0.1' ],
384 silly audit   '@rolldown/binding-win32-x64-msvc': [ '1.0.1' ],
384 silly audit   '@rolldown/pluginutils': [ '1.0.1', '1.0.0-rc.18' ],
384 silly audit   '@rtsao/scc': [ '1.1.0' ],
384 silly audit   '@shuding/opentype.js': [ '1.4.0-beta.0' ],
384 silly audit   '@sindresorhus/is': [ '7.2.0' ],
384 silly audit   '@speed-highlight/core': [ '1.2.15' ],
384 silly audit   '@swc/helpers': [ '0.5.15' ],
384 silly audit   '@tailwindcss/node': [ '4.2.1' ],
384 silly audit   '@tailwindcss/oxide': [ '4.2.1' ],
384 silly audit   '@tailwindcss/oxide-android-arm64': [ '4.2.1' ],
384 silly audit   '@tailwindcss/oxide-darwin-arm64': [ '4.2.1' ],
384 silly audit   '@tailwindcss/oxide-darwin-x64': [ '4.2.1' ],
384 silly audit   '@tailwindcss/oxide-freebsd-x64': [ '4.2.1' ],
384 silly audit   '@tailwindcss/oxide-linux-arm-gnueabihf': [ '4.2.1' ],
384 silly audit   '@tailwindcss/oxide-linux-arm64-gnu': [ '4.2.1' ],
384 silly audit   '@tailwindcss/oxide-linux-arm64-musl': [ '4.2.1' ],
384 silly audit   '@tailwindcss/oxide-linux-x64-gnu': [ '4.2.1' ],
384 silly audit   '@tailwindcss/oxide-linux-x64-musl': [ '4.2.1' ],
384 silly audit   '@tailwindcss/oxide-wasm32-wasi': [ '4.2.1' ],
384 silly audit   '@tybys/wasm-util': [ '0.10.1', '0.10.2' ],
384 silly audit   tslib: [ '2.8.1' ],
384 silly audit   '@tailwindcss/oxide-win32-arm64-msvc': [ '4.2.1' ],
384 silly audit   '@tailwindcss/oxide-win32-x64-msvc': [ '4.2.1' ],
384 silly audit   '@tailwindcss/postcss': [ '4.2.1' ],
384 silly audit   '@types/eslint': [ '9.6.1' ],
384 silly audit   '@types/eslint-scope': [ '3.7.7' ],
384 silly audit   '@types/estree': [ '1.0.9' ],
384 silly audit   '@types/json-schema': [ '7.0.15' ],
384 silly audit   '@types/json5': [ '0.0.29' ],
384 silly audit   '@types/node': [ '22.19.19' ],
384 silly audit   '@types/react': [ '19.2.14' ],
384 silly audit   '@types/react-dom': [ '19.2.3' ],
384 silly audit   '@typescript-eslint/eslint-plugin': [ '8.59.3' ],
384 silly audit   ignore: [ '7.0.5', '5.3.2' ],
384 silly audit   '@typescript-eslint/parser': [ '8.59.3' ],
384 silly audit   '@typescript-eslint/project-service': [ '8.59.3' ],
384 silly audit   '@typescript-eslint/scope-manager': [ '8.59.3' ],
384 silly audit   '@typescript-eslint/tsconfig-utils': [ '8.59.3' ],
384 silly audit   '@typescript-eslint/type-utils': [ '8.59.3' ],
384 silly audit   '@typescript-eslint/types': [ '8.59.3' ],
384 silly audit   '@typescript-eslint/typescript-estree': [ '8.59.3' ],
384 silly audit   'balanced-match': [ '4.0.4', '1.0.2' ],
384 silly audit   'brace-expansion': [ '5.0.6', '1.1.14' ],
384 silly audit   minimatch: [ '10.2.5', '3.1.5' ],
384 silly audit   semver: [ '7.8.0', '6.3.1' ],
384 silly audit   '@typescript-eslint/utils': [ '8.59.3' ],
384 silly audit   '@typescript-eslint/visitor-keys': [ '8.59.3' ],
384 silly audit   '@unpic/core': [ '1.0.3' ],
384 silly audit   '@unpic/react': [ '1.0.2' ],
384 silly audit   '@unrs/resolver-binding-android-arm-eabi': [ '1.11.1' ],
384 silly audit   '@unrs/resolver-binding-android-arm64': [ '1.11.1' ],
384 silly audit   '@unrs/resolver-binding-darwin-arm64': [ '1.11.1' ],
384 silly audit   '@unrs/resolver-binding-darwin-x64': [ '1.11.1' ],
384 silly audit   '@unrs/resolver-binding-freebsd-x64': [ '1.11.1' ],
384 silly audit   '@unrs/resolver-binding-linux-arm-gnueabihf': [ '1.11.1' ],
384 silly audit   '@unrs/resolver-binding-linux-arm-musleabihf': [ '1.11.1' ],
384 silly audit   '@unrs/resolver-binding-linux-arm64-gnu': [ '1.11.1' ],
384 silly audit   '@unrs/resolver-binding-linux-arm64-musl': [ '1.11.1' ],
384 silly audit   '@unrs/resolver-binding-linux-ppc64-gnu': [ '1.11.1' ],
384 silly audit   '@unrs/resolver-binding-linux-riscv64-gnu': [ '1.11.1' ],
384 silly audit   '@unrs/resolver-binding-linux-riscv64-musl': [ '1.11.1' ],
384 silly audit   '@unrs/resolver-binding-linux-s390x-gnu': [ '1.11.1' ],
384 silly audit   '@unrs/resolver-binding-linux-x64-gnu': [ '1.11.1' ],
384 silly audit   '@unrs/resolver-binding-linux-x64-musl': [ '1.11.1' ],
384 silly audit   '@unrs/resolver-binding-wasm32-wasi': [ '1.11.1' ],
384 silly audit   '@unrs/resolver-binding-win32-arm64-msvc': [ '1.11.1' ],
384 silly audit   '@unrs/resolver-binding-win32-ia32-msvc': [ '1.11.1' ],
384 silly audit   '@unrs/resolver-binding-win32-x64-msvc': [ '1.11.1' ],
384 silly audit   '@vercel/og': [ '0.8.6' ],
384 silly audit   '@vitejs/plugin-react': [ '6.0.2' ],
384 silly audit   '@vitejs/plugin-rsc': [ '0.5.26' ],
384 silly audit   '@webassemblyjs/ast': [ '1.14.1' ],
384 silly audit   '@webassemblyjs/floating-point-hex-parser': [ '1.13.2' ],
384 silly audit   '@webassemblyjs/helper-api-error': [ '1.13.2' ],
384 silly audit   '@webassemblyjs/helper-buffer': [ '1.14.1' ],
384 silly audit   '@webassemblyjs/helper-numbers': [ '1.13.2' ],
384 silly audit   '@webassemblyjs/helper-wasm-bytecode': [ '1.13.2' ],
384 silly audit   '@webassemblyjs/helper-wasm-section': [ '1.14.1' ],
384 silly audit   '@webassemblyjs/ieee754': [ '1.13.2' ],
384 silly audit   '@webassemblyjs/leb128': [ '1.13.2' ],
384 silly audit   '@webassemblyjs/utf8': [ '1.13.2' ],
384 silly audit   '@webassemblyjs/wasm-edit': [ '1.14.1' ],
384 silly audit   '@webassemblyjs/wasm-gen': [ '1.14.1' ],
384 silly audit   '@webassemblyjs/wasm-opt': [ '1.14.1' ],
384 silly audit   '@webassemblyjs/wasm-parser': [ '1.14.1' ],
384 silly audit   '@webassemblyjs/wast-printer': [ '1.14.1' ],
384 silly audit   '@xtuc/ieee754': [ '1.2.0' ],
384 silly audit   '@xtuc/long': [ '4.2.2' ],
384 silly audit   acorn: [ '8.16.0' ],
384 silly audit   'acorn-import-phases': [ '1.0.4' ],
384 silly audit   'acorn-jsx': [ '5.3.2' ],
384 silly audit   'acorn-loose': [ '8.5.2' ],
384 silly audit   ajv: [ '6.15.0', '8.20.0' ],
384 silly audit   'ajv-formats': [ '2.1.1' ],
384 silly audit   'json-schema-traverse': [ '1.0.0', '0.4.1' ],
384 silly audit   'ansi-styles': [ '4.3.0' ],
384 silly audit   argparse: [ '2.0.1' ],
384 silly audit   'aria-query': [ '5.3.2' ],
384 silly audit   'array-buffer-byte-length': [ '1.0.2' ],
384 silly audit   'array-includes': [ '3.1.9' ],
384 silly audit   'array.prototype.findlast': [ '1.2.5' ],
384 silly audit   'array.prototype.findlastindex': [ '1.2.6' ],
384 silly audit   'array.prototype.flat': [ '1.3.3' ],
384 silly audit   'array.prototype.flatmap': [ '1.3.3' ],
384 silly audit   'array.prototype.tosorted': [ '1.1.4' ],
384 silly audit   'arraybuffer.prototype.slice': [ '1.0.4' ],
384 silly audit   'ast-types-flow': [ '0.0.8' ],
384 silly audit   'async-function': [ '1.0.0' ],
384 silly audit   'available-typed-arrays': [ '1.0.7' ],
384 silly audit   'axe-core': [ '4.11.4' ],
384 silly audit   'axobject-query': [ '4.1.0' ],
384 silly audit   'base64-js': [ '0.0.8' ],
384 silly audit   'baseline-browser-mapping': [ '2.10.30' ],
384 silly audit   'blake3-wasm': [ '2.1.5' ],
384 silly audit   braces: [ '3.0.3' ],
384 silly audit   browserslist: [ '4.28.2' ],
384 silly audit   'buffer-from': [ '1.1.2' ],
384 silly audit   'call-bind': [ '1.0.9' ],
384 silly audit   'call-bind-apply-helpers': [ '1.0.2' ],
384 silly audit   'call-bound': [ '1.0.4' ],
384 silly audit   callsites: [ '3.1.0' ],
384 silly audit   camelize: [ '1.0.1' ],
384 silly audit   'caniuse-lite': [ '1.0.30001793' ],
384 silly audit   chalk: [ '4.1.2' ],
384 silly audit   'chrome-trace-event': [ '1.0.4' ],
384 silly audit   'client-only': [ '0.0.1' ],
384 silly audit   'color-convert': [ '2.0.1' ],
384 silly audit   'color-name': [ '1.1.4' ],
384 silly audit   commander: [ '2.20.3' ],
384 silly audit   'concat-map': [ '0.0.1' ],
384 silly audit   'convert-source-map': [ '2.0.0' ],
384 silly audit   cookie: [ '1.1.1' ],
384 silly audit   'cross-spawn': [ '7.0.6' ],
384 silly audit   'css-background-parser': [ '0.1.0' ],
384 silly audit   'css-box-shadow': [ '1.0.0-3' ],
384 silly audit   'css-color-keywords': [ '1.0.0' ],
384 silly audit   'css-gradient-parser': [ '0.0.16' ],
384 silly audit   'css-to-react-native': [ '3.2.0' ],
384 silly audit   csstype: [ '3.2.3' ],
384 silly audit   'damerau-levenshtein': [ '1.0.8' ],
384 silly audit   'data-view-buffer': [ '1.0.2' ],
384 silly audit   'data-view-byte-length': [ '1.0.2' ],
384 silly audit   'data-view-byte-offset': [ '1.0.1' ],
384 silly audit   debug: [ '4.4.3', '3.2.7' ],
384 silly audit   'deep-is': [ '0.1.4' ],
384 silly audit   'define-data-property': [ '1.1.4' ],
384 silly audit   'define-properties': [ '1.2.1' ],
384 silly audit   'detect-libc': [ '2.1.2' ],
384 silly audit   doctrine: [ '2.1.0' ],
384 silly audit   'drizzle-kit': [ '0.31.10' ],
384 silly audit   'drizzle-orm': [ '0.45.2' ],
384 silly audit   'dunder-proto': [ '1.0.1' ],
384 silly audit   'electron-to-chromium': [ '1.5.358' ],
384 silly audit   'emoji-regex': [ '9.2.2' ],
384 silly audit   'emoji-regex-xs': [ '2.0.1' ],
384 silly audit   'enhanced-resolve': [ '5.21.3' ],
384 silly audit   'error-stack-parser-es': [ '1.0.5' ],
384 silly audit   'es-abstract': [ '1.24.2' ],
384 silly audit   'es-define-property': [ '1.0.1' ],
384 silly audit   'es-errors': [ '1.3.0' ],
384 silly audit   'es-iterator-helpers': [ '1.3.2' ],
384 silly audit   'es-module-lexer': [ '2.1.0', '1.7.0' ],
384 silly audit   'es-object-atoms': [ '1.1.1' ],
384 silly audit   'es-set-tostringtag': [ '2.1.0' ],
384 silly audit   'es-shim-unscopables': [ '1.1.0' ],
384 silly audit   'es-to-primitive': [ '1.3.0' ],
384 silly audit   escalade: [ '3.2.0' ],
384 silly audit   'escape-html': [ '1.0.3' ],
384 silly audit   'escape-string-regexp': [ '4.0.0' ],
384 silly audit   eslint: [ '9.39.4' ],
384 silly audit   'eslint-config-next': [ '16.2.6' ],
384 silly audit   globals: [ '16.4.0', '14.0.0' ],
384 silly audit   'eslint-import-resolver-node': [ '0.3.10' ],
384 silly audit   'eslint-import-resolver-typescript': [ '3.10.1' ],
384 silly audit   'eslint-module-utils': [ '2.12.1' ],
384 silly audit   'eslint-plugin-import': [ '2.32.0' ],
384 silly audit   'eslint-plugin-jsx-a11y': [ '6.10.2' ],
384 silly audit   'eslint-plugin-react': [ '7.37.5' ],
384 silly audit   'eslint-plugin-react-hooks': [ '7.1.1' ],
384 silly audit   'eslint-scope': [ '8.4.0', '5.1.1' ],
384 silly audit   espree: [ '10.4.0' ],
384 silly audit   esquery: [ '1.7.0' ],
384 silly audit   esrecurse: [ '4.3.0' ],
384 silly audit   estraverse: [ '5.3.0', '4.3.0' ],
384 silly audit   'estree-walker': [ '3.0.3' ],
384 silly audit   esutils: [ '2.0.3' ],
384 silly audit   events: [ '3.3.0' ],
384 silly audit   'fast-deep-equal': [ '3.1.3' ],
384 silly audit   'fast-glob': [ '3.3.1', '3.3.3' ],
384 silly audit   'glob-parent': [ '5.1.2', '6.0.2' ],
384 silly audit   'fast-json-stable-stringify': [ '2.1.0' ],
384 silly audit   'fast-levenshtein': [ '2.0.6' ],
384 silly audit   'fast-uri': [ '3.1.2' ],
384 silly audit   fastq: [ '1.20.1' ],
384 silly audit   fflate: [ '0.7.4' ],
384 silly audit   'file-entry-cache': [ '8.0.0' ],
384 silly audit   'fill-range': [ '7.1.1' ],
384 silly audit   'find-up': [ '5.0.0' ],
384 silly audit   'flat-cache': [ '4.0.1' ],
384 silly audit   flatted: [ '3.4.2' ],
384 silly audit   'for-each': [ '0.3.5' ],
384 silly audit   fsevents: [ '2.3.3' ],
384 silly audit   'function-bind': [ '1.1.2' ],
384 silly audit   'function.prototype.name': [ '1.1.8' ],
384 silly audit   'functions-have-names': [ '1.2.3' ],
384 silly audit   'generator-function': [ '2.0.1' ],
384 silly audit   gensync: [ '1.0.0-beta.2' ],
384 silly audit   'get-intrinsic': [ '1.3.0' ],
384 silly audit   'get-proto': [ '1.0.1' ],
384 silly audit   'get-symbol-description': [ '1.1.0' ],
384 silly audit   'get-tsconfig': [ '4.14.0' ],
384 silly audit   'glob-to-regexp': [ '0.4.1' ],
384 silly audit   globalthis: [ '1.0.4' ],
384 silly audit   globrex: [ '0.1.2' ],
384 silly audit   gopd: [ '1.2.0' ],
384 silly audit   'graceful-fs': [ '4.2.11' ],
384 silly audit   'has-bigints': [ '1.1.0' ],
384 silly audit   'has-flag': [ '4.0.0' ],
384 silly audit   'has-property-descriptors': [ '1.0.2' ],
384 silly audit   'has-proto': [ '1.2.0' ],
384 silly audit   'has-symbols': [ '1.1.0' ],
384 silly audit   'has-tostringtag': [ '1.0.2' ],
384 silly audit   hasown: [ '2.0.3' ],
384 silly audit   'hermes-estree': [ '0.25.1' ],
384 silly audit   'hermes-parser': [ '0.25.1' ],
384 silly audit   'hex-rgb': [ '4.3.0' ],
384 silly audit   'image-size': [ '2.0.2' ],
384 silly audit   'import-fresh': [ '3.3.1' ],
384 silly audit   imurmurhash: [ '0.1.4' ],
384 silly audit   'internal-slot': [ '1.1.0' ],
384 silly audit   'ipaddr.js': [ '2.4.0' ],
384 silly audit   'is-array-buffer': [ '3.0.5' ],
384 silly audit   'is-async-function': [ '2.1.1' ],
384 silly audit   'is-bigint': [ '1.1.0' ],
384 silly audit   'is-boolean-object': [ '1.2.2' ],
384 silly audit   'is-bun-module': [ '2.0.0' ],
384 silly audit   'is-callable': [ '1.2.7' ],
384 silly audit   'is-core-module': [ '2.16.2' ],
384 silly audit   'is-data-view': [ '1.0.2' ],
384 silly audit   'is-date-object': [ '1.1.0' ],
384 silly audit   'is-extglob': [ '2.1.1' ],
384 silly audit   'is-finalizationregistry': [ '1.1.1' ],
384 silly audit   'is-generator-function': [ '1.1.2' ],
384 silly audit   'is-glob': [ '4.0.3' ],
384 silly audit   'is-map': [ '2.0.3' ],
384 silly audit   'is-negative-zero': [ '2.0.3' ],
384 silly audit   'is-number': [ '7.0.0' ],
384 silly audit   'is-number-object': [ '1.1.1' ],
384 silly audit   'is-regex': [ '1.2.1' ],
384 silly audit   'is-set': [ '2.0.3' ],
384 silly audit   'is-shared-array-buffer': [ '1.0.4' ],
384 silly audit   'is-string': [ '1.1.1' ],
384 silly audit   'is-symbol': [ '1.1.1' ],
384 silly audit   'is-typed-array': [ '1.1.15' ],
384 silly audit   'is-weakmap': [ '2.0.2' ],
384 silly audit   'is-weakref': [ '1.1.1' ],
384 silly audit   'is-weakset': [ '2.0.4' ],
384 silly audit   isarray: [ '2.0.5' ],
384 silly audit   isexe: [ '2.0.0' ],
384 silly audit   'iterator.prototype': [ '1.1.5' ],
384 silly audit   'jest-worker': [ '27.5.1' ],
384 silly audit   jiti: [ '2.7.0' ],
384 silly audit   'js-tokens': [ '4.0.0', '9.0.1' ],
384 silly audit   'js-yaml': [ '4.1.1' ],
384 silly audit   jsesc: [ '3.1.0' ],
384 silly audit   'json-buffer': [ '3.0.1' ],
384 silly audit   'json-stable-stringify-without-jsonify': [ '1.0.1' ],
384 silly audit   json5: [ '2.2.3', '1.0.2' ],
384 silly audit   'jsx-ast-utils': [ '3.3.5' ],
384 silly audit   keyv: [ '4.5.4' ],
384 silly audit   kleur: [ '4.1.5' ],
384 silly audit   'language-subtag-registry': [ '0.3.23' ],
384 silly audit   'language-tags': [ '1.0.9' ],
384 silly audit   levn: [ '0.4.1' ],
384 silly audit   lightningcss: [ '1.31.1', '1.32.0' ],
384 silly audit   'lightningcss-android-arm64': [ '1.31.1', '1.32.0' ],
384 silly audit   'lightningcss-darwin-arm64': [ '1.31.1', '1.32.0' ],
384 silly audit   'lightningcss-darwin-x64': [ '1.31.1', '1.32.0' ],
384 silly audit   'lightningcss-freebsd-x64': [ '1.31.1', '1.32.0' ],
384 silly audit   'lightningcss-linux-arm-gnueabihf': [ '1.31.1', '1.32.0' ],
384 silly audit   'lightningcss-linux-arm64-gnu': [ '1.31.1', '1.32.0' ],
384 silly audit   'lightningcss-linux-arm64-musl': [ '1.31.1', '1.32.0' ],
384 silly audit   'lightningcss-linux-x64-gnu': [ '1.31.1', '1.32.0' ],
384 silly audit   'lightningcss-linux-x64-musl': [ '1.31.1', '1.32.0' ],
384 silly audit   'lightningcss-win32-arm64-msvc': [ '1.31.1', '1.32.0' ],
384 silly audit   'lightningcss-win32-x64-msvc': [ '1.31.1', '1.32.0' ],
384 silly audit   linebreak: [ '1.1.0' ],
384 silly audit   'loader-runner': [ '4.3.2' ],
384 silly audit   'locate-path': [ '6.0.0' ],
384 silly audit   'lodash.merge': [ '4.6.2' ],
384 silly audit   'loose-envify': [ '1.4.0' ],
384 silly audit   'lru-cache': [ '5.1.1' ],
384 silly audit   'magic-string': [ '0.30.21' ],
384 silly audit   'math-intrinsics': [ '1.1.0' ],
384 silly audit   'merge-stream': [ '2.0.0' ],
384 silly audit   merge2: [ '1.4.1' ],
384 silly audit   micromatch: [ '4.0.8' ],
384 silly audit   'mime-db': [ '1.54.0' ],
384 silly audit   miniflare: [ '4.20260515.0' ],
384 silly audit   minimist: [ '1.2.8' ],
384 silly audit   ms: [ '2.1.3' ],
384 silly audit   nanoid: [ '3.3.12' ],
384 silly audit   'napi-postinstall': [ '0.3.4' ],
384 silly audit   'natural-compare': [ '1.4.0' ],
384 silly audit   'neo-async': [ '2.6.2' ],
384 silly audit   next: [ '16.2.6' ],
384 silly audit   postcss: [ '8.4.31', '8.5.14' ],
384 silly audit   'node-exports-info': [ '1.6.0' ],
384 silly audit   'node-releases': [ '2.0.44' ],
384 silly audit   'object-assign': [ '4.1.1' ],
384 silly audit   'object-inspect': [ '1.13.4' ],
384 silly audit   'object-keys': [ '1.1.1' ],
384 silly audit   'object.assign': [ '4.1.7' ],
384 silly audit   'object.entries': [ '1.1.9' ],
384 silly audit   'object.fromentries': [ '2.0.8' ],
384 silly audit   'object.groupby': [ '1.0.3' ],
384 silly audit   'object.values': [ '1.2.1' ],
384 silly audit   optionator: [ '0.9.4' ],
384 silly audit   'own-keys': [ '1.0.1' ],
384 silly audit   'p-limit': [ '3.1.0' ],
384 silly audit   'p-locate': [ '5.0.0' ],
384 silly audit   pako: [ '0.2.9' ],
384 silly audit   'parent-module': [ '1.0.1' ],
384 silly audit   'parse-css-color': [ '0.2.1' ],
384 silly audit   'path-exists': [ '4.0.0' ],
384 silly audit   'path-key': [ '3.1.1' ],
384 silly audit   'path-parse': [ '1.0.7' ],
384 silly audit   'path-to-regexp': [ '6.3.0' ],
384 silly audit   pathe: [ '2.0.3' ],
384 silly audit   picocolors: [ '1.1.1' ],
384 silly audit   picomatch: [ '2.3.2', '4.0.4' ],
384 silly audit   'possible-typed-array-names': [ '1.1.0' ],
384 silly audit   'postcss-value-parser': [ '4.2.0' ],
384 silly audit   'prelude-ls': [ '1.2.1' ],
384 silly audit   'prop-types': [ '15.8.1' ],
384 silly audit   punycode: [ '2.3.1' ],
384 silly audit   'queue-microtask': [ '1.2.3' ],
384 silly audit   react: [ '19.2.6' ],
384 silly audit   'react-dom': [ '19.2.6' ],
384 silly audit   'react-is': [ '16.13.1' ],
384 silly audit   'react-loading-skeleton': [ '3.5.0' ],
384 silly audit   'react-server-dom-webpack': [ '19.2.6' ],
384 silly audit   'reflect.getprototypeof': [ '1.0.10' ],
384 silly audit   'regexp.prototype.flags': [ '1.5.4' ],
384 silly audit   'require-from-string': [ '2.0.2' ],
384 silly audit   resolve: [ '2.0.0-next.7' ],
384 silly audit   'resolve-from': [ '4.0.0' ],
384 silly audit   'resolve-pkg-maps': [ '1.0.0' ],
384 silly audit   reusify: [ '1.1.0' ],
384 silly audit   rolldown: [ '1.0.1' ],
384 silly audit   'run-parallel': [ '1.2.0' ],
384 silly audit   'safe-array-concat': [ '1.1.4' ],
384 silly audit   'safe-push-apply': [ '1.0.0' ],
384 silly audit   'safe-regex-test': [ '1.1.0' ],
384 silly audit   satori: [ '0.16.0' ],
384 silly audit   scheduler: [ '0.27.0' ],
384 silly audit   'schema-utils': [ '4.3.3' ],
384 silly audit   'ajv-keywords': [ '5.1.0' ],
384 silly audit   'set-function-length': [ '1.2.2' ],
384 silly audit   'set-function-name': [ '2.0.2' ],
384 silly audit   'set-proto': [ '1.0.0' ],
384 silly audit   sharp: [ '0.34.5' ],
384 silly audit   'shebang-command': [ '2.0.0' ],
384 silly audit   'shebang-regex': [ '3.0.0' ],
384 silly audit   'side-channel': [ '1.1.0' ],
384 silly audit   'side-channel-list': [ '1.0.1' ],
384 silly audit   'side-channel-map': [ '1.0.1' ],
384 silly audit   'side-channel-weakmap': [ '1.0.2' ],
384 silly audit   'source-map': [ '0.6.1' ],
384 silly audit   'source-map-js': [ '1.2.1' ],
384 silly audit   'source-map-support': [ '0.5.21' ],
384 silly audit   srvx: [ '0.11.15' ],
384 silly audit   'stable-hash': [ '0.0.5' ],
384 silly audit   'stop-iteration-iterator': [ '1.1.0' ],
384 silly audit   'string.prototype.codepointat': [ '0.2.1' ],
384 silly audit   'string.prototype.includes': [ '2.0.1' ],
384 silly audit   'string.prototype.matchall': [ '4.0.12' ],
384 silly audit   'string.prototype.repeat': [ '1.0.0' ],
384 silly audit   'string.prototype.trim': [ '1.2.10' ],
384 silly audit   'string.prototype.trimend': [ '1.0.9' ],
384 silly audit   'string.prototype.trimstart': [ '1.0.8' ],
384 silly audit   'strip-bom': [ '3.0.0' ],
384 silly audit   'strip-json-comments': [ '3.1.1' ],
384 silly audit   'strip-literal': [ '3.1.0' ],
384 silly audit   'styled-jsx': [ '5.1.6' ],
384 silly audit   'supports-preserve-symlinks-flag': [ '1.0.0' ],
384 silly audit   tailwindcss: [ '4.2.1' ],
384 silly audit   tapable: [ '2.3.3' ],
384 silly audit   terser: [ '5.47.1' ],
384 silly audit   'terser-webpack-plugin': [ '5.6.0' ],
384 silly audit   'tiny-inflate': [ '1.0.3' ],
384 silly audit   tinyglobby: [ '0.2.16' ],
384 silly audit   fdir: [ '6.5.0' ],
384 silly audit   'to-regex-range': [ '5.0.1' ],
384 silly audit   'ts-api-utils': [ '2.5.0' ],
384 silly audit   tsconfck: [ '3.1.6' ],
384 silly audit   'tsconfig-paths': [ '3.15.0' ],
384 silly audit   tsx: [ '4.22.1' ],
384 silly audit   'turbo-stream': [ '3.2.0' ],
384 silly audit   'type-check': [ '0.4.0' ],
384 silly audit   'typed-array-buffer': [ '1.0.3' ],
384 silly audit   'typed-array-byte-length': [ '1.0.3' ],
384 silly audit   'typed-array-byte-offset': [ '1.0.4' ],
384 silly audit   'typed-array-length': [ '1.0.7' ],
384 silly audit   typescript: [ '5.9.3' ],
384 silly audit   'typescript-eslint': [ '8.59.3' ],
384 silly audit   'unbox-primitive': [ '1.1.0' ],
384 silly audit   undici: [ '7.24.8' ],
384 silly audit   'undici-types': [ '6.21.0' ],
384 silly audit   unenv: [ '2.0.0-rc.24' ],
384 silly audit   'unicode-trie': [ '2.0.0' ],
384 silly audit   unpic: [ '4.2.2' ],
384 silly audit   'unrs-resolver': [ '1.11.1' ],
384 silly audit   'update-browserslist-db': [ '1.2.3' ],
384 silly audit   'uri-js': [ '4.4.1' ],
384 silly audit   vinext: [ '0.0.50' ],
384 silly audit   vite: [ '8.0.13' ],
384 silly audit   'vite-plugin-commonjs': [ '0.10.4' ],
384 silly audit   'vite-plugin-dynamic-import': [ '1.6.0' ],
384 silly audit   'vite-tsconfig-paths': [ '6.1.1' ],
384 silly audit   vitefu: [ '1.1.3' ],
384 silly audit   watchpack: [ '2.5.1' ],
384 silly audit   'web-vitals': [ '4.2.4' ],
384 silly audit   webpack: [ '5.106.2' ],
384 silly audit   'webpack-sources': [ '3.4.1' ],
384 silly audit   which: [ '2.0.2' ],
384 silly audit   'which-boxed-primitive': [ '1.1.1' ],
384 silly audit   'which-builtin-type': [ '1.2.1' ],
384 silly audit   'which-collection': [ '1.0.2' ],
384 silly audit   'which-typed-array': [ '1.1.20' ],
384 silly audit   'word-wrap': [ '1.2.5' ],
384 silly audit   workerd: [ '1.20260515.1' ],
384 silly audit   wrangler: [ '4.92.0' ],
384 silly audit   ws: [ '8.18.0' ],
384 silly audit   yallist: [ '3.1.1' ],
384 silly audit   'yocto-queue': [ '0.1.0' ],
384 silly audit   'yoga-layout': [ '3.2.1' ],
384 silly audit   youch: [ '4.1.0-beta.10' ],
384 silly audit   'youch-core': [ '0.3.3' ],
384 silly audit   zod: [ '4.4.3' ],
384 silly audit   'zod-validation-error': [ '4.0.2' ]
384 silly audit }
385 http cache @vitejs/plugin-react@https://registry.npmjs.org/@vitejs/plugin-react/-/plugin-react-6.0.2.tgz 0ms (cache hit)
386 http cache @vitejs/plugin-rsc@https://registry.npmjs.org/@vitejs/plugin-rsc/-/plugin-rsc-0.5.26.tgz 0ms (cache hit)
387 http cache @webassemblyjs/wasm-parser@https://registry.npmjs.org/@webassemblyjs/wasm-parser/-/wasm-parser-1.14.1.tgz 0ms (cache hit)
388 http cache @xtuc/ieee754@https://registry.npmjs.org/@xtuc/ieee754/-/ieee754-1.2.0.tgz 0ms (cache hit)
389 http cache @xtuc/long@https://registry.npmjs.org/@xtuc/long/-/long-4.2.2.tgz 0ms (cache hit)
390 http cache @webassemblyjs/wast-printer@https://registry.npmjs.org/@webassemblyjs/wast-printer/-/wast-printer-1.14.1.tgz 0ms (cache hit)
391 http cache @webassemblyjs/wasm-opt@https://registry.npmjs.org/@webassemblyjs/wasm-opt/-/wasm-opt-1.14.1.tgz 0ms (cache hit)
392 http cache @webassemblyjs/wasm-gen@https://registry.npmjs.org/@webassemblyjs/wasm-gen/-/wasm-gen-1.14.1.tgz 0ms (cache hit)
393 http cache @webassemblyjs/wasm-edit@https://registry.npmjs.org/@webassemblyjs/wasm-edit/-/wasm-edit-1.14.1.tgz 0ms (cache hit)
394 http cache @webassemblyjs/utf8@https://registry.npmjs.org/@webassemblyjs/utf8/-/utf8-1.13.2.tgz 0ms (cache hit)
395 http cache @webassemblyjs/leb128@https://registry.npmjs.org/@webassemblyjs/leb128/-/leb128-1.13.2.tgz 0ms (cache hit)
396 http cache @webassemblyjs/helper-wasm-bytecode@https://registry.npmjs.org/@webassemblyjs/helper-wasm-bytecode/-/helper-wasm-bytecode-1.13.2.tgz 0ms (cache hit)
397 http cache @webassemblyjs/ieee754@https://registry.npmjs.org/@webassemblyjs/ieee754/-/ieee754-1.13.2.tgz 0ms (cache hit)
398 http cache @webassemblyjs/helper-numbers@https://registry.npmjs.org/@webassemblyjs/helper-numbers/-/helper-numbers-1.13.2.tgz 0ms (cache hit)
399 http cache @webassemblyjs/helper-buffer@https://registry.npmjs.org/@webassemblyjs/helper-buffer/-/helper-buffer-1.14.1.tgz 0ms (cache hit)
400 http cache @webassemblyjs/helper-api-error@https://registry.npmjs.org/@webassemblyjs/helper-api-error/-/helper-api-error-1.13.2.tgz 0ms (cache hit)
401 http cache @webassemblyjs/floating-point-hex-parser@https://registry.npmjs.org/@webassemblyjs/floating-point-hex-parser/-/floating-point-hex-parser-1.13.2.tgz 0ms (cache hit)
402 http cache @vercel/og@https://registry.npmjs.org/@vercel/og/-/og-0.8.6.tgz 0ms (cache hit)
403 http cache @unrs/resolver-binding-win32-x64-msvc@https://registry.npmjs.org/@unrs/resolver-binding-win32-x64-msvc/-/resolver-binding-win32-x64-msvc-1.11.1.tgz 0ms (cache hit)
404 http cache @webassemblyjs/helper-wasm-section@https://registry.npmjs.org/@webassemblyjs/helper-wasm-section/-/helper-wasm-section-1.14.1.tgz 0ms (cache hit)
405 http cache @webassemblyjs/ast@https://registry.npmjs.org/@webassemblyjs/ast/-/ast-1.14.1.tgz 0ms (cache hit)
406 http cache @typescript-eslint/visitor-keys@https://registry.npmjs.org/@typescript-eslint/visitor-keys/-/visitor-keys-8.59.3.tgz 0ms (cache hit)
407 http cache @typescript-eslint/utils@https://registry.npmjs.org/@typescript-eslint/utils/-/utils-8.59.3.tgz 0ms (cache hit)
408 http cache @unpic/react@https://registry.npmjs.org/@unpic/react/-/react-1.0.2.tgz 0ms (cache hit)
409 http cache @unpic/core@https://registry.npmjs.org/@unpic/core/-/core-1.0.3.tgz 0ms (cache hit)
410 http cache @typescript-eslint/types@https://registry.npmjs.org/@typescript-eslint/types/-/types-8.59.3.tgz 0ms (cache hit)
411 http cache @typescript-eslint/typescript-estree@https://registry.npmjs.org/@typescript-eslint/typescript-estree/-/typescript-estree-8.59.3.tgz 0ms (cache hit)
412 http cache @typescript-eslint/tsconfig-utils@https://registry.npmjs.org/@typescript-eslint/tsconfig-utils/-/tsconfig-utils-8.59.3.tgz 0ms (cache hit)
413 http cache @typescript-eslint/project-service@https://registry.npmjs.org/@typescript-eslint/project-service/-/project-service-8.59.3.tgz 0ms (cache hit)
414 http cache @typescript-eslint/type-utils@https://registry.npmjs.org/@typescript-eslint/type-utils/-/type-utils-8.59.3.tgz 0ms (cache hit)
415 http cache @typescript-eslint/scope-manager@https://registry.npmjs.org/@typescript-eslint/scope-manager/-/scope-manager-8.59.3.tgz 0ms (cache hit)
416 http cache @typescript-eslint/eslint-plugin@https://registry.npmjs.org/@typescript-eslint/eslint-plugin/-/eslint-plugin-8.59.3.tgz 0ms (cache hit)
417 http cache @typescript-eslint/parser@https://registry.npmjs.org/@typescript-eslint/parser/-/parser-8.59.3.tgz 0ms (cache hit)
418 http cache @types/react@https://registry.npmjs.org/@types/react/-/react-19.2.14.tgz 0ms (cache hit)
419 http cache @types/json5@https://registry.npmjs.org/@types/json5/-/json5-0.0.29.tgz 0ms (cache hit)
420 http cache @types/json-schema@https://registry.npmjs.org/@types/json-schema/-/json-schema-7.0.15.tgz 0ms (cache hit)
421 http cache @tybys/wasm-util@https://registry.npmjs.org/@tybys/wasm-util/-/wasm-util-0.10.2.tgz 0ms (cache hit)
422 http cache @types/eslint-scope@https://registry.npmjs.org/@types/eslint-scope/-/eslint-scope-3.7.7.tgz 0ms (cache hit)
423 http cache @tailwindcss/postcss@https://registry.npmjs.org/@tailwindcss/postcss/-/postcss-4.2.1.tgz 0ms (cache hit)
424 http cache @types/eslint@https://registry.npmjs.org/@types/eslint/-/eslint-9.6.1.tgz 0ms (cache hit)
425 http cache @types/react-dom@https://registry.npmjs.org/@types/react-dom/-/react-dom-19.2.3.tgz 0ms (cache hit)
426 http cache @swc/helpers@https://registry.npmjs.org/@swc/helpers/-/helpers-0.5.15.tgz 0ms (cache hit)
427 http cache @types/node@https://registry.npmjs.org/@types/node/-/node-22.19.19.tgz 0ms (cache hit)
428 http cache @tailwindcss/oxide-win32-x64-msvc@https://registry.npmjs.org/@tailwindcss/oxide-win32-x64-msvc/-/oxide-win32-x64-msvc-4.2.1.tgz 0ms (cache hit)
429 http cache @tailwindcss/oxide@https://registry.npmjs.org/@tailwindcss/oxide/-/oxide-4.2.1.tgz 0ms (cache hit)
430 http cache @shuding/opentype.js@https://registry.npmjs.org/@shuding/opentype.js/-/opentype.js-1.4.0-beta.0.tgz 0ms (cache hit)
431 http cache @tailwindcss/node@https://registry.npmjs.org/@tailwindcss/node/-/node-4.2.1.tgz 0ms (cache hit)
432 http cache @rolldown/binding-win32-x64-msvc@https://registry.npmjs.org/@rolldown/binding-win32-x64-msvc/-/binding-win32-x64-msvc-1.0.1.tgz 0ms (cache hit)
433 http cache @rtsao/scc@https://registry.npmjs.org/@rtsao/scc/-/scc-1.1.0.tgz 0ms (cache hit)
434 http cache @speed-highlight/core@https://registry.npmjs.org/@speed-highlight/core/-/core-1.2.15.tgz 0ms (cache hit)
435 http cache @resvg/resvg-wasm@https://registry.npmjs.org/@resvg/resvg-wasm/-/resvg-wasm-2.4.0.tgz 0ms (cache hit)
436 http cache @poppinss/exception@https://registry.npmjs.org/@poppinss/exception/-/exception-1.2.3.tgz 0ms (cache hit)
437 http cache @poppinss/dumper@https://registry.npmjs.org/@poppinss/dumper/-/dumper-0.6.5.tgz 0ms (cache hit)
438 http cache @oxc-project/types@https://registry.npmjs.org/@oxc-project/types/-/types-0.130.0.tgz 0ms (cache hit)
439 http cache @poppinss/colors@https://registry.npmjs.org/@poppinss/colors/-/colors-4.1.6.tgz 0ms (cache hit)
440 http cache @sindresorhus/is@https://registry.npmjs.org/@sindresorhus/is/-/is-7.2.0.tgz 0ms (cache hit)
441 http cache @nolyfill/is-core-module@https://registry.npmjs.org/@nolyfill/is-core-module/-/is-core-module-1.0.39.tgz 0ms (cache hit)
442 http cache @next/eslint-plugin-next@https://registry.npmjs.org/@next/eslint-plugin-next/-/eslint-plugin-next-16.2.6.tgz 0ms (cache hit)
443 http cache @next/swc-win32-x64-msvc@https://registry.npmjs.org/@next/swc-win32-x64-msvc/-/swc-win32-x64-msvc-16.2.6.tgz 0ms (cache hit)
444 http cache @jridgewell/trace-mapping@https://registry.npmjs.org/@jridgewell/trace-mapping/-/trace-mapping-0.3.31.tgz 0ms (cache hit)
445 http cache @jridgewell/source-map@https://registry.npmjs.org/@jridgewell/source-map/-/source-map-0.3.11.tgz 0ms (cache hit)
446 http cache @next/env@https://registry.npmjs.org/@next/env/-/env-16.2.6.tgz 0ms (cache hit)
447 http cache @jridgewell/remapping@https://registry.npmjs.org/@jridgewell/remapping/-/remapping-2.3.5.tgz 0ms (cache hit)
448 http cache @jridgewell/gen-mapping@https://registry.npmjs.org/@jridgewell/gen-mapping/-/gen-mapping-0.3.13.tgz 0ms (cache hit)
449 http cache @img/sharp-win32-x64@https://registry.npmjs.org/@img/sharp-win32-x64/-/sharp-win32-x64-0.34.5.tgz 0ms (cache hit)
450 http cache @humanwhocodes/retry@https://registry.npmjs.org/@humanwhocodes/retry/-/retry-0.4.3.tgz 0ms (cache hit)
451 http cache @humanwhocodes/module-importer@https://registry.npmjs.org/@humanwhocodes/module-importer/-/module-importer-1.0.1.tgz 0ms (cache hit)
452 http cache @humanfs/node@https://registry.npmjs.org/@humanfs/node/-/node-0.16.8.tgz 0ms (cache hit)
453 http cache @img/colour@https://registry.npmjs.org/@img/colour/-/colour-1.1.0.tgz 0ms (cache hit)
454 http cache @humanfs/core@https://registry.npmjs.org/@humanfs/core/-/core-0.19.2.tgz 0ms (cache hit)
455 http cache @eslint/plugin-kit@https://registry.npmjs.org/@eslint/plugin-kit/-/plugin-kit-0.4.1.tgz 0ms (cache hit)
456 http cache @eslint/object-schema@https://registry.npmjs.org/@eslint/object-schema/-/object-schema-2.1.7.tgz 0ms (cache hit)
457 http cache @humanfs/types@https://registry.npmjs.org/@humanfs/types/-/types-0.15.0.tgz 0ms (cache hit)
458 http cache @eslint/js@https://registry.npmjs.org/@eslint/js/-/js-9.39.4.tgz 0ms (cache hit)
459 http cache @eslint-community/regexpp@https://registry.npmjs.org/@eslint-community/regexpp/-/regexpp-4.12.2.tgz 0ms (cache hit)
460 http cache @eslint/core@https://registry.npmjs.org/@eslint/core/-/core-0.17.0.tgz 0ms (cache hit)
461 http cache @eslint-community/eslint-utils@https://registry.npmjs.org/@eslint-community/eslint-utils/-/eslint-utils-4.9.1.tgz 0ms (cache hit)
462 http cache @esbuild-kit/esm-loader@https://registry.npmjs.org/@esbuild-kit/esm-loader/-/esm-loader-2.6.5.tgz 0ms (cache hit)
463 http cache @eslint/eslintrc@https://registry.npmjs.org/@eslint/eslintrc/-/eslintrc-3.3.5.tgz 0ms (cache hit)
464 http cache @eslint/config-helpers@https://registry.npmjs.org/@eslint/config-helpers/-/config-helpers-0.4.2.tgz 0ms (cache hit)
465 http cache @eslint/config-array@https://registry.npmjs.org/@eslint/config-array/-/config-array-0.21.2.tgz 0ms (cache hit)
466 http cache @esbuild/win32-x64@https://registry.npmjs.org/@esbuild/win32-x64/-/win32-x64-0.28.0.tgz 0ms (cache hit)
467 http cache @drizzle-team/brocli@https://registry.npmjs.org/@drizzle-team/brocli/-/brocli-0.10.2.tgz 0ms (cache hit)
468 http cache @esbuild-kit/core-utils@https://registry.npmjs.org/@esbuild-kit/core-utils/-/core-utils-3.3.2.tgz 0ms (cache hit)
469 http cache @emnapi/runtime@https://registry.npmjs.org/@emnapi/runtime/-/runtime-1.10.0.tgz 0ms (cache hit)
470 http cache @cloudflare/workerd-windows-64@https://registry.npmjs.org/@cloudflare/workerd-windows-64/-/workerd-windows-64-1.20260515.1.tgz 0ms (cache hit)
471 http cache @emnapi/core@https://registry.npmjs.org/@emnapi/core/-/core-1.10.0.tgz 0ms (cache hit)
472 http cache @babel/types@https://registry.npmjs.org/@babel/types/-/types-7.29.0.tgz 0ms (cache hit)
473 http cache @babel/traverse@https://registry.npmjs.org/@babel/traverse/-/traverse-7.29.0.tgz 0ms (cache hit)
474 http cache @cloudflare/unenv-preset@https://registry.npmjs.org/@cloudflare/unenv-preset/-/unenv-preset-2.16.1.tgz 0ms (cache hit)
475 http cache @cloudflare/vite-plugin@https://registry.npmjs.org/@cloudflare/vite-plugin/-/vite-plugin-1.37.1.tgz 0ms (cache hit)
476 http cache @cloudflare/kv-asset-handler@https://registry.npmjs.org/@cloudflare/kv-asset-handler/-/kv-asset-handler-0.5.0.tgz 0ms (cache hit)
477 http cache @babel/template@https://registry.npmjs.org/@babel/template/-/template-7.28.6.tgz 0ms (cache hit)
478 http cache @babel/parser@https://registry.npmjs.org/@babel/parser/-/parser-7.29.3.tgz 0ms (cache hit)
479 http cache @babel/helpers@https://registry.npmjs.org/@babel/helpers/-/helpers-7.29.2.tgz 0ms (cache hit)
480 http cache @babel/helper-validator-option@https://registry.npmjs.org/@babel/helper-validator-option/-/helper-validator-option-7.27.1.tgz 0ms (cache hit)
481 http cache @babel/helper-string-parser@https://registry.npmjs.org/@babel/helper-string-parser/-/helper-string-parser-7.27.1.tgz 0ms (cache hit)
482 http cache @emnapi/wasi-threads@https://registry.npmjs.org/@emnapi/wasi-threads/-/wasi-threads-1.2.1.tgz 0ms (cache hit)
483 http cache @babel/helper-module-imports@https://registry.npmjs.org/@babel/helper-module-imports/-/helper-module-imports-7.28.6.tgz 0ms (cache hit)
484 http cache @babel/helper-globals@https://registry.npmjs.org/@babel/helper-globals/-/helper-globals-7.28.0.tgz 0ms (cache hit)
485 http cache @babel/helper-module-transforms@https://registry.npmjs.org/@babel/helper-module-transforms/-/helper-module-transforms-7.28.6.tgz 0ms (cache hit)
486 http cache @babel/helper-compilation-targets@https://registry.npmjs.org/@babel/helper-compilation-targets/-/helper-compilation-targets-7.28.6.tgz 0ms (cache hit)
487 http cache @babel/generator@https://registry.npmjs.org/@babel/generator/-/generator-7.29.1.tgz 0ms (cache hit)
488 http cache @babel/core@https://registry.npmjs.org/@babel/core/-/core-7.29.0.tgz 0ms (cache hit)
489 http cache @alloc/quick-lru@https://registry.npmjs.org/@alloc/quick-lru/-/quick-lru-5.2.0.tgz 0ms (cache hit)
490 http cache @babel/code-frame@https://registry.npmjs.org/@babel/code-frame/-/code-frame-7.29.0.tgz 0ms (cache hit)
491 http cache zod-validation-error@https://registry.npmjs.org/zod-validation-error/-/zod-validation-error-4.0.2.tgz 0ms (cache hit)
492 http cache @babel/helper-validator-identifier@https://registry.npmjs.org/@babel/helper-validator-identifier/-/helper-validator-identifier-7.28.5.tgz 0ms (cache hit)
493 http cache youch-core@https://registry.npmjs.org/youch-core/-/youch-core-0.3.3.tgz 0ms (cache hit)
494 http cache @babel/compat-data@https://registry.npmjs.org/@babel/compat-data/-/compat-data-7.29.3.tgz 0ms (cache hit)
495 http cache zod@https://registry.npmjs.org/zod/-/zod-4.4.3.tgz 0ms (cache hit)
496 http cache youch@https://registry.npmjs.org/youch/-/youch-4.1.0-beta.10.tgz 0ms (cache hit)
497 http cache yallist@https://registry.npmjs.org/yallist/-/yallist-3.1.1.tgz 0ms (cache hit)
498 http cache yocto-queue@https://registry.npmjs.org/yocto-queue/-/yocto-queue-0.1.0.tgz 0ms (cache hit)
499 http cache ws@https://registry.npmjs.org/ws/-/ws-8.18.0.tgz 0ms (cache hit)
500 http cache wrangler@https://registry.npmjs.org/wrangler/-/wrangler-4.92.0.tgz 0ms (cache hit)
501 http cache which-typed-array@https://registry.npmjs.org/which-typed-array/-/which-typed-array-1.1.20.tgz 0ms (cache hit)
502 http cache workerd@https://registry.npmjs.org/workerd/-/workerd-1.20260515.1.tgz 0ms (cache hit)
503 http cache word-wrap@https://registry.npmjs.org/word-wrap/-/word-wrap-1.2.5.tgz 0ms (cache hit)
504 http cache yoga-layout@https://registry.npmjs.org/yoga-layout/-/yoga-layout-3.2.1.tgz 0ms (cache hit)
505 http cache which-boxed-primitive@https://registry.npmjs.org/which-boxed-primitive/-/which-boxed-primitive-1.1.1.tgz 0ms (cache hit)
506 http cache which-collection@https://registry.npmjs.org/which-collection/-/which-collection-1.0.2.tgz 0ms (cache hit)
507 http cache which-builtin-type@https://registry.npmjs.org/which-builtin-type/-/which-builtin-type-1.2.1.tgz 0ms (cache hit)
508 http cache webpack@https://registry.npmjs.org/webpack/-/webpack-5.106.2.tgz 0ms (cache hit)
509 http cache which@https://registry.npmjs.org/which/-/which-2.0.2.tgz 0ms (cache hit)
510 http cache web-vitals@https://registry.npmjs.org/web-vitals/-/web-vitals-4.2.4.tgz 0ms (cache hit)
511 http cache webpack-sources@https://registry.npmjs.org/webpack-sources/-/webpack-sources-3.4.1.tgz 0ms (cache hit)
512 http cache watchpack@https://registry.npmjs.org/watchpack/-/watchpack-2.5.1.tgz 0ms (cache hit)
513 http cache vitefu@https://registry.npmjs.org/vitefu/-/vitefu-1.1.3.tgz 0ms (cache hit)
514 http cache vite-plugin-commonjs@https://registry.npmjs.org/vite-plugin-commonjs/-/vite-plugin-commonjs-0.10.4.tgz 0ms (cache hit)
515 http cache vite@https://registry.npmjs.org/vite/-/vite-8.0.13.tgz 0ms (cache hit)
516 http cache vite-tsconfig-paths@https://registry.npmjs.org/vite-tsconfig-paths/-/vite-tsconfig-paths-6.1.1.tgz 0ms (cache hit)
517 http cache update-browserslist-db@https://registry.npmjs.org/update-browserslist-db/-/update-browserslist-db-1.2.3.tgz 0ms (cache hit)
518 http cache vinext@https://registry.npmjs.org/vinext/-/vinext-0.0.50.tgz 0ms (cache hit)
519 http cache unrs-resolver@https://registry.npmjs.org/unrs-resolver/-/unrs-resolver-1.11.1.tgz 0ms (cache hit)
520 http cache vite-plugin-dynamic-import@https://registry.npmjs.org/vite-plugin-dynamic-import/-/vite-plugin-dynamic-import-1.6.0.tgz 0ms (cache hit)
521 http cache unpic@https://registry.npmjs.org/unpic/-/unpic-4.2.2.tgz 0ms (cache hit)
522 http cache unicode-trie@https://registry.npmjs.org/unicode-trie/-/unicode-trie-2.0.0.tgz 0ms (cache hit)
523 http cache unenv@https://registry.npmjs.org/unenv/-/unenv-2.0.0-rc.24.tgz 0ms (cache hit)
524 http cache undici-types@https://registry.npmjs.org/undici-types/-/undici-types-6.21.0.tgz 0ms (cache hit)
525 http cache undici@https://registry.npmjs.org/undici/-/undici-7.24.8.tgz 0ms (cache hit)
526 http cache typescript-eslint@https://registry.npmjs.org/typescript-eslint/-/typescript-eslint-8.59.3.tgz 0ms (cache hit)
527 http cache typescript@https://registry.npmjs.org/typescript/-/typescript-5.9.3.tgz 0ms (cache hit)
528 http cache unbox-primitive@https://registry.npmjs.org/unbox-primitive/-/unbox-primitive-1.1.0.tgz 0ms (cache hit)
529 http cache typed-array-byte-length@https://registry.npmjs.org/typed-array-byte-length/-/typed-array-byte-length-1.0.3.tgz 0ms (cache hit)
530 http cache typed-array-byte-offset@https://registry.npmjs.org/typed-array-byte-offset/-/typed-array-byte-offset-1.0.4.tgz 0ms (cache hit)
531 http cache typed-array-length@https://registry.npmjs.org/typed-array-length/-/typed-array-length-1.0.7.tgz 0ms (cache hit)
532 http cache turbo-stream@https://registry.npmjs.org/turbo-stream/-/turbo-stream-3.2.0.tgz 0ms (cache hit)
533 http cache type-check@https://registry.npmjs.org/type-check/-/type-check-0.4.0.tgz 0ms (cache hit)
534 http cache tsx@https://registry.npmjs.org/tsx/-/tsx-4.22.1.tgz 0ms (cache hit)
535 http cache tsconfig-paths@https://registry.npmjs.org/tsconfig-paths/-/tsconfig-paths-3.15.0.tgz 0ms (cache hit)
536 http cache tiny-inflate@https://registry.npmjs.org/tiny-inflate/-/tiny-inflate-1.0.3.tgz 0ms (cache hit)
537 http cache ts-api-utils@https://registry.npmjs.org/ts-api-utils/-/ts-api-utils-2.5.0.tgz 0ms (cache hit)
538 http cache tsconfck@https://registry.npmjs.org/tsconfck/-/tsconfck-3.1.6.tgz 0ms (cache hit)
539 http cache terser-webpack-plugin@https://registry.npmjs.org/terser-webpack-plugin/-/terser-webpack-plugin-5.6.0.tgz 0ms (cache hit)
540 http cache tinyglobby@https://registry.npmjs.org/tinyglobby/-/tinyglobby-0.2.16.tgz 0ms (cache hit)
541 http cache terser@https://registry.npmjs.org/terser/-/terser-5.47.1.tgz 0ms (cache hit)
542 http cache tapable@https://registry.npmjs.org/tapable/-/tapable-2.3.3.tgz 0ms (cache hit)
543 http cache tailwindcss@https://registry.npmjs.org/tailwindcss/-/tailwindcss-4.2.1.tgz 0ms (cache hit)
544 http cache supports-preserve-symlinks-flag@https://registry.npmjs.org/supports-preserve-symlinks-flag/-/supports-preserve-symlinks-flag-1.0.0.tgz 0ms (cache hit)
545 http cache strip-json-comments@https://registry.npmjs.org/strip-json-comments/-/strip-json-comments-3.1.1.tgz 0ms (cache hit)
546 http cache strip-literal@https://registry.npmjs.org/strip-literal/-/strip-literal-3.1.0.tgz 0ms (cache hit)
547 http cache string.prototype.trim@https://registry.npmjs.org/string.prototype.trim/-/string.prototype.trim-1.2.10.tgz 0ms (cache hit)
548 http cache styled-jsx@https://registry.npmjs.org/styled-jsx/-/styled-jsx-5.1.6.tgz 0ms (cache hit)
549 http cache string.prototype.trimend@https://registry.npmjs.org/string.prototype.trimend/-/string.prototype.trimend-1.0.9.tgz 0ms (cache hit)
550 http cache stop-iteration-iterator@https://registry.npmjs.org/stop-iteration-iterator/-/stop-iteration-iterator-1.1.0.tgz 0ms (cache hit)
551 http cache string.prototype.repeat@https://registry.npmjs.org/string.prototype.repeat/-/string.prototype.repeat-1.0.0.tgz 0ms (cache hit)
552 http cache string.prototype.trimstart@https://registry.npmjs.org/string.prototype.trimstart/-/string.prototype.trimstart-1.0.8.tgz 0ms (cache hit)
553 http cache string.prototype.includes@https://registry.npmjs.org/string.prototype.includes/-/string.prototype.includes-2.0.1.tgz 0ms (cache hit)
554 http cache stable-hash@https://registry.npmjs.org/stable-hash/-/stable-hash-0.0.5.tgz 0ms (cache hit)
555 http cache string.prototype.matchall@https://registry.npmjs.org/string.prototype.matchall/-/string.prototype.matchall-4.0.12.tgz 0ms (cache hit)
556 http cache srvx@https://registry.npmjs.org/srvx/-/srvx-0.11.15.tgz 0ms (cache hit)
557 http cache string.prototype.codepointat@https://registry.npmjs.org/string.prototype.codepointat/-/string.prototype.codepointat-0.2.1.tgz 0ms (cache hit)
558 http cache source-map-support@https://registry.npmjs.org/source-map-support/-/source-map-support-0.5.21.tgz 0ms (cache hit)
559 http cache side-channel-weakmap@https://registry.npmjs.org/side-channel-weakmap/-/side-channel-weakmap-1.0.2.tgz 0ms (cache hit)
560 http cache side-channel-map@https://registry.npmjs.org/side-channel-map/-/side-channel-map-1.0.1.tgz 0ms (cache hit)
561 http cache side-channel-list@https://registry.npmjs.org/side-channel-list/-/side-channel-list-1.0.1.tgz 0ms (cache hit)
562 http cache side-channel@https://registry.npmjs.org/side-channel/-/side-channel-1.1.0.tgz 0ms (cache hit)
563 http cache sharp@https://registry.npmjs.org/sharp/-/sharp-0.34.5.tgz 0ms (cache hit)
564 http cache schema-utils@https://registry.npmjs.org/schema-utils/-/schema-utils-4.3.3.tgz 0ms (cache hit)
565 http cache set-function-name@https://registry.npmjs.org/set-function-name/-/set-function-name-2.0.2.tgz 0ms (cache hit)
566 http cache scheduler@https://registry.npmjs.org/scheduler/-/scheduler-0.27.0.tgz 0ms (cache hit)
567 http cache set-proto@https://registry.npmjs.org/set-proto/-/set-proto-1.0.0.tgz 0ms (cache hit)
568 http cache semver@https://registry.npmjs.org/semver/-/semver-6.3.1.tgz 0ms (cache hit)
569 http cache safe-push-apply@https://registry.npmjs.org/safe-push-apply/-/safe-push-apply-1.0.0.tgz 0ms (cache hit)
570 http cache resolve-pkg-maps@https://registry.npmjs.org/resolve-pkg-maps/-/resolve-pkg-maps-1.0.0.tgz 0ms (cache hit)
571 http cache safe-array-concat@https://registry.npmjs.org/safe-array-concat/-/safe-array-concat-1.1.4.tgz 0ms (cache hit)
572 http cache regexp.prototype.flags@https://registry.npmjs.org/regexp.prototype.flags/-/regexp.prototype.flags-1.5.4.tgz 0ms (cache hit)
573 http cache rolldown@https://registry.npmjs.org/rolldown/-/rolldown-1.0.1.tgz 0ms (cache hit)
574 http cache reflect.getprototypeof@https://registry.npmjs.org/reflect.getprototypeof/-/reflect.getprototypeof-1.0.10.tgz 0ms (cache hit)
575 http cache react-server-dom-webpack@https://registry.npmjs.org/react-server-dom-webpack/-/react-server-dom-webpack-19.2.6.tgz 0ms (cache hit)
576 http cache react-is@https://registry.npmjs.org/react-is/-/react-is-16.13.1.tgz 0ms (cache hit)
577 http cache react-loading-skeleton@https://registry.npmjs.org/react-loading-skeleton/-/react-loading-skeleton-3.5.0.tgz 0ms (cache hit)
578 http cache resolve@https://registry.npmjs.org/resolve/-/resolve-2.0.0-next.7.tgz 0ms (cache hit)
579 http cache react-dom@https://registry.npmjs.org/react-dom/-/react-dom-19.2.6.tgz 0ms (cache hit)
580 http cache react@https://registry.npmjs.org/react/-/react-19.2.6.tgz 0ms (cache hit)
581 http cache prop-types@https://registry.npmjs.org/prop-types/-/prop-types-15.8.1.tgz 0ms (cache hit)
582 http cache prelude-ls@https://registry.npmjs.org/prelude-ls/-/prelude-ls-1.2.1.tgz 0ms (cache hit)
583 http cache pathe@https://registry.npmjs.org/pathe/-/pathe-2.0.3.tgz 0ms (cache hit)
584 http cache postcss@https://registry.npmjs.org/postcss/-/postcss-8.5.14.tgz 0ms (cache hit)
585 http cache postcss-value-parser@https://registry.npmjs.org/postcss-value-parser/-/postcss-value-parser-4.2.0.tgz 0ms (cache hit)
586 http cache path-parse@https://registry.npmjs.org/path-parse/-/path-parse-1.0.7.tgz 0ms (cache hit)
587 http cache path-to-regexp@https://registry.npmjs.org/path-to-regexp/-/path-to-regexp-6.3.0.tgz 0ms (cache hit)
588 http cache satori@https://registry.npmjs.org/satori/-/satori-0.16.0.tgz 0ms (cache hit)
589 http cache p-locate@https://registry.npmjs.org/p-locate/-/p-locate-5.0.0.tgz 0ms (cache hit)
590 http cache path-exists@https://registry.npmjs.org/path-exists/-/path-exists-4.0.0.tgz 0ms (cache hit)
591 http cache parse-css-color@https://registry.npmjs.org/parse-css-color/-/parse-css-color-0.2.1.tgz 0ms (cache hit)
592 http cache own-keys@https://registry.npmjs.org/own-keys/-/own-keys-1.0.1.tgz 0ms (cache hit)
593 http cache pako@https://registry.npmjs.org/pako/-/pako-0.2.9.tgz 0ms (cache hit)
594 http cache optionator@https://registry.npmjs.org/optionator/-/optionator-0.9.4.tgz 0ms (cache hit)
595 http cache object.values@https://registry.npmjs.org/object.values/-/object.values-1.2.1.tgz 0ms (cache hit)
596 http cache object.groupby@https://registry.npmjs.org/object.groupby/-/object.groupby-1.0.3.tgz 0ms (cache hit)
597 http cache object.fromentries@https://registry.npmjs.org/object.fromentries/-/object.fromentries-2.0.8.tgz 0ms (cache hit)
598 http cache object.entries@https://registry.npmjs.org/object.entries/-/object.entries-1.1.9.tgz 0ms (cache hit)
599 http cache object.assign@https://registry.npmjs.org/object.assign/-/object.assign-4.1.7.tgz 0ms (cache hit)
600 http cache object-keys@https://registry.npmjs.org/object-keys/-/object-keys-1.1.1.tgz 0ms (cache hit)
601 http cache p-limit@https://registry.npmjs.org/p-limit/-/p-limit-3.1.0.tgz 0ms (cache hit)
602 http cache object-inspect@https://registry.npmjs.org/object-inspect/-/object-inspect-1.13.4.tgz 1ms (cache hit)
603 http cache node-releases@https://registry.npmjs.org/node-releases/-/node-releases-2.0.44.tgz 0ms (cache hit)
604 http cache next@https://registry.npmjs.org/next/-/next-16.2.6.tgz 0ms (cache hit)
605 http cache natural-compare@https://registry.npmjs.org/natural-compare/-/natural-compare-1.4.0.tgz 0ms (cache hit)
606 http cache nanoid@https://registry.npmjs.org/nanoid/-/nanoid-3.3.12.tgz 0ms (cache hit)
607 http cache node-exports-info@https://registry.npmjs.org/node-exports-info/-/node-exports-info-1.6.0.tgz 0ms (cache hit)
608 http cache napi-postinstall@https://registry.npmjs.org/napi-postinstall/-/napi-postinstall-0.3.4.tgz 0ms (cache hit)
609 http cache mime-db@https://registry.npmjs.org/mime-db/-/mime-db-1.54.0.tgz 0ms (cache hit)
610 http cache merge-stream@https://registry.npmjs.org/merge-stream/-/merge-stream-2.0.0.tgz 0ms (cache hit)
611 http cache miniflare@https://registry.npmjs.org/miniflare/-/miniflare-4.20260515.0.tgz 0ms (cache hit)
612 http cache loose-envify@https://registry.npmjs.org/loose-envify/-/loose-envify-1.4.0.tgz 0ms (cache hit)
613 http cache lru-cache@https://registry.npmjs.org/lru-cache/-/lru-cache-5.1.1.tgz 0ms (cache hit)
614 http cache lodash.merge@https://registry.npmjs.org/lodash.merge/-/lodash.merge-4.6.2.tgz 0ms (cache hit)
615 http cache locate-path@https://registry.npmjs.org/locate-path/-/locate-path-6.0.0.tgz 0ms (cache hit)
616 http cache loader-runner@https://registry.npmjs.org/loader-runner/-/loader-runner-4.3.2.tgz 0ms (cache hit)
617 http cache lightningcss@https://registry.npmjs.org/lightningcss/-/lightningcss-1.31.1.tgz 0ms (cache hit)
618 http cache linebreak@https://registry.npmjs.org/linebreak/-/linebreak-1.1.0.tgz 0ms (cache hit)
619 http cache lightningcss-win32-x64-msvc@https://registry.npmjs.org/lightningcss-win32-x64-msvc/-/lightningcss-win32-x64-msvc-1.31.1.tgz 0ms (cache hit)
620 http cache levn@https://registry.npmjs.org/levn/-/levn-0.4.1.tgz 0ms (cache hit)
621 http cache language-tags@https://registry.npmjs.org/language-tags/-/language-tags-1.0.9.tgz 0ms (cache hit)
622 http cache language-subtag-registry@https://registry.npmjs.org/language-subtag-registry/-/language-subtag-registry-0.3.23.tgz 0ms (cache hit)
623 http cache kleur@https://registry.npmjs.org/kleur/-/kleur-4.1.5.tgz 1ms (cache hit)
624 http cache jsx-ast-utils@https://registry.npmjs.org/jsx-ast-utils/-/jsx-ast-utils-3.3.5.tgz 0ms (cache hit)
625 http cache json5@https://registry.npmjs.org/json5/-/json5-2.2.3.tgz 0ms (cache hit)
626 http cache keyv@https://registry.npmjs.org/keyv/-/keyv-4.5.4.tgz 0ms (cache hit)
627 http cache json-buffer@https://registry.npmjs.org/json-buffer/-/json-buffer-3.0.1.tgz 0ms (cache hit)
628 http cache jsesc@https://registry.npmjs.org/jsesc/-/jsesc-3.1.0.tgz 0ms (cache hit)
629 http cache json-stable-stringify-without-jsonify@https://registry.npmjs.org/json-stable-stringify-without-jsonify/-/json-stable-stringify-without-jsonify-1.0.1.tgz 0ms (cache hit)
630 http cache js-yaml@https://registry.npmjs.org/js-yaml/-/js-yaml-4.1.1.tgz 0ms (cache hit)
631 http cache is-weakset@https://registry.npmjs.org/is-weakset/-/is-weakset-2.0.4.tgz 0ms (cache hit)
632 http cache is-weakref@https://registry.npmjs.org/is-weakref/-/is-weakref-1.1.1.tgz 0ms (cache hit)
633 http cache is-weakmap@https://registry.npmjs.org/is-weakmap/-/is-weakmap-2.0.2.tgz 0ms (cache hit)
634 http cache is-string@https://registry.npmjs.org/is-string/-/is-string-1.1.1.tgz 0ms (cache hit)
635 http cache jiti@https://registry.npmjs.org/jiti/-/jiti-2.7.0.tgz 0ms (cache hit)
636 http cache is-symbol@https://registry.npmjs.org/is-symbol/-/is-symbol-1.1.1.tgz 0ms (cache hit)
637 http cache is-set@https://registry.npmjs.org/is-set/-/is-set-2.0.3.tgz 0ms (cache hit)
638 http cache is-shared-array-buffer@https://registry.npmjs.org/is-shared-array-buffer/-/is-shared-array-buffer-1.0.4.tgz 0ms (cache hit)
639 http cache jest-worker@https://registry.npmjs.org/jest-worker/-/jest-worker-27.5.1.tgz 0ms (cache hit)
640 http cache is-negative-zero@https://registry.npmjs.org/is-negative-zero/-/is-negative-zero-2.0.3.tgz 0ms (cache hit)
641 http cache is-number-object@https://registry.npmjs.org/is-number-object/-/is-number-object-1.1.1.tgz 0ms (cache hit)
642 http cache is-finalizationregistry@https://registry.npmjs.org/is-finalizationregistry/-/is-finalizationregistry-1.1.1.tgz 0ms (cache hit)
643 http cache iterator.prototype@https://registry.npmjs.org/iterator.prototype/-/iterator.prototype-1.1.5.tgz 0ms (cache hit)
644 http cache is-date-object@https://registry.npmjs.org/is-date-object/-/is-date-object-1.1.0.tgz 0ms (cache hit)
645 http cache is-data-view@https://registry.npmjs.org/is-data-view/-/is-data-view-1.0.2.tgz 0ms (cache hit)
646 http cache is-bun-module@https://registry.npmjs.org/is-bun-module/-/is-bun-module-2.0.0.tgz 0ms (cache hit)
647 http cache imurmurhash@https://registry.npmjs.org/imurmurhash/-/imurmurhash-0.1.4.tgz 0ms (cache hit)
648 http cache is-map@https://registry.npmjs.org/is-map/-/is-map-2.0.3.tgz 0ms (cache hit)
649 http cache is-core-module@https://registry.npmjs.org/is-core-module/-/is-core-module-2.16.2.tgz 0ms (cache hit)
650 http cache is-bigint@https://registry.npmjs.org/is-bigint/-/is-bigint-1.1.0.tgz 0ms (cache hit)
651 http cache is-async-function@https://registry.npmjs.org/is-async-function/-/is-async-function-2.1.1.tgz 0ms (cache hit)
652 http cache is-boolean-object@https://registry.npmjs.org/is-boolean-object/-/is-boolean-object-1.2.2.tgz 0ms (cache hit)
653 http cache is-array-buffer@https://registry.npmjs.org/is-array-buffer/-/is-array-buffer-3.0.5.tgz 0ms (cache hit)
654 http cache ipaddr.js@https://registry.npmjs.org/ipaddr.js/-/ipaddr.js-2.4.0.tgz 0ms (cache hit)
655 http cache internal-slot@https://registry.npmjs.org/internal-slot/-/internal-slot-1.1.0.tgz 0ms (cache hit)
656 http cache image-size@https://registry.npmjs.org/image-size/-/image-size-2.0.2.tgz 0ms (cache hit)
657 http cache hex-rgb@https://registry.npmjs.org/hex-rgb/-/hex-rgb-4.3.0.tgz 0ms (cache hit)
658 http cache hermes-parser@https://registry.npmjs.org/hermes-parser/-/hermes-parser-0.25.1.tgz 0ms (cache hit)
659 http cache hermes-estree@https://registry.npmjs.org/hermes-estree/-/hermes-estree-0.25.1.tgz 0ms (cache hit)
660 http cache hasown@https://registry.npmjs.org/hasown/-/hasown-2.0.3.tgz 0ms (cache hit)
661 http cache has-bigints@https://registry.npmjs.org/has-bigints/-/has-bigints-1.1.0.tgz 0ms (cache hit)
662 http cache has-proto@https://registry.npmjs.org/has-proto/-/has-proto-1.2.0.tgz 0ms (cache hit)
663 http cache globrex@https://registry.npmjs.org/globrex/-/globrex-0.1.2.tgz 0ms (cache hit)
664 http cache globalthis@https://registry.npmjs.org/globalthis/-/globalthis-1.0.4.tgz 0ms (cache hit)
665 http cache globals@https://registry.npmjs.org/globals/-/globals-14.0.0.tgz 0ms (cache hit)
666 http cache glob-to-regexp@https://registry.npmjs.org/glob-to-regexp/-/glob-to-regexp-0.4.1.tgz 0ms (cache hit)
667 http cache glob-parent@https://registry.npmjs.org/glob-parent/-/glob-parent-6.0.2.tgz 0ms (cache hit)
668 http cache get-tsconfig@https://registry.npmjs.org/get-tsconfig/-/get-tsconfig-4.14.0.tgz 0ms (cache hit)
669 http cache gensync@https://registry.npmjs.org/gensync/-/gensync-1.0.0-beta.2.tgz 0ms (cache hit)
670 http cache get-symbol-description@https://registry.npmjs.org/get-symbol-description/-/get-symbol-description-1.1.0.tgz 0ms (cache hit)
671 http cache functions-have-names@https://registry.npmjs.org/functions-have-names/-/functions-have-names-1.2.3.tgz 0ms (cache hit)
672 http cache function.prototype.name@https://registry.npmjs.org/function.prototype.name/-/function.prototype.name-1.1.8.tgz 0ms (cache hit)
673 http cache flatted@https://registry.npmjs.org/flatted/-/flatted-3.4.2.tgz 0ms (cache hit)
674 http cache flat-cache@https://registry.npmjs.org/flat-cache/-/flat-cache-4.0.1.tgz 0ms (cache hit)
675 http cache find-up@https://registry.npmjs.org/find-up/-/find-up-5.0.0.tgz 0ms (cache hit)
676 http cache file-entry-cache@https://registry.npmjs.org/file-entry-cache/-/file-entry-cache-8.0.0.tgz 0ms (cache hit)
677 http cache events@https://registry.npmjs.org/events/-/events-3.3.0.tgz 0ms (cache hit)
678 http cache fast-levenshtein@https://registry.npmjs.org/fast-levenshtein/-/fast-levenshtein-2.0.6.tgz 0ms (cache hit)
679 http cache fflate@https://registry.npmjs.org/fflate/-/fflate-0.7.4.tgz 0ms (cache hit)
680 http cache fast-glob@https://registry.npmjs.org/fast-glob/-/fast-glob-3.3.1.tgz 0ms (cache hit)
681 http cache esrecurse@https://registry.npmjs.org/esrecurse/-/esrecurse-4.3.0.tgz 0ms (cache hit)
682 http cache estree-walker@https://registry.npmjs.org/estree-walker/-/estree-walker-3.0.3.tgz 0ms (cache hit)
683 http cache esquery@https://registry.npmjs.org/esquery/-/esquery-1.7.0.tgz 0ms (cache hit)
684 http cache espree@https://registry.npmjs.org/espree/-/espree-10.4.0.tgz 0ms (cache hit)
685 http cache eslint-scope@https://registry.npmjs.org/eslint-scope/-/eslint-scope-8.4.0.tgz 0ms (cache hit)
686 http cache eslint-visitor-keys@https://registry.npmjs.org/eslint-visitor-keys/-/eslint-visitor-keys-4.2.1.tgz 0ms (cache hit)
687 http cache eslint-plugin-react-hooks@https://registry.npmjs.org/eslint-plugin-react-hooks/-/eslint-plugin-react-hooks-7.1.1.tgz 0ms (cache hit)
688 http cache eslint-plugin-react@https://registry.npmjs.org/eslint-plugin-react/-/eslint-plugin-react-7.37.5.tgz 0ms (cache hit)
689 http cache eslint-plugin-import@https://registry.npmjs.org/eslint-plugin-import/-/eslint-plugin-import-2.32.0.tgz 0ms (cache hit)
690 http cache eslint-module-utils@https://registry.npmjs.org/eslint-module-utils/-/eslint-module-utils-2.12.1.tgz 0ms (cache hit)
691 http cache eslint-config-next@https://registry.npmjs.org/eslint-config-next/-/eslint-config-next-16.2.6.tgz 0ms (cache hit)
692 http cache eslint@https://registry.npmjs.org/eslint/-/eslint-9.39.4.tgz 0ms (cache hit)
693 http cache eslint-import-resolver-node@https://registry.npmjs.org/eslint-import-resolver-node/-/eslint-import-resolver-node-0.3.10.tgz 0ms (cache hit)
694 http cache eslint-plugin-jsx-a11y@https://registry.npmjs.org/eslint-plugin-jsx-a11y/-/eslint-plugin-jsx-a11y-6.10.2.tgz 0ms (cache hit)
695 http cache escape-html@https://registry.npmjs.org/escape-html/-/escape-html-1.0.3.tgz 0ms (cache hit)
696 http cache esbuild@https://registry.npmjs.org/esbuild/-/esbuild-0.28.0.tgz 0ms (cache hit)
697 http cache es-to-primitive@https://registry.npmjs.org/es-to-primitive/-/es-to-primitive-1.3.0.tgz 0ms (cache hit)
698 http cache eslint-import-resolver-typescript@https://registry.npmjs.org/eslint-import-resolver-typescript/-/eslint-import-resolver-typescript-3.10.1.tgz 0ms (cache hit)
699 http cache es-shim-unscopables@https://registry.npmjs.org/es-shim-unscopables/-/es-shim-unscopables-1.1.0.tgz 0ms (cache hit)
700 http cache es-iterator-helpers@https://registry.npmjs.org/es-iterator-helpers/-/es-iterator-helpers-1.3.2.tgz 0ms (cache hit)
701 http cache es-abstract@https://registry.npmjs.org/es-abstract/-/es-abstract-1.24.2.tgz 0ms (cache hit)
702 http cache error-stack-parser-es@https://registry.npmjs.org/error-stack-parser-es/-/error-stack-parser-es-1.0.5.tgz 0ms (cache hit)
703 http cache emoji-regex-xs@https://registry.npmjs.org/emoji-regex-xs/-/emoji-regex-xs-2.0.1.tgz 0ms (cache hit)
704 http cache enhanced-resolve@https://registry.npmjs.org/enhanced-resolve/-/enhanced-resolve-5.21.3.tgz 0ms (cache hit)
705 http cache emoji-regex@https://registry.npmjs.org/emoji-regex/-/emoji-regex-9.2.2.tgz 0ms (cache hit)
706 http cache drizzle-orm@https://registry.npmjs.org/drizzle-orm/-/drizzle-orm-0.45.2.tgz 0ms (cache hit)
707 http cache electron-to-chromium@https://registry.npmjs.org/electron-to-chromium/-/electron-to-chromium-1.5.358.tgz 0ms (cache hit)
708 http cache drizzle-kit@https://registry.npmjs.org/drizzle-kit/-/drizzle-kit-0.31.10.tgz 0ms (cache hit)
709 http cache doctrine@https://registry.npmjs.org/doctrine/-/doctrine-2.1.0.tgz 0ms (cache hit)
710 http cache detect-libc@https://registry.npmjs.org/detect-libc/-/detect-libc-2.1.2.tgz 0ms (cache hit)
711 http cache define-properties@https://registry.npmjs.org/define-properties/-/define-properties-1.2.1.tgz 0ms (cache hit)
712 http cache es-object-atoms@https://registry.npmjs.org/es-object-atoms/-/es-object-atoms-1.1.1.tgz 0ms (cache hit)
713 http cache es-module-lexer@https://registry.npmjs.org/es-module-lexer/-/es-module-lexer-2.1.0.tgz 0ms (cache hit)
714 http cache deep-is@https://registry.npmjs.org/deep-is/-/deep-is-0.1.4.tgz 0ms (cache hit)
715 http cache data-view-byte-offset@https://registry.npmjs.org/data-view-byte-offset/-/data-view-byte-offset-1.0.1.tgz 0ms (cache hit)
716 http cache data-view-byte-length@https://registry.npmjs.org/data-view-byte-length/-/data-view-byte-length-1.0.2.tgz 0ms (cache hit)
717 http cache data-view-buffer@https://registry.npmjs.org/data-view-buffer/-/data-view-buffer-1.0.2.tgz 0ms (cache hit)
718 http cache css-to-react-native@https://registry.npmjs.org/css-to-react-native/-/css-to-react-native-3.2.0.tgz 0ms (cache hit)
719 http cache css-gradient-parser@https://registry.npmjs.org/css-gradient-parser/-/css-gradient-parser-0.0.16.tgz 0ms (cache hit)
720 http cache damerau-levenshtein@https://registry.npmjs.org/damerau-levenshtein/-/damerau-levenshtein-1.0.8.tgz 0ms (cache hit)
721 http cache css-color-keywords@https://registry.npmjs.org/css-color-keywords/-/css-color-keywords-1.0.0.tgz 0ms (cache hit)
722 http cache css-box-shadow@https://registry.npmjs.org/css-box-shadow/-/css-box-shadow-1.0.0-3.tgz 0ms (cache hit)
723 http cache css-background-parser@https://registry.npmjs.org/css-background-parser/-/css-background-parser-0.1.0.tgz 0ms (cache hit)
724 http cache convert-source-map@https://registry.npmjs.org/convert-source-map/-/convert-source-map-2.0.0.tgz 0ms (cache hit)
725 http cache client-only@https://registry.npmjs.org/client-only/-/client-only-0.0.1.tgz 0ms (cache hit)
726 http cache chrome-trace-event@https://registry.npmjs.org/chrome-trace-event/-/chrome-trace-event-1.0.4.tgz 0ms (cache hit)
727 http cache cookie@https://registry.npmjs.org/cookie/-/cookie-1.1.1.tgz 0ms (cache hit)
728 http cache caniuse-lite@https://registry.npmjs.org/caniuse-lite/-/caniuse-lite-1.0.30001793.tgz 0ms (cache hit)
729 http cache buffer-from@https://registry.npmjs.org/buffer-from/-/buffer-from-1.1.2.tgz 0ms (cache hit)
730 http cache camelize@https://registry.npmjs.org/camelize/-/camelize-1.0.1.tgz 0ms (cache hit)
731 http cache browserslist@https://registry.npmjs.org/browserslist/-/browserslist-4.28.2.tgz 0ms (cache hit)
732 http cache brace-expansion@https://registry.npmjs.org/brace-expansion/-/brace-expansion-1.1.14.tgz 0ms (cache hit)
733 http cache blake3-wasm@https://registry.npmjs.org/blake3-wasm/-/blake3-wasm-2.1.5.tgz 0ms (cache hit)
734 http cache base64-js@https://registry.npmjs.org/base64-js/-/base64-js-0.0.8.tgz 0ms (cache hit)
735 http cache axobject-query@https://registry.npmjs.org/axobject-query/-/axobject-query-4.1.0.tgz 0ms (cache hit)
736 http cache baseline-browser-mapping@https://registry.npmjs.org/baseline-browser-mapping/-/baseline-browser-mapping-2.10.30.tgz 0ms (cache hit)
737 http cache axe-core@https://registry.npmjs.org/axe-core/-/axe-core-4.11.4.tgz 0ms (cache hit)
738 http cache async-function@https://registry.npmjs.org/async-function/-/async-function-1.0.0.tgz 0ms (cache hit)
739 http cache ast-types-flow@https://registry.npmjs.org/ast-types-flow/-/ast-types-flow-0.0.8.tgz 0ms (cache hit)
740 http cache arraybuffer.prototype.slice@https://registry.npmjs.org/arraybuffer.prototype.slice/-/arraybuffer.prototype.slice-1.0.4.tgz 0ms (cache hit)
741 http cache array.prototype.flat@https://registry.npmjs.org/array.prototype.flat/-/array.prototype.flat-1.3.3.tgz 0ms (cache hit)
742 http cache array.prototype.findlast@https://registry.npmjs.org/array.prototype.findlast/-/array.prototype.findlast-1.2.5.tgz 0ms (cache hit)
743 http cache array.prototype.tosorted@https://registry.npmjs.org/array.prototype.tosorted/-/array.prototype.tosorted-1.1.4.tgz 0ms (cache hit)
744 http cache array.prototype.flatmap@https://registry.npmjs.org/array.prototype.flatmap/-/array.prototype.flatmap-1.3.3.tgz 0ms (cache hit)
745 http cache array.prototype.findlastindex@https://registry.npmjs.org/array.prototype.findlastindex/-/array.prototype.findlastindex-1.2.6.tgz 0ms (cache hit)
746 http cache array-buffer-byte-length@https://registry.npmjs.org/array-buffer-byte-length/-/array-buffer-byte-length-1.0.2.tgz 0ms (cache hit)
747 http cache aria-query@https://registry.npmjs.org/aria-query/-/aria-query-5.3.2.tgz 0ms (cache hit)
748 http cache ajv@https://registry.npmjs.org/ajv/-/ajv-6.15.0.tgz 0ms (cache hit)
749 http cache acorn-loose@https://registry.npmjs.org/acorn-loose/-/acorn-loose-8.5.2.tgz 0ms (cache hit)
750 http cache array-includes@https://registry.npmjs.org/array-includes/-/array-includes-3.1.9.tgz 0ms (cache hit)
751 http cache acorn-import-phases@https://registry.npmjs.org/acorn-import-phases/-/acorn-import-phases-1.0.4.tgz 0ms (cache hit)
752 http cache @rolldown/pluginutils@https://registry.npmjs.org/@rolldown/pluginutils/-/pluginutils-1.0.0-rc.18.tgz 0ms (cache hit)
753 http cache brace-expansion@https://registry.npmjs.org/brace-expansion/-/brace-expansion-5.0.6.tgz 0ms (cache hit)
754 http cache eslint-visitor-keys@https://registry.npmjs.org/eslint-visitor-keys/-/eslint-visitor-keys-5.0.1.tgz 0ms (cache hit)
755 http cache ignore@https://registry.npmjs.org/ignore/-/ignore-7.0.5.tgz 0ms (cache hit)
756 http cache acorn-jsx@https://registry.npmjs.org/acorn-jsx/-/acorn-jsx-5.3.2.tgz 0ms (cache hit)
757 http cache balanced-match@https://registry.npmjs.org/balanced-match/-/balanced-match-4.0.4.tgz 0ms (cache hit)
758 http cache semver@https://registry.npmjs.org/semver/-/semver-7.8.0.tgz 0ms (cache hit)
759 http cache supports-color@https://registry.npmjs.org/supports-color/-/supports-color-10.2.2.tgz 0ms (cache hit)
760 http cache minimatch@https://registry.npmjs.org/minimatch/-/minimatch-10.2.5.tgz 0ms (cache hit)
761 http cache eslint-visitor-keys@https://registry.npmjs.org/eslint-visitor-keys/-/eslint-visitor-keys-3.4.3.tgz 0ms (cache hit)
762 http cache @esbuild/win32-x64@https://registry.npmjs.org/@esbuild/win32-x64/-/win32-x64-0.27.3.tgz 0ms (cache hit)
763 http cache esbuild@https://registry.npmjs.org/esbuild/-/esbuild-0.18.20.tgz 0ms (cache hit)
764 http cache @esbuild/win32-x64@https://registry.npmjs.org/@esbuild/win32-x64/-/win32-x64-0.18.20.tgz 0ms (cache hit)
765 http cache eslint-scope@https://registry.npmjs.org/eslint-scope/-/eslint-scope-5.1.1.tgz 0ms (cache hit)
766 http cache acorn@https://registry.npmjs.org/acorn/-/acorn-8.16.0.tgz 0ms (cache hit)
767 http cache esbuild@https://registry.npmjs.org/esbuild/-/esbuild-0.27.3.tgz 0ms (cache hit)
768 http cache glob-parent@https://registry.npmjs.org/glob-parent/-/glob-parent-5.1.2.tgz 0ms (cache hit)
769 http cache es-module-lexer@https://registry.npmjs.org/es-module-lexer/-/es-module-lexer-1.7.0.tgz 0ms (cache hit)
770 http cache fast-glob@https://registry.npmjs.org/fast-glob/-/fast-glob-3.3.3.tgz 0ms (cache hit)
771 http cache estraverse@https://registry.npmjs.org/estraverse/-/estraverse-4.3.0.tgz 0ms (cache hit)
772 http cache picomatch@https://registry.npmjs.org/picomatch/-/picomatch-4.0.4.tgz 0ms (cache hit)
773 http cache json5@https://registry.npmjs.org/json5/-/json5-1.0.2.tgz 0ms (cache hit)
774 http cache fdir@https://registry.npmjs.org/fdir/-/fdir-6.5.0.tgz 0ms (cache hit)
775 http cache picomatch@https://registry.npmjs.org/picomatch/-/picomatch-4.0.4.tgz 0ms (cache hit)
776 http cache js-tokens@https://registry.npmjs.org/js-tokens/-/js-tokens-9.0.1.tgz 0ms (cache hit)
777 http cache lightningcss@https://registry.npmjs.org/lightningcss/-/lightningcss-1.32.0.tgz 0ms (cache hit)
778 http cache lightningcss-win32-x64-msvc@https://registry.npmjs.org/lightningcss-win32-x64-msvc/-/lightningcss-win32-x64-msvc-1.32.0.tgz 0ms (cache hit)
779 http cache semver@https://registry.npmjs.org/semver/-/semver-7.8.0.tgz 0ms (cache hit)
780 http cache supports-color@https://registry.npmjs.org/supports-color/-/supports-color-8.1.1.tgz 0ms (cache hit)
781 http cache postcss@https://registry.npmjs.org/postcss/-/postcss-8.4.31.tgz 0ms (cache hit)
782 http cache json-schema-traverse@https://registry.npmjs.org/json-schema-traverse/-/json-schema-traverse-1.0.0.tgz 0ms (cache hit)
783 http cache ajv-keywords@https://registry.npmjs.org/ajv-keywords/-/ajv-keywords-5.1.0.tgz 0ms (cache hit)
784 http cache ajv@https://registry.npmjs.org/ajv/-/ajv-8.20.0.tgz 0ms (cache hit)
785 http cache debug@https://registry.npmjs.org/debug/-/debug-3.2.7.tgz 0ms (cache hit)
786 http cache semver@https://registry.npmjs.org/semver/-/semver-7.8.0.tgz 0ms (cache hit)
787 http cache debug@https://registry.npmjs.org/debug/-/debug-3.2.7.tgz 0ms (cache hit)
788 http cache debug@https://registry.npmjs.org/debug/-/debug-3.2.7.tgz 0ms (cache hit)
789 http cache @esbuild/win32-x64@https://registry.npmjs.org/@esbuild/win32-x64/-/win32-x64-0.25.12.tgz 0ms (cache hit)
790 silly tarball no local data for @vitejs/plugin-react@https://registry.npmjs.org/@vitejs/plugin-react/-/plugin-react-6.0.2.tgz. Extracting by manifest.
791 http cache globals@https://registry.npmjs.org/globals/-/globals-16.4.0.tgz 0ms (cache hit)
792 http cache esbuild@https://registry.npmjs.org/esbuild/-/esbuild-0.25.12.tgz 0ms (cache hit)
793 silly tarball no local data for @vitejs/plugin-rsc@https://registry.npmjs.org/@vitejs/plugin-rsc/-/plugin-rsc-0.5.26.tgz. Extracting by manifest.
794 silly tarball no local data for @webassemblyjs/wasm-parser@https://registry.npmjs.org/@webassemblyjs/wasm-parser/-/wasm-parser-1.14.1.tgz. Extracting by manifest.
795 silly tarball no local data for @xtuc/ieee754@https://registry.npmjs.org/@xtuc/ieee754/-/ieee754-1.2.0.tgz. Extracting by manifest.
796 silly tarball no local data for @xtuc/long@https://registry.npmjs.org/@xtuc/long/-/long-4.2.2.tgz. Extracting by manifest.
797 silly tarball no local data for @webassemblyjs/wast-printer@https://registry.npmjs.org/@webassemblyjs/wast-printer/-/wast-printer-1.14.1.tgz. Extracting by manifest.
798 silly tarball no local data for @webassemblyjs/wasm-opt@https://registry.npmjs.org/@webassemblyjs/wasm-opt/-/wasm-opt-1.14.1.tgz. Extracting by manifest.
799 silly tarball no local data for @webassemblyjs/wasm-gen@https://registry.npmjs.org/@webassemblyjs/wasm-gen/-/wasm-gen-1.14.1.tgz. Extracting by manifest.
800 http cache glob-parent@https://registry.npmjs.org/glob-parent/-/glob-parent-5.1.2.tgz 0ms (cache hit)
801 silly tarball no local data for @webassemblyjs/wasm-edit@https://registry.npmjs.org/@webassemblyjs/wasm-edit/-/wasm-edit-1.14.1.tgz. Extracting by manifest.
802 silly tarball no local data for @webassemblyjs/utf8@https://registry.npmjs.org/@webassemblyjs/utf8/-/utf8-1.13.2.tgz. Extracting by manifest.
803 silly tarball no local data for @webassemblyjs/leb128@https://registry.npmjs.org/@webassemblyjs/leb128/-/leb128-1.13.2.tgz. Extracting by manifest.
804 silly tarball no local data for @webassemblyjs/helper-wasm-bytecode@https://registry.npmjs.org/@webassemblyjs/helper-wasm-bytecode/-/helper-wasm-bytecode-1.13.2.tgz. Extracting by manifest.
805 silly tarball no local data for @webassemblyjs/ieee754@https://registry.npmjs.org/@webassemblyjs/ieee754/-/ieee754-1.13.2.tgz. Extracting by manifest.
806 silly tarball no local data for @webassemblyjs/helper-numbers@https://registry.npmjs.org/@webassemblyjs/helper-numbers/-/helper-numbers-1.13.2.tgz. Extracting by manifest.
807 silly tarball no local data for @webassemblyjs/helper-buffer@https://registry.npmjs.org/@webassemblyjs/helper-buffer/-/helper-buffer-1.14.1.tgz. Extracting by manifest.
808 silly tarball no local data for @webassemblyjs/helper-api-error@https://registry.npmjs.org/@webassemblyjs/helper-api-error/-/helper-api-error-1.13.2.tgz. Extracting by manifest.
809 silly tarball no local data for @webassemblyjs/floating-point-hex-parser@https://registry.npmjs.org/@webassemblyjs/floating-point-hex-parser/-/floating-point-hex-parser-1.13.2.tgz. Extracting by manifest.
810 silly tarball no local data for @vercel/og@https://registry.npmjs.org/@vercel/og/-/og-0.8.6.tgz. Extracting by manifest.
811 silly tarball no local data for @unrs/resolver-binding-win32-x64-msvc@https://registry.npmjs.org/@unrs/resolver-binding-win32-x64-msvc/-/resolver-binding-win32-x64-msvc-1.11.1.tgz. Extracting by manifest.
812 silly tarball no local data for @webassemblyjs/helper-wasm-section@https://registry.npmjs.org/@webassemblyjs/helper-wasm-section/-/helper-wasm-section-1.14.1.tgz. Extracting by manifest.
813 silly tarball no local data for @webassemblyjs/ast@https://registry.npmjs.org/@webassemblyjs/ast/-/ast-1.14.1.tgz. Extracting by manifest.
814 silly tarball no local data for @typescript-eslint/visitor-keys@https://registry.npmjs.org/@typescript-eslint/visitor-keys/-/visitor-keys-8.59.3.tgz. Extracting by manifest.
815 silly tarball no local data for @typescript-eslint/utils@https://registry.npmjs.org/@typescript-eslint/utils/-/utils-8.59.3.tgz. Extracting by manifest.
816 silly tarball no local data for @unpic/react@https://registry.npmjs.org/@unpic/react/-/react-1.0.2.tgz. Extracting by manifest.
817 silly tarball no local data for @unpic/core@https://registry.npmjs.org/@unpic/core/-/core-1.0.3.tgz. Extracting by manifest.
818 silly tarball no local data for @typescript-eslint/types@https://registry.npmjs.org/@typescript-eslint/types/-/types-8.59.3.tgz. Extracting by manifest.
819 silly tarball no local data for @typescript-eslint/typescript-estree@https://registry.npmjs.org/@typescript-eslint/typescript-estree/-/typescript-estree-8.59.3.tgz. Extracting by manifest.
820 silly tarball no local data for @typescript-eslint/tsconfig-utils@https://registry.npmjs.org/@typescript-eslint/tsconfig-utils/-/tsconfig-utils-8.59.3.tgz. Extracting by manifest.
821 silly tarball no local data for @typescript-eslint/project-service@https://registry.npmjs.org/@typescript-eslint/project-service/-/project-service-8.59.3.tgz. Extracting by manifest.
822 silly tarball no local data for @typescript-eslint/type-utils@https://registry.npmjs.org/@typescript-eslint/type-utils/-/type-utils-8.59.3.tgz. Extracting by manifest.
823 silly tarball no local data for @typescript-eslint/scope-manager@https://registry.npmjs.org/@typescript-eslint/scope-manager/-/scope-manager-8.59.3.tgz. Extracting by manifest.
824 silly tarball no local data for @typescript-eslint/eslint-plugin@https://registry.npmjs.org/@typescript-eslint/eslint-plugin/-/eslint-plugin-8.59.3.tgz. Extracting by manifest.
825 silly tarball no local data for @typescript-eslint/parser@https://registry.npmjs.org/@typescript-eslint/parser/-/parser-8.59.3.tgz. Extracting by manifest.
826 silly tarball no local data for @types/react@https://registry.npmjs.org/@types/react/-/react-19.2.14.tgz. Extracting by manifest.
827 silly tarball no local data for @types/json5@https://registry.npmjs.org/@types/json5/-/json5-0.0.29.tgz. Extracting by manifest.
828 silly tarball no local data for @types/json-schema@https://registry.npmjs.org/@types/json-schema/-/json-schema-7.0.15.tgz. Extracting by manifest.
829 silly tarball no local data for @tybys/wasm-util@https://registry.npmjs.org/@tybys/wasm-util/-/wasm-util-0.10.2.tgz. Extracting by manifest.
830 silly tarball no local data for @types/eslint-scope@https://registry.npmjs.org/@types/eslint-scope/-/eslint-scope-3.7.7.tgz. Extracting by manifest.
831 silly tarball no local data for @tailwindcss/postcss@https://registry.npmjs.org/@tailwindcss/postcss/-/postcss-4.2.1.tgz. Extracting by manifest.
832 silly tarball no local data for @types/eslint@https://registry.npmjs.org/@types/eslint/-/eslint-9.6.1.tgz. Extracting by manifest.
833 silly tarball no local data for @types/react-dom@https://registry.npmjs.org/@types/react-dom/-/react-dom-19.2.3.tgz. Extracting by manifest.
834 silly tarball no local data for @swc/helpers@https://registry.npmjs.org/@swc/helpers/-/helpers-0.5.15.tgz. Extracting by manifest.
835 silly tarball no local data for @types/node@https://registry.npmjs.org/@types/node/-/node-22.19.19.tgz. Extracting by manifest.
836 silly tarball no local data for @tailwindcss/oxide-win32-x64-msvc@https://registry.npmjs.org/@tailwindcss/oxide-win32-x64-msvc/-/oxide-win32-x64-msvc-4.2.1.tgz. Extracting by manifest.
837 silly tarball no local data for @tailwindcss/oxide@https://registry.npmjs.org/@tailwindcss/oxide/-/oxide-4.2.1.tgz. Extracting by manifest.
838 silly tarball no local data for @shuding/opentype.js@https://registry.npmjs.org/@shuding/opentype.js/-/opentype.js-1.4.0-beta.0.tgz. Extracting by manifest.
839 silly tarball no local data for @tailwindcss/node@https://registry.npmjs.org/@tailwindcss/node/-/node-4.2.1.tgz. Extracting by manifest.
840 silly tarball no local data for @rolldown/binding-win32-x64-msvc@https://registry.npmjs.org/@rolldown/binding-win32-x64-msvc/-/binding-win32-x64-msvc-1.0.1.tgz. Extracting by manifest.
841 silly tarball no local data for @rtsao/scc@https://registry.npmjs.org/@rtsao/scc/-/scc-1.1.0.tgz. Extracting by manifest.
842 silly tarball no local data for @speed-highlight/core@https://registry.npmjs.org/@speed-highlight/core/-/core-1.2.15.tgz. Extracting by manifest.
843 silly tarball no local data for @resvg/resvg-wasm@https://registry.npmjs.org/@resvg/resvg-wasm/-/resvg-wasm-2.4.0.tgz. Extracting by manifest.
844 silly tarball no local data for @poppinss/exception@https://registry.npmjs.org/@poppinss/exception/-/exception-1.2.3.tgz. Extracting by manifest.
845 silly tarball no local data for @poppinss/dumper@https://registry.npmjs.org/@poppinss/dumper/-/dumper-0.6.5.tgz. Extracting by manifest.
846 silly tarball no local data for @oxc-project/types@https://registry.npmjs.org/@oxc-project/types/-/types-0.130.0.tgz. Extracting by manifest.
847 silly tarball no local data for @poppinss/colors@https://registry.npmjs.org/@poppinss/colors/-/colors-4.1.6.tgz. Extracting by manifest.
848 silly tarball no local data for @sindresorhus/is@https://registry.npmjs.org/@sindresorhus/is/-/is-7.2.0.tgz. Extracting by manifest.
849 silly tarball no local data for @nolyfill/is-core-module@https://registry.npmjs.org/@nolyfill/is-core-module/-/is-core-module-1.0.39.tgz. Extracting by manifest.
850 silly tarball no local data for @next/eslint-plugin-next@https://registry.npmjs.org/@next/eslint-plugin-next/-/eslint-plugin-next-16.2.6.tgz. Extracting by manifest.
851 silly tarball no local data for @next/swc-win32-x64-msvc@https://registry.npmjs.org/@next/swc-win32-x64-msvc/-/swc-win32-x64-msvc-16.2.6.tgz. Extracting by manifest.
852 silly tarball no local data for @jridgewell/trace-mapping@https://registry.npmjs.org/@jridgewell/trace-mapping/-/trace-mapping-0.3.31.tgz. Extracting by manifest.
853 silly tarball no local data for @jridgewell/source-map@https://registry.npmjs.org/@jridgewell/source-map/-/source-map-0.3.11.tgz. Extracting by manifest.
854 silly tarball no local data for @next/env@https://registry.npmjs.org/@next/env/-/env-16.2.6.tgz. Extracting by manifest.
855 silly tarball no local data for @jridgewell/remapping@https://registry.npmjs.org/@jridgewell/remapping/-/remapping-2.3.5.tgz. Extracting by manifest.
856 silly tarball no local data for @jridgewell/gen-mapping@https://registry.npmjs.org/@jridgewell/gen-mapping/-/gen-mapping-0.3.13.tgz. Extracting by manifest.
857 silly tarball no local data for @img/sharp-win32-x64@https://registry.npmjs.org/@img/sharp-win32-x64/-/sharp-win32-x64-0.34.5.tgz. Extracting by manifest.
858 silly tarball no local data for @humanwhocodes/retry@https://registry.npmjs.org/@humanwhocodes/retry/-/retry-0.4.3.tgz. Extracting by manifest.
859 silly tarball no local data for @humanwhocodes/module-importer@https://registry.npmjs.org/@humanwhocodes/module-importer/-/module-importer-1.0.1.tgz. Extracting by manifest.
860 silly tarball no local data for @humanfs/node@https://registry.npmjs.org/@humanfs/node/-/node-0.16.8.tgz. Extracting by manifest.
861 silly tarball no local data for @img/colour@https://registry.npmjs.org/@img/colour/-/colour-1.1.0.tgz. Extracting by manifest.
862 silly tarball no local data for @humanfs/core@https://registry.npmjs.org/@humanfs/core/-/core-0.19.2.tgz. Extracting by manifest.
863 silly tarball no local data for @eslint/plugin-kit@https://registry.npmjs.org/@eslint/plugin-kit/-/plugin-kit-0.4.1.tgz. Extracting by manifest.
864 silly tarball no local data for @eslint/object-schema@https://registry.npmjs.org/@eslint/object-schema/-/object-schema-2.1.7.tgz. Extracting by manifest.
865 silly tarball no local data for @humanfs/types@https://registry.npmjs.org/@humanfs/types/-/types-0.15.0.tgz. Extracting by manifest.
866 silly tarball no local data for @eslint/js@https://registry.npmjs.org/@eslint/js/-/js-9.39.4.tgz. Extracting by manifest.
867 silly tarball no local data for @eslint-community/regexpp@https://registry.npmjs.org/@eslint-community/regexpp/-/regexpp-4.12.2.tgz. Extracting by manifest.
868 silly tarball no local data for @eslint/core@https://registry.npmjs.org/@eslint/core/-/core-0.17.0.tgz. Extracting by manifest.
869 silly tarball no local data for @eslint-community/eslint-utils@https://registry.npmjs.org/@eslint-community/eslint-utils/-/eslint-utils-4.9.1.tgz. Extracting by manifest.
870 silly tarball no local data for @esbuild-kit/esm-loader@https://registry.npmjs.org/@esbuild-kit/esm-loader/-/esm-loader-2.6.5.tgz. Extracting by manifest.
871 silly tarball no local data for @eslint/eslintrc@https://registry.npmjs.org/@eslint/eslintrc/-/eslintrc-3.3.5.tgz. Extracting by manifest.
872 silly tarball no local data for @eslint/config-helpers@https://registry.npmjs.org/@eslint/config-helpers/-/config-helpers-0.4.2.tgz. Extracting by manifest.
873 silly tarball no local data for @eslint/config-array@https://registry.npmjs.org/@eslint/config-array/-/config-array-0.21.2.tgz. Extracting by manifest.
874 silly tarball no local data for @esbuild/win32-x64@https://registry.npmjs.org/@esbuild/win32-x64/-/win32-x64-0.28.0.tgz. Extracting by manifest.
875 silly tarball no local data for @drizzle-team/brocli@https://registry.npmjs.org/@drizzle-team/brocli/-/brocli-0.10.2.tgz. Extracting by manifest.
876 silly tarball no local data for @esbuild-kit/core-utils@https://registry.npmjs.org/@esbuild-kit/core-utils/-/core-utils-3.3.2.tgz. Extracting by manifest.
877 silly tarball no local data for @emnapi/runtime@https://registry.npmjs.org/@emnapi/runtime/-/runtime-1.10.0.tgz. Extracting by manifest.
878 silly tarball no local data for @cloudflare/workerd-windows-64@https://registry.npmjs.org/@cloudflare/workerd-windows-64/-/workerd-windows-64-1.20260515.1.tgz. Extracting by manifest.
879 silly tarball no local data for @emnapi/core@https://registry.npmjs.org/@emnapi/core/-/core-1.10.0.tgz. Extracting by manifest.
880 silly tarball no local data for @babel/types@https://registry.npmjs.org/@babel/types/-/types-7.29.0.tgz. Extracting by manifest.
881 silly tarball no local data for @babel/traverse@https://registry.npmjs.org/@babel/traverse/-/traverse-7.29.0.tgz. Extracting by manifest.
882 silly tarball no local data for @cloudflare/unenv-preset@https://registry.npmjs.org/@cloudflare/unenv-preset/-/unenv-preset-2.16.1.tgz. Extracting by manifest.
883 silly tarball no local data for @cloudflare/vite-plugin@https://registry.npmjs.org/@cloudflare/vite-plugin/-/vite-plugin-1.37.1.tgz. Extracting by manifest.
884 silly tarball no local data for @cloudflare/kv-asset-handler@https://registry.npmjs.org/@cloudflare/kv-asset-handler/-/kv-asset-handler-0.5.0.tgz. Extracting by manifest.
885 silly tarball no local data for @babel/template@https://registry.npmjs.org/@babel/template/-/template-7.28.6.tgz. Extracting by manifest.
886 silly tarball no local data for @babel/parser@https://registry.npmjs.org/@babel/parser/-/parser-7.29.3.tgz. Extracting by manifest.
887 silly tarball no local data for @babel/helpers@https://registry.npmjs.org/@babel/helpers/-/helpers-7.29.2.tgz. Extracting by manifest.
888 silly tarball no local data for @babel/helper-validator-option@https://registry.npmjs.org/@babel/helper-validator-option/-/helper-validator-option-7.27.1.tgz. Extracting by manifest.
889 silly tarball no local data for @babel/helper-string-parser@https://registry.npmjs.org/@babel/helper-string-parser/-/helper-string-parser-7.27.1.tgz. Extracting by manifest.
890 silly tarball no local data for @emnapi/wasi-threads@https://registry.npmjs.org/@emnapi/wasi-threads/-/wasi-threads-1.2.1.tgz. Extracting by manifest.
891 silly tarball no local data for @babel/helper-module-imports@https://registry.npmjs.org/@babel/helper-module-imports/-/helper-module-imports-7.28.6.tgz. Extracting by manifest.
892 silly tarball no local data for @babel/helper-globals@https://registry.npmjs.org/@babel/helper-globals/-/helper-globals-7.28.0.tgz. Extracting by manifest.
893 silly tarball no local data for @babel/helper-module-transforms@https://registry.npmjs.org/@babel/helper-module-transforms/-/helper-module-transforms-7.28.6.tgz. Extracting by manifest.
894 silly tarball no local data for @babel/helper-compilation-targets@https://registry.npmjs.org/@babel/helper-compilation-targets/-/helper-compilation-targets-7.28.6.tgz. Extracting by manifest.
895 silly tarball no local data for @babel/generator@https://registry.npmjs.org/@babel/generator/-/generator-7.29.1.tgz. Extracting by manifest.
896 silly tarball no local data for @babel/core@https://registry.npmjs.org/@babel/core/-/core-7.29.0.tgz. Extracting by manifest.
897 silly tarball no local data for @alloc/quick-lru@https://registry.npmjs.org/@alloc/quick-lru/-/quick-lru-5.2.0.tgz. Extracting by manifest.
898 silly tarball no local data for @babel/code-frame@https://registry.npmjs.org/@babel/code-frame/-/code-frame-7.29.0.tgz. Extracting by manifest.
899 silly tarball no local data for zod-validation-error@https://registry.npmjs.org/zod-validation-error/-/zod-validation-error-4.0.2.tgz. Extracting by manifest.
900 silly tarball no local data for @babel/helper-validator-identifier@https://registry.npmjs.org/@babel/helper-validator-identifier/-/helper-validator-identifier-7.28.5.tgz. Extracting by manifest.
901 silly tarball no local data for youch-core@https://registry.npmjs.org/youch-core/-/youch-core-0.3.3.tgz. Extracting by manifest.
902 silly tarball no local data for @babel/compat-data@https://registry.npmjs.org/@babel/compat-data/-/compat-data-7.29.3.tgz. Extracting by manifest.
903 silly tarball no local data for zod@https://registry.npmjs.org/zod/-/zod-4.4.3.tgz. Extracting by manifest.
904 silly tarball no local data for youch@https://registry.npmjs.org/youch/-/youch-4.1.0-beta.10.tgz. Extracting by manifest.
905 silly tarball no local data for yallist@https://registry.npmjs.org/yallist/-/yallist-3.1.1.tgz. Extracting by manifest.
906 silly tarball no local data for yocto-queue@https://registry.npmjs.org/yocto-queue/-/yocto-queue-0.1.0.tgz. Extracting by manifest.
907 silly tarball no local data for ws@https://registry.npmjs.org/ws/-/ws-8.18.0.tgz. Extracting by manifest.
908 silly tarball no local data for wrangler@https://registry.npmjs.org/wrangler/-/wrangler-4.92.0.tgz. Extracting by manifest.
909 silly tarball no local data for which-typed-array@https://registry.npmjs.org/which-typed-array/-/which-typed-array-1.1.20.tgz. Extracting by manifest.
910 silly tarball no local data for workerd@https://registry.npmjs.org/workerd/-/workerd-1.20260515.1.tgz. Extracting by manifest.
911 silly tarball no local data for word-wrap@https://registry.npmjs.org/word-wrap/-/word-wrap-1.2.5.tgz. Extracting by manifest.
912 silly tarball no local data for yoga-layout@https://registry.npmjs.org/yoga-layout/-/yoga-layout-3.2.1.tgz. Extracting by manifest.
913 silly tarball no local data for which-boxed-primitive@https://registry.npmjs.org/which-boxed-primitive/-/which-boxed-primitive-1.1.1.tgz. Extracting by manifest.
914 silly tarball no local data for which-collection@https://registry.npmjs.org/which-collection/-/which-collection-1.0.2.tgz. Extracting by manifest.
915 silly tarball no local data for which-builtin-type@https://registry.npmjs.org/which-builtin-type/-/which-builtin-type-1.2.1.tgz. Extracting by manifest.
916 silly tarball no local data for webpack@https://registry.npmjs.org/webpack/-/webpack-5.106.2.tgz. Extracting by manifest.
917 silly tarball no local data for which@https://registry.npmjs.org/which/-/which-2.0.2.tgz. Extracting by manifest.
918 silly tarball no local data for web-vitals@https://registry.npmjs.org/web-vitals/-/web-vitals-4.2.4.tgz. Extracting by manifest.
919 silly tarball no local data for webpack-sources@https://registry.npmjs.org/webpack-sources/-/webpack-sources-3.4.1.tgz. Extracting by manifest.
920 silly tarball no local data for watchpack@https://registry.npmjs.org/watchpack/-/watchpack-2.5.1.tgz. Extracting by manifest.
921 silly tarball no local data for vitefu@https://registry.npmjs.org/vitefu/-/vitefu-1.1.3.tgz. Extracting by manifest.
922 silly tarball no local data for vite-plugin-commonjs@https://registry.npmjs.org/vite-plugin-commonjs/-/vite-plugin-commonjs-0.10.4.tgz. Extracting by manifest.
923 silly tarball no local data for vite@https://registry.npmjs.org/vite/-/vite-8.0.13.tgz. Extracting by manifest.
924 silly tarball no local data for vite-tsconfig-paths@https://registry.npmjs.org/vite-tsconfig-paths/-/vite-tsconfig-paths-6.1.1.tgz. Extracting by manifest.
925 silly tarball no local data for update-browserslist-db@https://registry.npmjs.org/update-browserslist-db/-/update-browserslist-db-1.2.3.tgz. Extracting by manifest.
926 silly tarball no local data for vinext@https://registry.npmjs.org/vinext/-/vinext-0.0.50.tgz. Extracting by manifest.
927 silly tarball no local data for unrs-resolver@https://registry.npmjs.org/unrs-resolver/-/unrs-resolver-1.11.1.tgz. Extracting by manifest.
928 silly tarball no local data for vite-plugin-dynamic-import@https://registry.npmjs.org/vite-plugin-dynamic-import/-/vite-plugin-dynamic-import-1.6.0.tgz. Extracting by manifest.
929 silly tarball no local data for unpic@https://registry.npmjs.org/unpic/-/unpic-4.2.2.tgz. Extracting by manifest.
930 silly tarball no local data for unicode-trie@https://registry.npmjs.org/unicode-trie/-/unicode-trie-2.0.0.tgz. Extracting by manifest.
931 silly tarball no local data for unenv@https://registry.npmjs.org/unenv/-/unenv-2.0.0-rc.24.tgz. Extracting by manifest.
932 silly tarball no local data for undici-types@https://registry.npmjs.org/undici-types/-/undici-types-6.21.0.tgz. Extracting by manifest.
933 silly tarball no local data for undici@https://registry.npmjs.org/undici/-/undici-7.24.8.tgz. Extracting by manifest.
934 silly tarball no local data for typescript-eslint@https://registry.npmjs.org/typescript-eslint/-/typescript-eslint-8.59.3.tgz. Extracting by manifest.
935 silly tarball no local data for typescript@https://registry.npmjs.org/typescript/-/typescript-5.9.3.tgz. Extracting by manifest.
936 silly tarball no local data for unbox-primitive@https://registry.npmjs.org/unbox-primitive/-/unbox-primitive-1.1.0.tgz. Extracting by manifest.
937 silly tarball no local data for typed-array-byte-length@https://registry.npmjs.org/typed-array-byte-length/-/typed-array-byte-length-1.0.3.tgz. Extracting by manifest.
938 silly tarball no local data for typed-array-byte-offset@https://registry.npmjs.org/typed-array-byte-offset/-/typed-array-byte-offset-1.0.4.tgz. Extracting by manifest.
939 silly tarball no local data for typed-array-length@https://registry.npmjs.org/typed-array-length/-/typed-array-length-1.0.7.tgz. Extracting by manifest.
940 silly tarball no local data for turbo-stream@https://registry.npmjs.org/turbo-stream/-/turbo-stream-3.2.0.tgz. Extracting by manifest.
941 silly tarball no local data for type-check@https://registry.npmjs.org/type-check/-/type-check-0.4.0.tgz. Extracting by manifest.
942 silly tarball no local data for tsx@https://registry.npmjs.org/tsx/-/tsx-4.22.1.tgz. Extracting by manifest.
943 silly tarball no local data for tsconfig-paths@https://registry.npmjs.org/tsconfig-paths/-/tsconfig-paths-3.15.0.tgz. Extracting by manifest.
944 silly tarball no local data for tiny-inflate@https://registry.npmjs.org/tiny-inflate/-/tiny-inflate-1.0.3.tgz. Extracting by manifest.
945 silly tarball no local data for ts-api-utils@https://registry.npmjs.org/ts-api-utils/-/ts-api-utils-2.5.0.tgz. Extracting by manifest.
946 silly tarball no local data for tsconfck@https://registry.npmjs.org/tsconfck/-/tsconfck-3.1.6.tgz. Extracting by manifest.
947 silly tarball no local data for terser-webpack-plugin@https://registry.npmjs.org/terser-webpack-plugin/-/terser-webpack-plugin-5.6.0.tgz. Extracting by manifest.
948 silly tarball no local data for tinyglobby@https://registry.npmjs.org/tinyglobby/-/tinyglobby-0.2.16.tgz. Extracting by manifest.
949 silly tarball no local data for terser@https://registry.npmjs.org/terser/-/terser-5.47.1.tgz. Extracting by manifest.
950 silly tarball no local data for tapable@https://registry.npmjs.org/tapable/-/tapable-2.3.3.tgz. Extracting by manifest.
951 silly tarball no local data for tailwindcss@https://registry.npmjs.org/tailwindcss/-/tailwindcss-4.2.1.tgz. Extracting by manifest.
952 silly tarball no local data for supports-preserve-symlinks-flag@https://registry.npmjs.org/supports-preserve-symlinks-flag/-/supports-preserve-symlinks-flag-1.0.0.tgz. Extracting by manifest.
953 silly tarball no local data for strip-json-comments@https://registry.npmjs.org/strip-json-comments/-/strip-json-comments-3.1.1.tgz. Extracting by manifest.
954 silly tarball no local data for strip-literal@https://registry.npmjs.org/strip-literal/-/strip-literal-3.1.0.tgz. Extracting by manifest.
955 silly tarball no local data for string.prototype.trim@https://registry.npmjs.org/string.prototype.trim/-/string.prototype.trim-1.2.10.tgz. Extracting by manifest.
956 silly tarball no local data for styled-jsx@https://registry.npmjs.org/styled-jsx/-/styled-jsx-5.1.6.tgz. Extracting by manifest.
957 silly tarball no local data for string.prototype.trimend@https://registry.npmjs.org/string.prototype.trimend/-/string.prototype.trimend-1.0.9.tgz. Extracting by manifest.
958 silly tarball no local data for stop-iteration-iterator@https://registry.npmjs.org/stop-iteration-iterator/-/stop-iteration-iterator-1.1.0.tgz. Extracting by manifest.
959 silly tarball no local data for string.prototype.repeat@https://registry.npmjs.org/string.prototype.repeat/-/string.prototype.repeat-1.0.0.tgz. Extracting by manifest.
960 silly tarball no local data for string.prototype.trimstart@https://registry.npmjs.org/string.prototype.trimstart/-/string.prototype.trimstart-1.0.8.tgz. Extracting by manifest.
961 silly tarball no local data for string.prototype.includes@https://registry.npmjs.org/string.prototype.includes/-/string.prototype.includes-2.0.1.tgz. Extracting by manifest.
962 silly tarball no local data for stable-hash@https://registry.npmjs.org/stable-hash/-/stable-hash-0.0.5.tgz. Extracting by manifest.
963 silly tarball no local data for string.prototype.matchall@https://registry.npmjs.org/string.prototype.matchall/-/string.prototype.matchall-4.0.12.tgz. Extracting by manifest.
964 silly tarball no local data for srvx@https://registry.npmjs.org/srvx/-/srvx-0.11.15.tgz. Extracting by manifest.
965 silly tarball no local data for string.prototype.codepointat@https://registry.npmjs.org/string.prototype.codepointat/-/string.prototype.codepointat-0.2.1.tgz. Extracting by manifest.
966 silly tarball no local data for source-map-support@https://registry.npmjs.org/source-map-support/-/source-map-support-0.5.21.tgz. Extracting by manifest.
967 silly tarball no local data for side-channel-weakmap@https://registry.npmjs.org/side-channel-weakmap/-/side-channel-weakmap-1.0.2.tgz. Extracting by manifest.
968 silly tarball no local data for side-channel-map@https://registry.npmjs.org/side-channel-map/-/side-channel-map-1.0.1.tgz. Extracting by manifest.
969 silly tarball no local data for side-channel-list@https://registry.npmjs.org/side-channel-list/-/side-channel-list-1.0.1.tgz. Extracting by manifest.
970 silly tarball no local data for side-channel@https://registry.npmjs.org/side-channel/-/side-channel-1.1.0.tgz. Extracting by manifest.
971 silly tarball no local data for sharp@https://registry.npmjs.org/sharp/-/sharp-0.34.5.tgz. Extracting by manifest.
972 silly tarball no local data for schema-utils@https://registry.npmjs.org/schema-utils/-/schema-utils-4.3.3.tgz. Extracting by manifest.
973 silly tarball no local data for set-function-name@https://registry.npmjs.org/set-function-name/-/set-function-name-2.0.2.tgz. Extracting by manifest.
974 silly tarball no local data for scheduler@https://registry.npmjs.org/scheduler/-/scheduler-0.27.0.tgz. Extracting by manifest.
975 silly tarball no local data for set-proto@https://registry.npmjs.org/set-proto/-/set-proto-1.0.0.tgz. Extracting by manifest.
976 silly tarball no local data for semver@https://registry.npmjs.org/semver/-/semver-6.3.1.tgz. Extracting by manifest.
977 silly tarball no local data for safe-push-apply@https://registry.npmjs.org/safe-push-apply/-/safe-push-apply-1.0.0.tgz. Extracting by manifest.
978 silly tarball no local data for resolve-pkg-maps@https://registry.npmjs.org/resolve-pkg-maps/-/resolve-pkg-maps-1.0.0.tgz. Extracting by manifest.
979 silly tarball no local data for safe-array-concat@https://registry.npmjs.org/safe-array-concat/-/safe-array-concat-1.1.4.tgz. Extracting by manifest.
980 silly tarball no local data for regexp.prototype.flags@https://registry.npmjs.org/regexp.prototype.flags/-/regexp.prototype.flags-1.5.4.tgz. Extracting by manifest.
981 silly tarball no local data for rolldown@https://registry.npmjs.org/rolldown/-/rolldown-1.0.1.tgz. Extracting by manifest.
982 silly tarball no local data for reflect.getprototypeof@https://registry.npmjs.org/reflect.getprototypeof/-/reflect.getprototypeof-1.0.10.tgz. Extracting by manifest.
983 silly tarball no local data for react-server-dom-webpack@https://registry.npmjs.org/react-server-dom-webpack/-/react-server-dom-webpack-19.2.6.tgz. Extracting by manifest.
984 silly tarball no local data for react-is@https://registry.npmjs.org/react-is/-/react-is-16.13.1.tgz. Extracting by manifest.
985 silly tarball no local data for react-loading-skeleton@https://registry.npmjs.org/react-loading-skeleton/-/react-loading-skeleton-3.5.0.tgz. Extracting by manifest.
986 silly tarball no local data for resolve@https://registry.npmjs.org/resolve/-/resolve-2.0.0-next.7.tgz. Extracting by manifest.
987 silly tarball no local data for react-dom@https://registry.npmjs.org/react-dom/-/react-dom-19.2.6.tgz. Extracting by manifest.
988 silly tarball no local data for react@https://registry.npmjs.org/react/-/react-19.2.6.tgz. Extracting by manifest.
989 silly tarball no local data for prop-types@https://registry.npmjs.org/prop-types/-/prop-types-15.8.1.tgz. Extracting by manifest.
990 silly tarball no local data for prelude-ls@https://registry.npmjs.org/prelude-ls/-/prelude-ls-1.2.1.tgz. Extracting by manifest.
991 silly tarball no local data for pathe@https://registry.npmjs.org/pathe/-/pathe-2.0.3.tgz. Extracting by manifest.
992 silly tarball no local data for postcss@https://registry.npmjs.org/postcss/-/postcss-8.5.14.tgz. Extracting by manifest.
993 silly tarball no local data for postcss-value-parser@https://registry.npmjs.org/postcss-value-parser/-/postcss-value-parser-4.2.0.tgz. Extracting by manifest.
994 silly tarball no local data for path-parse@https://registry.npmjs.org/path-parse/-/path-parse-1.0.7.tgz. Extracting by manifest.
995 silly tarball no local data for path-to-regexp@https://registry.npmjs.org/path-to-regexp/-/path-to-regexp-6.3.0.tgz. Extracting by manifest.
996 silly tarball no local data for satori@https://registry.npmjs.org/satori/-/satori-0.16.0.tgz. Extracting by manifest.
997 silly tarball no local data for p-locate@https://registry.npmjs.org/p-locate/-/p-locate-5.0.0.tgz. Extracting by manifest.
998 silly tarball no local data for path-exists@https://registry.npmjs.org/path-exists/-/path-exists-4.0.0.tgz. Extracting by manifest.
999 silly tarball no local data for parse-css-color@https://registry.npmjs.org/parse-css-color/-/parse-css-color-0.2.1.tgz. Extracting by manifest.
1000 silly tarball no local data for own-keys@https://registry.npmjs.org/own-keys/-/own-keys-1.0.1.tgz. Extracting by manifest.
1001 silly tarball no local data for pako@https://registry.npmjs.org/pako/-/pako-0.2.9.tgz. Extracting by manifest.
1002 silly tarball no local data for optionator@https://registry.npmjs.org/optionator/-/optionator-0.9.4.tgz. Extracting by manifest.
1003 silly tarball no local data for object.values@https://registry.npmjs.org/object.values/-/object.values-1.2.1.tgz. Extracting by manifest.
1004 silly tarball no local data for object.groupby@https://registry.npmjs.org/object.groupby/-/object.groupby-1.0.3.tgz. Extracting by manifest.
1005 silly tarball no local data for object.fromentries@https://registry.npmjs.org/object.fromentries/-/object.fromentries-2.0.8.tgz. Extracting by manifest.
1006 silly tarball no local data for object.entries@https://registry.npmjs.org/object.entries/-/object.entries-1.1.9.tgz. Extracting by manifest.
1007 silly tarball no local data for object.assign@https://registry.npmjs.org/object.assign/-/object.assign-4.1.7.tgz. Extracting by manifest.
1008 silly tarball no local data for object-keys@https://registry.npmjs.org/object-keys/-/object-keys-1.1.1.tgz. Extracting by manifest.
1009 silly tarball no local data for p-limit@https://registry.npmjs.org/p-limit/-/p-limit-3.1.0.tgz. Extracting by manifest.
1010 silly tarball no local data for object-inspect@https://registry.npmjs.org/object-inspect/-/object-inspect-1.13.4.tgz. Extracting by manifest.
1011 silly tarball no local data for node-releases@https://registry.npmjs.org/node-releases/-/node-releases-2.0.44.tgz. Extracting by manifest.
1012 silly tarball no local data for next@https://registry.npmjs.org/next/-/next-16.2.6.tgz. Extracting by manifest.
1013 silly tarball no local data for natural-compare@https://registry.npmjs.org/natural-compare/-/natural-compare-1.4.0.tgz. Extracting by manifest.
1014 silly tarball no local data for nanoid@https://registry.npmjs.org/nanoid/-/nanoid-3.3.12.tgz. Extracting by manifest.
1015 silly tarball no local data for node-exports-info@https://registry.npmjs.org/node-exports-info/-/node-exports-info-1.6.0.tgz. Extracting by manifest.
1016 silly tarball no local data for napi-postinstall@https://registry.npmjs.org/napi-postinstall/-/napi-postinstall-0.3.4.tgz. Extracting by manifest.
1017 silly tarball no local data for mime-db@https://registry.npmjs.org/mime-db/-/mime-db-1.54.0.tgz. Extracting by manifest.
1018 silly tarball no local data for merge-stream@https://registry.npmjs.org/merge-stream/-/merge-stream-2.0.0.tgz. Extracting by manifest.
1019 silly tarball no local data for miniflare@https://registry.npmjs.org/miniflare/-/miniflare-4.20260515.0.tgz. Extracting by manifest.
1020 silly tarball no local data for loose-envify@https://registry.npmjs.org/loose-envify/-/loose-envify-1.4.0.tgz. Extracting by manifest.
1021 silly tarball no local data for lru-cache@https://registry.npmjs.org/lru-cache/-/lru-cache-5.1.1.tgz. Extracting by manifest.
1022 silly tarball no local data for lodash.merge@https://registry.npmjs.org/lodash.merge/-/lodash.merge-4.6.2.tgz. Extracting by manifest.
1023 silly tarball no local data for locate-path@https://registry.npmjs.org/locate-path/-/locate-path-6.0.0.tgz. Extracting by manifest.
1024 silly tarball no local data for loader-runner@https://registry.npmjs.org/loader-runner/-/loader-runner-4.3.2.tgz. Extracting by manifest.
1025 silly tarball no local data for lightningcss@https://registry.npmjs.org/lightningcss/-/lightningcss-1.31.1.tgz. Extracting by manifest.
1026 silly tarball no local data for linebreak@https://registry.npmjs.org/linebreak/-/linebreak-1.1.0.tgz. Extracting by manifest.
1027 silly tarball no local data for lightningcss-win32-x64-msvc@https://registry.npmjs.org/lightningcss-win32-x64-msvc/-/lightningcss-win32-x64-msvc-1.31.1.tgz. Extracting by manifest.
1028 silly tarball no local data for levn@https://registry.npmjs.org/levn/-/levn-0.4.1.tgz. Extracting by manifest.
1029 silly tarball no local data for language-tags@https://registry.npmjs.org/language-tags/-/language-tags-1.0.9.tgz. Extracting by manifest.
1030 silly tarball no local data for language-subtag-registry@https://registry.npmjs.org/language-subtag-registry/-/language-subtag-registry-0.3.23.tgz. Extracting by manifest.
1031 silly tarball no local data for kleur@https://registry.npmjs.org/kleur/-/kleur-4.1.5.tgz. Extracting by manifest.
1032 silly tarball no local data for jsx-ast-utils@https://registry.npmjs.org/jsx-ast-utils/-/jsx-ast-utils-3.3.5.tgz. Extracting by manifest.
1033 silly tarball no local data for json5@https://registry.npmjs.org/json5/-/json5-2.2.3.tgz. Extracting by manifest.
1034 silly tarball no local data for keyv@https://registry.npmjs.org/keyv/-/keyv-4.5.4.tgz. Extracting by manifest.
1035 silly tarball no local data for json-buffer@https://registry.npmjs.org/json-buffer/-/json-buffer-3.0.1.tgz. Extracting by manifest.
1036 silly tarball no local data for jsesc@https://registry.npmjs.org/jsesc/-/jsesc-3.1.0.tgz. Extracting by manifest.
1037 silly tarball no local data for json-stable-stringify-without-jsonify@https://registry.npmjs.org/json-stable-stringify-without-jsonify/-/json-stable-stringify-without-jsonify-1.0.1.tgz. Extracting by manifest.
1038 silly tarball no local data for js-yaml@https://registry.npmjs.org/js-yaml/-/js-yaml-4.1.1.tgz. Extracting by manifest.
1039 silly tarball no local data for is-weakset@https://registry.npmjs.org/is-weakset/-/is-weakset-2.0.4.tgz. Extracting by manifest.
1040 silly tarball no local data for is-weakref@https://registry.npmjs.org/is-weakref/-/is-weakref-1.1.1.tgz. Extracting by manifest.
1041 silly tarball no local data for is-weakmap@https://registry.npmjs.org/is-weakmap/-/is-weakmap-2.0.2.tgz. Extracting by manifest.
1042 silly tarball no local data for is-string@https://registry.npmjs.org/is-string/-/is-string-1.1.1.tgz. Extracting by manifest.
1043 silly tarball no local data for jiti@https://registry.npmjs.org/jiti/-/jiti-2.7.0.tgz. Extracting by manifest.
1044 silly tarball no local data for is-symbol@https://registry.npmjs.org/is-symbol/-/is-symbol-1.1.1.tgz. Extracting by manifest.
1045 silly tarball no local data for is-set@https://registry.npmjs.org/is-set/-/is-set-2.0.3.tgz. Extracting by manifest.
1046 silly tarball no local data for is-shared-array-buffer@https://registry.npmjs.org/is-shared-array-buffer/-/is-shared-array-buffer-1.0.4.tgz. Extracting by manifest.
1047 silly tarball no local data for jest-worker@https://registry.npmjs.org/jest-worker/-/jest-worker-27.5.1.tgz. Extracting by manifest.
1048 silly tarball no local data for is-negative-zero@https://registry.npmjs.org/is-negative-zero/-/is-negative-zero-2.0.3.tgz. Extracting by manifest.
1049 silly tarball no local data for is-number-object@https://registry.npmjs.org/is-number-object/-/is-number-object-1.1.1.tgz. Extracting by manifest.
1050 silly tarball no local data for is-finalizationregistry@https://registry.npmjs.org/is-finalizationregistry/-/is-finalizationregistry-1.1.1.tgz. Extracting by manifest.
1051 silly tarball no local data for iterator.prototype@https://registry.npmjs.org/iterator.prototype/-/iterator.prototype-1.1.5.tgz. Extracting by manifest.
1052 silly tarball no local data for is-date-object@https://registry.npmjs.org/is-date-object/-/is-date-object-1.1.0.tgz. Extracting by manifest.
1053 silly tarball no local data for is-data-view@https://registry.npmjs.org/is-data-view/-/is-data-view-1.0.2.tgz. Extracting by manifest.
1054 silly tarball no local data for is-bun-module@https://registry.npmjs.org/is-bun-module/-/is-bun-module-2.0.0.tgz. Extracting by manifest.
1055 silly tarball no local data for imurmurhash@https://registry.npmjs.org/imurmurhash/-/imurmurhash-0.1.4.tgz. Extracting by manifest.
1056 silly tarball no local data for is-map@https://registry.npmjs.org/is-map/-/is-map-2.0.3.tgz. Extracting by manifest.
1057 silly tarball no local data for is-core-module@https://registry.npmjs.org/is-core-module/-/is-core-module-2.16.2.tgz. Extracting by manifest.
1058 silly tarball no local data for is-bigint@https://registry.npmjs.org/is-bigint/-/is-bigint-1.1.0.tgz. Extracting by manifest.
1059 silly tarball no local data for is-async-function@https://registry.npmjs.org/is-async-function/-/is-async-function-2.1.1.tgz. Extracting by manifest.
1060 silly tarball no local data for is-boolean-object@https://registry.npmjs.org/is-boolean-object/-/is-boolean-object-1.2.2.tgz. Extracting by manifest.
1061 silly tarball no local data for is-array-buffer@https://registry.npmjs.org/is-array-buffer/-/is-array-buffer-3.0.5.tgz. Extracting by manifest.
1062 silly tarball no local data for ipaddr.js@https://registry.npmjs.org/ipaddr.js/-/ipaddr.js-2.4.0.tgz. Extracting by manifest.
1063 silly tarball no local data for internal-slot@https://registry.npmjs.org/internal-slot/-/internal-slot-1.1.0.tgz. Extracting by manifest.
1064 silly tarball no local data for image-size@https://registry.npmjs.org/image-size/-/image-size-2.0.2.tgz. Extracting by manifest.
1065 silly tarball no local data for hex-rgb@https://registry.npmjs.org/hex-rgb/-/hex-rgb-4.3.0.tgz. Extracting by manifest.
1066 silly tarball no local data for hermes-parser@https://registry.npmjs.org/hermes-parser/-/hermes-parser-0.25.1.tgz. Extracting by manifest.
1067 silly tarball no local data for hermes-estree@https://registry.npmjs.org/hermes-estree/-/hermes-estree-0.25.1.tgz. Extracting by manifest.
1068 silly tarball no local data for hasown@https://registry.npmjs.org/hasown/-/hasown-2.0.3.tgz. Extracting by manifest.
1069 silly tarball no local data for has-bigints@https://registry.npmjs.org/has-bigints/-/has-bigints-1.1.0.tgz. Extracting by manifest.
1070 silly tarball no local data for has-proto@https://registry.npmjs.org/has-proto/-/has-proto-1.2.0.tgz. Extracting by manifest.
1071 silly tarball no local data for globrex@https://registry.npmjs.org/globrex/-/globrex-0.1.2.tgz. Extracting by manifest.
1072 silly tarball no local data for globalthis@https://registry.npmjs.org/globalthis/-/globalthis-1.0.4.tgz. Extracting by manifest.
1073 silly tarball no local data for globals@https://registry.npmjs.org/globals/-/globals-14.0.0.tgz. Extracting by manifest.
1074 silly tarball no local data for glob-to-regexp@https://registry.npmjs.org/glob-to-regexp/-/glob-to-regexp-0.4.1.tgz. Extracting by manifest.
1075 silly tarball no local data for glob-parent@https://registry.npmjs.org/glob-parent/-/glob-parent-6.0.2.tgz. Extracting by manifest.
1076 silly tarball no local data for get-tsconfig@https://registry.npmjs.org/get-tsconfig/-/get-tsconfig-4.14.0.tgz. Extracting by manifest.
1077 silly tarball no local data for gensync@https://registry.npmjs.org/gensync/-/gensync-1.0.0-beta.2.tgz. Extracting by manifest.
1078 silly tarball no local data for get-symbol-description@https://registry.npmjs.org/get-symbol-description/-/get-symbol-description-1.1.0.tgz. Extracting by manifest.
1079 silly tarball no local data for functions-have-names@https://registry.npmjs.org/functions-have-names/-/functions-have-names-1.2.3.tgz. Extracting by manifest.
1080 silly tarball no local data for function.prototype.name@https://registry.npmjs.org/function.prototype.name/-/function.prototype.name-1.1.8.tgz. Extracting by manifest.
1081 silly tarball no local data for flatted@https://registry.npmjs.org/flatted/-/flatted-3.4.2.tgz. Extracting by manifest.
1082 silly tarball no local data for flat-cache@https://registry.npmjs.org/flat-cache/-/flat-cache-4.0.1.tgz. Extracting by manifest.
1083 silly tarball no local data for find-up@https://registry.npmjs.org/find-up/-/find-up-5.0.0.tgz. Extracting by manifest.
1084 silly tarball no local data for file-entry-cache@https://registry.npmjs.org/file-entry-cache/-/file-entry-cache-8.0.0.tgz. Extracting by manifest.
1085 silly tarball no local data for events@https://registry.npmjs.org/events/-/events-3.3.0.tgz. Extracting by manifest.
1086 silly tarball no local data for fast-levenshtein@https://registry.npmjs.org/fast-levenshtein/-/fast-levenshtein-2.0.6.tgz. Extracting by manifest.
1087 silly tarball no local data for fflate@https://registry.npmjs.org/fflate/-/fflate-0.7.4.tgz. Extracting by manifest.
1088 silly tarball no local data for fast-glob@https://registry.npmjs.org/fast-glob/-/fast-glob-3.3.1.tgz. Extracting by manifest.
1089 silly tarball no local data for esrecurse@https://registry.npmjs.org/esrecurse/-/esrecurse-4.3.0.tgz. Extracting by manifest.
1090 silly tarball no local data for estree-walker@https://registry.npmjs.org/estree-walker/-/estree-walker-3.0.3.tgz. Extracting by manifest.
1091 silly tarball no local data for esquery@https://registry.npmjs.org/esquery/-/esquery-1.7.0.tgz. Extracting by manifest.
1092 silly tarball no local data for espree@https://registry.npmjs.org/espree/-/espree-10.4.0.tgz. Extracting by manifest.
1093 silly tarball no local data for eslint-scope@https://registry.npmjs.org/eslint-scope/-/eslint-scope-8.4.0.tgz. Extracting by manifest.
1094 silly tarball no local data for eslint-visitor-keys@https://registry.npmjs.org/eslint-visitor-keys/-/eslint-visitor-keys-4.2.1.tgz. Extracting by manifest.
1095 silly tarball no local data for eslint-plugin-react-hooks@https://registry.npmjs.org/eslint-plugin-react-hooks/-/eslint-plugin-react-hooks-7.1.1.tgz. Extracting by manifest.
1096 silly tarball no local data for eslint-plugin-react@https://registry.npmjs.org/eslint-plugin-react/-/eslint-plugin-react-7.37.5.tgz. Extracting by manifest.
1097 silly tarball no local data for eslint-plugin-import@https://registry.npmjs.org/eslint-plugin-import/-/eslint-plugin-import-2.32.0.tgz. Extracting by manifest.
1098 silly tarball no local data for eslint-module-utils@https://registry.npmjs.org/eslint-module-utils/-/eslint-module-utils-2.12.1.tgz. Extracting by manifest.
1099 silly tarball no local data for eslint-config-next@https://registry.npmjs.org/eslint-config-next/-/eslint-config-next-16.2.6.tgz. Extracting by manifest.
1100 silly tarball no local data for eslint@https://registry.npmjs.org/eslint/-/eslint-9.39.4.tgz. Extracting by manifest.
1101 silly tarball no local data for eslint-import-resolver-node@https://registry.npmjs.org/eslint-import-resolver-node/-/eslint-import-resolver-node-0.3.10.tgz. Extracting by manifest.
1102 silly tarball no local data for eslint-plugin-jsx-a11y@https://registry.npmjs.org/eslint-plugin-jsx-a11y/-/eslint-plugin-jsx-a11y-6.10.2.tgz. Extracting by manifest.
1103 silly tarball no local data for escape-html@https://registry.npmjs.org/escape-html/-/escape-html-1.0.3.tgz. Extracting by manifest.
1104 silly tarball no local data for esbuild@https://registry.npmjs.org/esbuild/-/esbuild-0.28.0.tgz. Extracting by manifest.
1105 silly tarball no local data for es-to-primitive@https://registry.npmjs.org/es-to-primitive/-/es-to-primitive-1.3.0.tgz. Extracting by manifest.
1106 silly tarball no local data for eslint-import-resolver-typescript@https://registry.npmjs.org/eslint-import-resolver-typescript/-/eslint-import-resolver-typescript-3.10.1.tgz. Extracting by manifest.
1107 silly tarball no local data for es-shim-unscopables@https://registry.npmjs.org/es-shim-unscopables/-/es-shim-unscopables-1.1.0.tgz. Extracting by manifest.
1108 silly tarball no local data for es-iterator-helpers@https://registry.npmjs.org/es-iterator-helpers/-/es-iterator-helpers-1.3.2.tgz. Extracting by manifest.
1109 silly tarball no local data for es-abstract@https://registry.npmjs.org/es-abstract/-/es-abstract-1.24.2.tgz. Extracting by manifest.
1110 silly tarball no local data for error-stack-parser-es@https://registry.npmjs.org/error-stack-parser-es/-/error-stack-parser-es-1.0.5.tgz. Extracting by manifest.
1111 silly tarball no local data for emoji-regex-xs@https://registry.npmjs.org/emoji-regex-xs/-/emoji-regex-xs-2.0.1.tgz. Extracting by manifest.
1112 silly tarball no local data for enhanced-resolve@https://registry.npmjs.org/enhanced-resolve/-/enhanced-resolve-5.21.3.tgz. Extracting by manifest.
1113 silly tarball no local data for emoji-regex@https://registry.npmjs.org/emoji-regex/-/emoji-regex-9.2.2.tgz. Extracting by manifest.
1114 silly tarball no local data for drizzle-orm@https://registry.npmjs.org/drizzle-orm/-/drizzle-orm-0.45.2.tgz. Extracting by manifest.
1115 silly tarball no local data for electron-to-chromium@https://registry.npmjs.org/electron-to-chromium/-/electron-to-chromium-1.5.358.tgz. Extracting by manifest.
1116 silly tarball no local data for drizzle-kit@https://registry.npmjs.org/drizzle-kit/-/drizzle-kit-0.31.10.tgz. Extracting by manifest.
1117 silly tarball no local data for doctrine@https://registry.npmjs.org/doctrine/-/doctrine-2.1.0.tgz. Extracting by manifest.
1118 silly tarball no local data for detect-libc@https://registry.npmjs.org/detect-libc/-/detect-libc-2.1.2.tgz. Extracting by manifest.
1119 silly tarball no local data for define-properties@https://registry.npmjs.org/define-properties/-/define-properties-1.2.1.tgz. Extracting by manifest.
1120 silly tarball no local data for es-object-atoms@https://registry.npmjs.org/es-object-atoms/-/es-object-atoms-1.1.1.tgz. Extracting by manifest.
1121 silly tarball no local data for es-module-lexer@https://registry.npmjs.org/es-module-lexer/-/es-module-lexer-2.1.0.tgz. Extracting by manifest.
1122 silly tarball no local data for deep-is@https://registry.npmjs.org/deep-is/-/deep-is-0.1.4.tgz. Extracting by manifest.
1123 silly tarball no local data for data-view-byte-offset@https://registry.npmjs.org/data-view-byte-offset/-/data-view-byte-offset-1.0.1.tgz. Extracting by manifest.
1124 silly tarball no local data for data-view-byte-length@https://registry.npmjs.org/data-view-byte-length/-/data-view-byte-length-1.0.2.tgz. Extracting by manifest.
1125 silly tarball no local data for data-view-buffer@https://registry.npmjs.org/data-view-buffer/-/data-view-buffer-1.0.2.tgz. Extracting by manifest.
1126 silly tarball no local data for css-to-react-native@https://registry.npmjs.org/css-to-react-native/-/css-to-react-native-3.2.0.tgz. Extracting by manifest.
1127 silly tarball no local data for css-gradient-parser@https://registry.npmjs.org/css-gradient-parser/-/css-gradient-parser-0.0.16.tgz. Extracting by manifest.
1128 silly tarball no local data for damerau-levenshtein@https://registry.npmjs.org/damerau-levenshtein/-/damerau-levenshtein-1.0.8.tgz. Extracting by manifest.
1129 silly tarball no local data for css-color-keywords@https://registry.npmjs.org/css-color-keywords/-/css-color-keywords-1.0.0.tgz. Extracting by manifest.
1130 silly tarball no local data for css-box-shadow@https://registry.npmjs.org/css-box-shadow/-/css-box-shadow-1.0.0-3.tgz. Extracting by manifest.
1131 silly tarball no local data for css-background-parser@https://registry.npmjs.org/css-background-parser/-/css-background-parser-0.1.0.tgz. Extracting by manifest.
1132 silly tarball no local data for convert-source-map@https://registry.npmjs.org/convert-source-map/-/convert-source-map-2.0.0.tgz. Extracting by manifest.
1133 silly tarball no local data for client-only@https://registry.npmjs.org/client-only/-/client-only-0.0.1.tgz. Extracting by manifest.
1134 silly tarball no local data for chrome-trace-event@https://registry.npmjs.org/chrome-trace-event/-/chrome-trace-event-1.0.4.tgz. Extracting by manifest.
1135 silly tarball no local data for cookie@https://registry.npmjs.org/cookie/-/cookie-1.1.1.tgz. Extracting by manifest.
1136 silly tarball no local data for caniuse-lite@https://registry.npmjs.org/caniuse-lite/-/caniuse-lite-1.0.30001793.tgz. Extracting by manifest.
1137 silly tarball no local data for buffer-from@https://registry.npmjs.org/buffer-from/-/buffer-from-1.1.2.tgz. Extracting by manifest.
1138 silly tarball no local data for camelize@https://registry.npmjs.org/camelize/-/camelize-1.0.1.tgz. Extracting by manifest.
1139 silly tarball no local data for browserslist@https://registry.npmjs.org/browserslist/-/browserslist-4.28.2.tgz. Extracting by manifest.
1140 silly tarball no local data for brace-expansion@https://registry.npmjs.org/brace-expansion/-/brace-expansion-1.1.14.tgz. Extracting by manifest.
1141 silly tarball no local data for blake3-wasm@https://registry.npmjs.org/blake3-wasm/-/blake3-wasm-2.1.5.tgz. Extracting by manifest.
1142 silly tarball no local data for base64-js@https://registry.npmjs.org/base64-js/-/base64-js-0.0.8.tgz. Extracting by manifest.
1143 silly tarball no local data for axobject-query@https://registry.npmjs.org/axobject-query/-/axobject-query-4.1.0.tgz. Extracting by manifest.
1144 silly tarball no local data for baseline-browser-mapping@https://registry.npmjs.org/baseline-browser-mapping/-/baseline-browser-mapping-2.10.30.tgz. Extracting by manifest.
1145 silly tarball no local data for axe-core@https://registry.npmjs.org/axe-core/-/axe-core-4.11.4.tgz. Extracting by manifest.
1146 silly tarball no local data for async-function@https://registry.npmjs.org/async-function/-/async-function-1.0.0.tgz. Extracting by manifest.
1147 silly tarball no local data for ast-types-flow@https://registry.npmjs.org/ast-types-flow/-/ast-types-flow-0.0.8.tgz. Extracting by manifest.
1148 silly tarball no local data for arraybuffer.prototype.slice@https://registry.npmjs.org/arraybuffer.prototype.slice/-/arraybuffer.prototype.slice-1.0.4.tgz. Extracting by manifest.
1149 silly tarball no local data for array.prototype.flat@https://registry.npmjs.org/array.prototype.flat/-/array.prototype.flat-1.3.3.tgz. Extracting by manifest.
1150 silly tarball no local data for array.prototype.findlast@https://registry.npmjs.org/array.prototype.findlast/-/array.prototype.findlast-1.2.5.tgz. Extracting by manifest.
1151 silly tarball no local data for array.prototype.tosorted@https://registry.npmjs.org/array.prototype.tosorted/-/array.prototype.tosorted-1.1.4.tgz. Extracting by manifest.
1152 silly tarball no local data for array.prototype.flatmap@https://registry.npmjs.org/array.prototype.flatmap/-/array.prototype.flatmap-1.3.3.tgz. Extracting by manifest.
1153 silly tarball no local data for array.prototype.findlastindex@https://registry.npmjs.org/array.prototype.findlastindex/-/array.prototype.findlastindex-1.2.6.tgz. Extracting by manifest.
1154 silly tarball no local data for array-buffer-byte-length@https://registry.npmjs.org/array-buffer-byte-length/-/array-buffer-byte-length-1.0.2.tgz. Extracting by manifest.
1155 silly tarball no local data for aria-query@https://registry.npmjs.org/aria-query/-/aria-query-5.3.2.tgz. Extracting by manifest.
1156 silly tarball no local data for ajv@https://registry.npmjs.org/ajv/-/ajv-6.15.0.tgz. Extracting by manifest.
1157 silly tarball no local data for acorn-loose@https://registry.npmjs.org/acorn-loose/-/acorn-loose-8.5.2.tgz. Extracting by manifest.
1158 silly tarball no local data for array-includes@https://registry.npmjs.org/array-includes/-/array-includes-3.1.9.tgz. Extracting by manifest.
1159 silly tarball no local data for acorn-import-phases@https://registry.npmjs.org/acorn-import-phases/-/acorn-import-phases-1.0.4.tgz. Extracting by manifest.
1160 silly tarball no local data for @rolldown/pluginutils@https://registry.npmjs.org/@rolldown/pluginutils/-/pluginutils-1.0.0-rc.18.tgz. Extracting by manifest.
1161 silly tarball no local data for brace-expansion@https://registry.npmjs.org/brace-expansion/-/brace-expansion-5.0.6.tgz. Extracting by manifest.
1162 silly tarball no local data for eslint-visitor-keys@https://registry.npmjs.org/eslint-visitor-keys/-/eslint-visitor-keys-5.0.1.tgz. Extracting by manifest.
1163 silly tarball no local data for ignore@https://registry.npmjs.org/ignore/-/ignore-7.0.5.tgz. Extracting by manifest.
1164 silly tarball no local data for acorn-jsx@https://registry.npmjs.org/acorn-jsx/-/acorn-jsx-5.3.2.tgz. Extracting by manifest.
1165 silly tarball no local data for balanced-match@https://registry.npmjs.org/balanced-match/-/balanced-match-4.0.4.tgz. Extracting by manifest.
1166 silly tarball no local data for semver@https://registry.npmjs.org/semver/-/semver-7.8.0.tgz. Extracting by manifest.
1167 silly tarball no local data for supports-color@https://registry.npmjs.org/supports-color/-/supports-color-10.2.2.tgz. Extracting by manifest.
1168 silly tarball no local data for minimatch@https://registry.npmjs.org/minimatch/-/minimatch-10.2.5.tgz. Extracting by manifest.
1169 silly tarball no local data for eslint-visitor-keys@https://registry.npmjs.org/eslint-visitor-keys/-/eslint-visitor-keys-3.4.3.tgz. Extracting by manifest.
1170 silly tarball no local data for @esbuild/win32-x64@https://registry.npmjs.org/@esbuild/win32-x64/-/win32-x64-0.27.3.tgz. Extracting by manifest.
1171 silly tarball no local data for esbuild@https://registry.npmjs.org/esbuild/-/esbuild-0.18.20.tgz. Extracting by manifest.
1172 silly tarball no local data for @esbuild/win32-x64@https://registry.npmjs.org/@esbuild/win32-x64/-/win32-x64-0.18.20.tgz. Extracting by manifest.
1173 silly tarball no local data for eslint-scope@https://registry.npmjs.org/eslint-scope/-/eslint-scope-5.1.1.tgz. Extracting by manifest.
1174 silly tarball no local data for acorn@https://registry.npmjs.org/acorn/-/acorn-8.16.0.tgz. Extracting by manifest.
1175 silly tarball no local data for esbuild@https://registry.npmjs.org/esbuild/-/esbuild-0.27.3.tgz. Extracting by manifest.
1176 silly tarball no local data for glob-parent@https://registry.npmjs.org/glob-parent/-/glob-parent-5.1.2.tgz. Extracting by manifest.
1177 silly tarball no local data for es-module-lexer@https://registry.npmjs.org/es-module-lexer/-/es-module-lexer-1.7.0.tgz. Extracting by manifest.
1178 silly tarball no local data for fast-glob@https://registry.npmjs.org/fast-glob/-/fast-glob-3.3.3.tgz. Extracting by manifest.
1179 silly tarball no local data for estraverse@https://registry.npmjs.org/estraverse/-/estraverse-4.3.0.tgz. Extracting by manifest.
1180 silly tarball no local data for picomatch@https://registry.npmjs.org/picomatch/-/picomatch-4.0.4.tgz. Extracting by manifest.
1181 silly tarball no local data for json5@https://registry.npmjs.org/json5/-/json5-1.0.2.tgz. Extracting by manifest.
1182 silly tarball no local data for fdir@https://registry.npmjs.org/fdir/-/fdir-6.5.0.tgz. Extracting by manifest.
1183 silly tarball no local data for picomatch@https://registry.npmjs.org/picomatch/-/picomatch-4.0.4.tgz. Extracting by manifest.
1184 silly tarball no local data for js-tokens@https://registry.npmjs.org/js-tokens/-/js-tokens-9.0.1.tgz. Extracting by manifest.
1185 silly tarball no local data for lightningcss@https://registry.npmjs.org/lightningcss/-/lightningcss-1.32.0.tgz. Extracting by manifest.
1186 silly tarball no local data for lightningcss-win32-x64-msvc@https://registry.npmjs.org/lightningcss-win32-x64-msvc/-/lightningcss-win32-x64-msvc-1.32.0.tgz. Extracting by manifest.
1187 silly tarball no local data for semver@https://registry.npmjs.org/semver/-/semver-7.8.0.tgz. Extracting by manifest.
1188 silly tarball no local data for supports-color@https://registry.npmjs.org/supports-color/-/supports-color-8.1.1.tgz. Extracting by manifest.
1189 silly tarball no local data for postcss@https://registry.npmjs.org/postcss/-/postcss-8.4.31.tgz. Extracting by manifest.
1190 silly tarball no local data for json-schema-traverse@https://registry.npmjs.org/json-schema-traverse/-/json-schema-traverse-1.0.0.tgz. Extracting by manifest.
1191 silly tarball no local data for ajv-keywords@https://registry.npmjs.org/ajv-keywords/-/ajv-keywords-5.1.0.tgz. Extracting by manifest.
1192 silly tarball no local data for ajv@https://registry.npmjs.org/ajv/-/ajv-8.20.0.tgz. Extracting by manifest.
1193 silly tarball no local data for debug@https://registry.npmjs.org/debug/-/debug-3.2.7.tgz. Extracting by manifest.
1194 silly tarball no local data for semver@https://registry.npmjs.org/semver/-/semver-7.8.0.tgz. Extracting by manifest.
1195 silly tarball no local data for debug@https://registry.npmjs.org/debug/-/debug-3.2.7.tgz. Extracting by manifest.
1196 silly tarball no local data for debug@https://registry.npmjs.org/debug/-/debug-3.2.7.tgz. Extracting by manifest.
1197 silly tarball no local data for @esbuild/win32-x64@https://registry.npmjs.org/@esbuild/win32-x64/-/win32-x64-0.25.12.tgz. Extracting by manifest.
1198 silly tarball no local data for globals@https://registry.npmjs.org/globals/-/globals-16.4.0.tgz. Extracting by manifest.
1199 silly tarball no local data for esbuild@https://registry.npmjs.org/esbuild/-/esbuild-0.25.12.tgz. Extracting by manifest.
1200 silly tarball no local data for glob-parent@https://registry.npmjs.org/glob-parent/-/glob-parent-5.1.2.tgz. Extracting by manifest.
1201 http fetch POST 200 https://registry.npmjs.org/-/npm/v1/security/advisories/bulk 818ms
1202 silly audit report {
1202 silly audit report   '@babel/core': [
1202 silly audit report     {
1202 silly audit report       id: 1123528,
1202 silly audit report       url: 'https://github.com/advisories/GHSA-4x5r-pxfx-6jf8',
1202 silly audit report       title: '@babel/core: Arbitrary File Read via sourceMappingURL Comment',
1202 silly audit report       severity: 'low',
1202 silly audit report       vulnerable_versions: '<=7.29.0',
1202 silly audit report       cwe: [Array],
1202 silly audit report       cvss: [Object]
1202 silly audit report     }
1202 silly audit report   ],
1202 silly audit report   esbuild: [
1202 silly audit report     {
1202 silly audit report       id: 1102341,
1202 silly audit report       url: 'https://github.com/advisories/GHSA-67mh-4wv8-2f99',
1202 silly audit report       title: 'esbuild enables any website to send any requests to the development server and read the response',
1202 silly audit report       severity: 'moderate',
1202 silly audit report       vulnerable_versions: '<=0.24.2',
1202 silly audit report       cwe: [Array],
1202 silly audit report       cvss: [Object]
1202 silly audit report     },
1202 silly audit report     {
1202 silly audit report       id: 1120680,
1202 silly audit report       url: 'https://github.com/advisories/GHSA-g7r4-m6w7-qqqr',
1202 silly audit report       title: 'esbuild allows arbitrary file read when running the development server on Windows',
1202 silly audit report       severity: 'low',
1202 silly audit report       vulnerable_versions: '>=0.27.3 <0.28.1',
1202 silly audit report       cwe: [Array],
1202 silly audit report       cvss: [Object]
1202 silly audit report     }
1202 silly audit report   ],
1202 silly audit report   'brace-expansion': [
1202 silly audit report     {
1202 silly audit report       id: 1130588,
1202 silly audit report       url: 'https://github.com/advisories/GHSA-mh99-v99m-4gvg',
1202 silly audit report       title: 'brace-expansion: DoS via unbounded expansion length causing an out-of-memory process crash',
1202 silly audit report       severity: 'high',
1202 silly audit report       vulnerable_versions: '<1.1.17',
1202 silly audit report       cwe: [Array],
1202 silly audit report       cvss: [Object]
1202 silly audit report     },
1202 silly audit report     {
1202 silly audit report       id: 1130591,
1202 silly audit report       url: 'https://github.com/advisories/GHSA-mh99-v99m-4gvg',
1202 silly audit report       title: 'brace-expansion: DoS via unbounded expansion length causing an out-of-memory process crash',
1202 silly audit report       severity: 'high',
1202 silly audit report       vulnerable_versions: '>=4.0.0 <5.0.8',
1202 silly audit report       cwe: [Array],
1202 silly audit report       cvss: [Object]
1202 silly audit report     },
1202 silly audit report     {
1202 silly audit report       id: 1123897,
1202 silly audit report       url: 'https://github.com/advisories/GHSA-3jxr-9vmj-r5cp',
1202 silly audit report       title: 'brace-expansion: DoS via exponential-time expansion of consecutive non-expanding {} groups',
1202 silly audit report       severity: 'high',
1202 silly audit report       vulnerable_versions: '<1.1.16',
1202 silly audit report       cwe: [Array],
1202 silly audit report       cvss: [Object]
1202 silly audit report     },
1202 silly audit report     {
1202 silly audit report       id: 1123898,
1202 silly audit report       url: 'https://github.com/advisories/GHSA-3jxr-9vmj-r5cp',
1202 silly audit report       title: 'brace-expansion: DoS via exponential-time expansion of consecutive non-expanding {} groups',
1202 silly audit report       severity: 'high',
1202 silly audit report       vulnerable_versions: '>=3.0.0 <5.0.7',
1202 silly audit report       cwe: [Array],
1202 silly audit report       cvss: [Object]
1202 silly audit report     }
1202 silly audit report   ],
1202 silly audit report   'fast-uri': [
1202 silly audit report     {
1202 silly audit report       id: 1130178,
1202 silly audit report       url: 'https://github.com/advisories/GHSA-4c8g-83qw-93j6',
1202 silly audit report       title: 'fast-uri vulnerable to host confusion via failed IDN canonicalization',
1202 silly audit report       severity: 'high',
1202 silly audit report       vulnerable_versions: '>=3.0.0 <3.1.3',
1202 silly audit report       cwe: [Array],
1202 silly audit report       cvss: [Object]
1202 silly audit report     },
1202 silly audit report     {
1202 silly audit report       id: 1124064,
1202 silly audit report       url: 'https://github.com/advisories/GHSA-v2hh-gcrm-f6hx',
1202 silly audit report       title: 'fast-uri vulnerable to host confusion via literal backslash authority delimiter',
1202 silly audit report       severity: 'high',
1202 silly audit report       vulnerable_versions: '>=3.0.0 <=3.1.3',
1202 silly audit report       cwe: [Array],
1202 silly audit report       cvss: [Object]
1202 silly audit report     }
1202 silly audit report   ],
1202 silly audit report   'js-yaml': [
1202 silly audit report     {
1202 silly audit report       id: 1121860,
1202 silly audit report       url: 'https://github.com/advisories/GHSA-h67p-54hq-rp68',
1202 silly audit report       title: 'JS-YAML: Quadratic-complexity DoS in merge key handling via repeated aliases',
1202 silly audit report       severity: 'moderate',
1202 silly audit report       vulnerable_versions: '>=4.0.0 <=4.1.1',
1202 silly audit report       cwe: [Array],
1202 silly audit report       cvss: [Object]
1202 silly audit report     },
1202 silly audit report     {
1202 silly audit report       id: 1123911,
1202 silly audit report       url: 'https://github.com/advisories/GHSA-52cp-r559-cp3m',
1202 silly audit report       title: 'js-yaml: YAML merge-key chains can force quadratic CPU consumption',
1202 silly audit report       severity: 'high',
1202 silly audit report       vulnerable_versions: '>=4.0.0 <4.3.0',
1202 silly audit report       cwe: [Array],
1202 silly audit report       cvss: [Object]
1202 silly audit report     }
1202 silly audit report   ],
1202 silly audit report   next: [
1202 silly audit report     {
1202 silly audit report       id: 1124184,
1202 silly audit report       url: 'https://github.com/advisories/GHSA-89xv-2m56-2m9x',
1202 silly audit report       title: 'Next.js: Server-Side Request Forgery in Server Actions on custom servers',
1202 silly audit report       severity: 'high',
1202 silly audit report       vulnerable_versions: '>=16.0.0 <16.2.11',
1202 silly audit report       cwe: [Array],
1202 silly audit report       cvss: [Object]
1202 silly audit report     },
1202 silly audit report     {
1202 silly audit report       id: 1124186,
1202 silly audit report       url: 'https://github.com/advisories/GHSA-68g3-v927-f742',
1202 silly audit report       title: 'Next.js: Cache confusion of response bodies for requests with bodies',
1202 silly audit report       severity: 'moderate',
1202 silly audit report       vulnerable_versions: '>=16.0.0 <16.2.11',
1202 silly audit report       cwe: [Array],
1202 silly audit report       cvss: [Object]
1202 silly audit report     },
1202 silly audit report     {
1202 silly audit report       id: 1124170,
1202 silly audit report       url: 'https://github.com/advisories/GHSA-6gpp-xcg3-4w24',
1202 silly audit report       title: 'Next.js: Middleware / Proxy bypass in App Router applications using Turbopack and single locale',
1202 silly audit report       severity: 'high',
1202 silly audit report       vulnerable_versions: '>=16.0.0 <16.2.11',
1202 silly audit report       cwe: [Array],
1202 silly audit report       cvss: [Object]
1202 silly audit report     },
1202 silly audit report     {
1202 silly audit report       id: 1124171,
1202 silly audit report       url: 'https://github.com/advisories/GHSA-m99w-x7hq-7vfj',
1202 silly audit report       title: 'Next.js: Denial of Service in App Router using Server Actions',
1202 silly audit report       severity: 'high',
1202 silly audit report       vulnerable_versions: '>=16.0.0 <16.2.11',
1202 silly audit report       cwe: [Array],
1202 silly audit report       cvss: [Object]
1202 silly audit report     },
1202 silly audit report     {
1202 silly audit report       id: 1124188,
1202 silly audit report       url: 'https://github.com/advisories/GHSA-4633-3j49-mh5q',
1202 silly audit report       title: 'Next.js: Cache confusion of response bodies for requests with bodies containing invalid UTF-8 byte sequences',
1202 silly audit report       severity: 'moderate',
1202 silly audit report       vulnerable_versions: '>=16.0.0 <16.2.11',
1202 silly audit report       cwe: [Array],
1202 silly audit report       cvss: [Object]
1202 silly audit report     },
1202 silly audit report     {
1202 silly audit report       id: 1124190,
1202 silly audit report       url: 'https://github.com/advisories/GHSA-4c39-4ccg-62r3',
1202 silly audit report       title: 'Next.js: Unbounded Server Action payload in Edge runtime',
1202 silly audit report       severity: 'moderate',
1202 silly audit report       vulnerable_versions: '>=16.0.0 <16.2.11',
1202 silly audit report       cwe: [Array],
1202 silly audit report       cvss: [Object]
1202 silly audit report     },
1202 silly audit report     {
1202 silly audit report       id: 1124192,
1202 silly audit report       url: 'https://github.com/advisories/GHSA-p9j2-gv94-2wf4',
1202 silly audit report       title: 'Next.js: Server-Side Request Forgery in rewrites via attacker-controlled destination hostname',
1202 silly audit report       severity: 'high',
1202 silly audit report       vulnerable_versions: '>=16.0.0 <16.2.11',
1202 silly audit report       cwe: [Array],
1202 silly audit report       cvss: [Object]
1202 silly audit report     },
1202 silly audit report     {
1202 silly audit report       id: 1124194,
1202 silly audit report       url: 'https://github.com/advisories/GHSA-q8wf-6r8g-63ch',
1202 silly audit report       title: 'Next.js: Denial of Service in the Image Optimization API using SVGs',
1202 silly audit report       severity: 'moderate',
1202 silly audit report       vulnerable_versions: '>=16.0.0 <16.2.11',
1202 silly audit report       cwe: [Array],
1202 silly audit report       cvss: [Object]
1202 silly audit report     },
1202 silly audit report     {
1202 silly audit report       id: 1124196,
1202 silly audit report       url: 'https://github.com/advisories/GHSA-955p-x3mx-jcvp',
1202 silly audit report       title: 'Next.js: Unauthenticated disclosure of internal Server Function endpoints',
1202 silly audit report       severity: 'moderate',
1202 silly audit report       vulnerable_versions: '>=16.0.0 <16.2.11',
1202 silly audit report       cwe: [Array],
1202 silly audit report       cvss: [Object]
1202 silly audit report     }
1202 silly audit report   ],
1202 silly audit report   postcss: [
1202 silly audit report     {
1202 silly audit report       id: 1117015,
1202 silly audit report       url: 'https://github.com/advisories/GHSA-qx2v-qp2m-jg93',
1202 silly audit report       title: 'PostCSS has XSS via Unescaped </style> in its CSS Stringify Output',
1202 silly audit report       severity: 'moderate',
1202 silly audit report       vulnerable_versions: '<8.5.10',
1202 silly audit report       cwe: [Array],
1202 silly audit report       cvss: [Object]
1202 silly audit report     },
1202 silly audit report     {
1202 silly audit report       id: 1124252,
1202 silly audit report       url: 'https://github.com/advisories/GHSA-6g55-p6wh-862q',
1202 silly audit report       title: 'PostCSS: Arbitrary file read and information disclosure via attacker-controlled sourceMappingURL in CSS comments',
1202 silly audit report       severity: 'high',
1202 silly audit report       vulnerable_versions: '<=8.5.11',
1202 silly audit report       cwe: [Array],
1202 silly audit report       cvss: [Object]
1202 silly audit report     },
1202 silly audit report     {
1202 silly audit report       id: 1124288,
1202 silly audit report       url: 'https://github.com/advisories/GHSA-r28c-9q8g-f849',
1202 silly audit report       title: 'PostCSS: Path Traversal in Previous Source Map Auto-Loading (sourceMappingURL) leads to Arbitrary .map File Disclosure',
1202 silly audit report       severity: 'high',
1202 silly audit report       vulnerable_versions: '<=8.5.17',
1202 silly audit report       cwe: [Array],
1202 silly audit report       cvss: [Object]
1202 silly audit report     }
1202 silly audit report   ],
1202 silly audit report   'react-server-dom-webpack': [
1202 silly audit report     {
1202 silly audit report       id: 1124314,
1202 silly audit report       url: 'https://github.com/advisories/GHSA-wx67-qw84-cm4g',
1202 silly audit report       title: 'react-server-dom: Denial of Service in Server Functions',
1202 silly audit report       severity: 'high',
1202 silly audit report       vulnerable_versions: '>=19.2.0 <19.2.8',
1202 silly audit report       cwe: [Array],
1202 silly audit report       cvss: [Object]
1202 silly audit report     }
1202 silly audit report   ],
1202 silly audit report   sharp: [
1202 silly audit report     {
1202 silly audit report       id: 1124066,
1202 silly audit report       url: 'https://github.com/advisories/GHSA-f88m-g3jw-g9cj',
1202 silly audit report       title: 'sharp inherited vulnerabilities in libvips: CVE-2026-33327, CVE-2026-33328, CVE-2026-35590, CVE-2026-35591',
1202 silly audit report       severity: 'high',
1202 silly audit report       vulnerable_versions: '<0.35.0',
1202 silly audit report       cwe: [Array],
1202 silly audit report       cvss: [Object]
1202 silly audit report     }
1202 silly audit report   ],
1202 silly audit report   undici: [
1202 silly audit report     {
1202 silly audit report       id: 1121187,
1202 silly audit report       url: 'https://github.com/advisories/GHSA-vmh5-mc38-953g',
1202 silly audit report       title: 'undici vulnerable to TLS certificate validation bypass via dropped requestTls in SOCKS5 ProxyAgent',
1202 silly audit report       severity: 'high',
1202 silly audit report       vulnerable_versions: '>=7.23.0 <7.28.0',
1202 silly audit report       cwe: [Array],
1202 silly audit report       cvss: [Object]
1202 silly audit report     },
1202 silly audit report     {
1202 silly audit report       id: 1121241,
1202 silly audit report       url: 'https://github.com/advisories/GHSA-p88m-4jfj-68fv',
1202 silly audit report       title: 'undici vulnerable to HTTP header injection via Set-Cookie percent-decoding',
1202 silly audit report       severity: 'moderate',
1202 silly audit report       vulnerable_versions: '>=7.0.0 <7.28.0',
1202 silly audit report       cwe: [Array],
1202 silly audit report       cvss: [Object]
1202 silly audit report     },
1202 silly audit report     {
1202 silly audit report       id: 1121244,
1202 silly audit report       url: 'https://github.com/advisories/GHSA-vxpw-j846-p89q',
1202 silly audit report       title: 'undici WebSocket client vulnerable to denial of service via fragment count bypass',
1202 silly audit report       severity: 'high',
1202 silly audit report       vulnerable_versions: '>=7.0.0 <7.28.0',
1202 silly audit report       cwe: [Array],
1202 silly audit report       cvss: [Object]
1202 silly audit report     },
1202 silly audit report     {
1202 silly audit report       id: 1121247,
1202 silly audit report       url: 'https://github.com/advisories/GHSA-hm92-r4w5-c3mj',
1202 silly audit report       title: 'undici vulnerable to cross-origin request routing via SOCKS5 proxy pool reuse',
1202 silly audit report       severity: 'high',
1202 silly audit report       vulnerable_versions: '>=7.23.0 <7.28.0',
1202 silly audit report       cwe: [Array],
1202 silly audit report       cvss: [Object]
1202 silly audit report     },
1202 silly audit report     {
1202 silly audit report       id: 1121249,
1202 silly audit report       url: 'https://github.com/advisories/GHSA-35p6-xmwp-9g52',
1202 silly audit report       title: 'undici vulnerable to HTTP response queue poisoning via keep-alive socket reuse',
1202 silly audit report       severity: 'low',
1202 silly audit report       vulnerable_versions: '>=7.0.0 <7.28.0',
1202 silly audit report       cwe: [Array],
1202 silly audit report       cvss: [Object]
1202 silly audit report     },
1202 silly audit report     {
1202 silly audit report       id: 1121254,
1202 silly audit report       url: 'https://github.com/advisories/GHSA-g8m3-5g58-fq7m',
1202 silly audit report       title: 'undici vulnerable to Set-Cookie SameSite attribute downgrade via permissive substring matching',
1202 silly audit report       severity: 'low',
1202 silly audit report       vulnerable_versions: '>=7.0.0 <7.28.0',
1202 silly audit report       cwe: [Array],
1202 silly audit report       cvss: [Object]
1202 silly audit report     },
1202 silly audit report     {
1202 silly audit report       id: 1121428,
1202 silly audit report       url: 'https://github.com/advisories/GHSA-pr7r-676h-xcf6',
1202 silly audit report       title: 'undici vulnerable to cross-user information disclosure via shared cache whitespace bypass',
1202 silly audit report       severity: 'moderate',
1202 silly audit report       vulnerable_versions: '>=7.0.0 <7.28.0',
1202 silly audit report       cwe: [Array],
1202 silly audit report       cvss: [Object]
1202 silly audit report     }
1202 silly audit report   ],
1202 silly audit report   vite: [
1202 silly audit report     {
1202 silly audit report       id: 1120786,
1202 silly audit report       url: 'https://github.com/advisories/GHSA-v6wh-96g9-6wx3',
1202 silly audit report       title: 'launch-editor: NTLMv2 hash disclosure via UNC path handling on Windows',
1202 silly audit report       severity: 'moderate',
1202 silly audit report       vulnerable_versions: '>=8.0.0 <=8.0.15',
1202 silly audit report       cwe: [Array],
1202 silly audit report       cvss: [Object]
1202 silly audit report     },
1202 silly audit report     {
1202 silly audit report       id: 1123527,
1202 silly audit report       url: 'https://github.com/advisories/GHSA-fx2h-pf6j-xcff',
1202 silly audit report       title: 'vite: `server.fs.deny` bypass on Windows alternate paths',
1202 silly audit report       severity: 'high',
1202 silly audit report       vulnerable_versions: '>=8.0.0 <=8.0.15',
1202 silly audit report       cwe: [Array],
1202 silly audit report       cvss: [Object]
1202 silly audit report     }
1202 silly audit report   ],
1202 silly audit report   ws: [
1202 silly audit report     {
1202 silly audit report       id: 1119108,
1202 silly audit report       url: 'https://github.com/advisories/GHSA-58qx-3vcg-4xpx',
1202 silly audit report       title: 'ws: Uninitialized memory disclosure',
1202 silly audit report       severity: 'moderate',
1202 silly audit report       vulnerable_versions: '>=8.0.0 <8.20.1',
1202 silly audit report       cwe: [Array],
1202 silly audit report       cvss: [Object]
1202 silly audit report     },
1202 silly audit report     {
1202 silly audit report       id: 1123259,
1202 silly audit report       url: 'https://github.com/advisories/GHSA-96hv-2xvq-fx4p',
1202 silly audit report       title: 'ws: Memory exhaustion DoS from tiny fragments and data chunks',
1202 silly audit report       severity: 'high',
1202 silly audit report       vulnerable_versions: '>=8.0.0 <8.21.0',
1202 silly audit report       cwe: [Array],
1202 silly audit report       cvss: [Object]
1202 silly audit report     }
1202 silly audit report   ]
1202 silly audit report }
1203 silly packumentCache corgi:https://registry.npmjs.org/@babel%2fcore cache-miss
1204 silly packumentCache corgi:https://registry.npmjs.org/esbuild cache-miss
1205 silly packumentCache corgi:https://registry.npmjs.org/brace-expansion cache-miss
1206 silly packumentCache corgi:https://registry.npmjs.org/fast-uri cache-miss
1207 silly packumentCache corgi:https://registry.npmjs.org/js-yaml cache-miss
1208 silly packumentCache corgi:https://registry.npmjs.org/next cache-miss
1209 silly packumentCache corgi:https://registry.npmjs.org/postcss cache-miss
1210 silly packumentCache corgi:https://registry.npmjs.org/react-server-dom-webpack cache-miss
1211 silly packumentCache corgi:https://registry.npmjs.org/sharp cache-miss
1212 silly packumentCache corgi:https://registry.npmjs.org/undici cache-miss
1213 silly packumentCache corgi:https://registry.npmjs.org/vite cache-miss
1214 silly packumentCache corgi:https://registry.npmjs.org/ws cache-miss
1215 http fetch GET 200 https://registry.npmjs.org/@webassemblyjs/helper-numbers/-/helper-numbers-1.13.2.tgz 878ms (cache miss)
1216 http fetch GET 200 https://registry.npmjs.org/@types/eslint-scope/-/eslint-scope-3.7.7.tgz 875ms (cache miss)
1217 http fetch GET 200 https://registry.npmjs.org/@webassemblyjs/ieee754/-/ieee754-1.13.2.tgz 888ms (cache miss)
1218 http fetch GET 200 https://registry.npmjs.org/@webassemblyjs/floating-point-hex-parser/-/floating-point-hex-parser-1.13.2.tgz 899ms (cache miss)
1219 http fetch GET 200 https://registry.npmjs.org/@webassemblyjs/helper-api-error/-/helper-api-error-1.13.2.tgz 901ms (cache miss)
1220 http fetch GET 200 https://registry.npmjs.org/@types/json5/-/json5-0.0.29.tgz 895ms (cache miss)
1221 http fetch GET 200 https://registry.npmjs.org/@xtuc/ieee754/-/ieee754-1.2.0.tgz 994ms (cache miss)
1222 http fetch GET 200 https://registry.npmjs.org/@webassemblyjs/helper-buffer/-/helper-buffer-1.14.1.tgz 995ms (cache miss)
1223 http fetch GET 200 https://registry.npmjs.org/@webassemblyjs/wasm-opt/-/wasm-opt-1.14.1.tgz 1000ms (cache miss)
1224 http fetch GET 200 https://registry.npmjs.org/@webassemblyjs/helper-wasm-bytecode/-/helper-wasm-bytecode-1.13.2.tgz 1030ms (cache miss)
1225 http fetch GET 200 https://registry.npmjs.org/@webassemblyjs/wasm-gen/-/wasm-gen-1.14.1.tgz 1040ms (cache miss)
1226 http fetch GET 200 https://registry.npmjs.org/@webassemblyjs/wast-printer/-/wast-printer-1.14.1.tgz 1042ms (cache miss)
1227 http fetch GET 200 https://registry.npmjs.org/@tailwindcss/oxide/-/oxide-4.2.1.tgz 1032ms (cache miss)
1228 http fetch GET 200 https://registry.npmjs.org/@types/json-schema/-/json-schema-7.0.15.tgz 1040ms (cache miss)
1229 http fetch GET 200 https://registry.npmjs.org/@webassemblyjs/wasm-edit/-/wasm-edit-1.14.1.tgz 1060ms (cache miss)
1230 http fetch GET 200 https://registry.npmjs.org/@rtsao/scc/-/scc-1.1.0.tgz 1070ms (cache miss)
1231 http fetch GET 200 https://registry.npmjs.org/@typescript-eslint/parser/-/parser-8.59.3.tgz 1085ms (cache miss)
1232 http fetch GET 200 https://registry.npmjs.org/@poppinss/colors/-/colors-4.1.6.tgz 1083ms (cache miss)
1233 http fetch GET 200 https://registry.npmjs.org/@nolyfill/is-core-module/-/is-core-module-1.0.39.tgz 1099ms (cache miss)
1234 http fetch GET 200 https://registry.npmjs.org/@oxc-project/types/-/types-0.130.0.tgz 1112ms (cache miss)
1235 http fetch GET 200 https://registry.npmjs.org/@next/env/-/env-16.2.6.tgz 1140ms (cache miss)
1236 http fetch GET 200 https://registry.npmjs.org/@humanfs/node/-/node-0.16.8.tgz 1139ms (cache miss)
1237 http fetch GET 200 https://registry.npmjs.org/@esbuild-kit/esm-loader/-/esm-loader-2.6.5.tgz 1147ms (cache miss)
1238 warn deprecated @esbuild-kit/esm-loader@2.6.5: Merged into tsx: https://tsx.is
1239 http fetch GET 200 https://registry.npmjs.org/@typescript-eslint/tsconfig-utils/-/tsconfig-utils-8.59.3.tgz 1182ms (cache miss)
1240 http fetch GET 200 https://registry.npmjs.org/@humanfs/types/-/types-0.15.0.tgz 1164ms (cache miss)
1241 http fetch GET 200 https://registry.npmjs.org/@poppinss/exception/-/exception-1.2.3.tgz 1173ms (cache miss)
1242 http fetch GET 200 https://registry.npmjs.org/@vitejs/plugin-react/-/plugin-react-6.0.2.tgz 1198ms (cache miss)
1243 http fetch GET 200 https://registry.npmjs.org/@typescript-eslint/visitor-keys/-/visitor-keys-8.59.3.tgz 1188ms (cache miss)
1244 http fetch GET 200 https://registry.npmjs.org/@tailwindcss/postcss/-/postcss-4.2.1.tgz 1190ms (cache miss)
1245 http fetch GET 200 https://registry.npmjs.org/@cloudflare/unenv-preset/-/unenv-preset-2.16.1.tgz 1187ms (cache miss)
1246 http fetch GET 200 https://registry.npmjs.org/@webassemblyjs/helper-wasm-section/-/helper-wasm-section-1.14.1.tgz 1251ms (cache miss)
1247 http fetch GET 200 https://registry.npmjs.org/@img/colour/-/colour-1.1.0.tgz 1233ms (cache miss)
1248 http fetch GET 200 https://registry.npmjs.org/@eslint/core/-/core-0.17.0.tgz 1264ms (cache miss)
1249 http fetch GET 200 https://registry.npmjs.org/@typescript-eslint/project-service/-/project-service-8.59.3.tgz 1294ms (cache miss)
1250 http fetch GET 200 https://registry.npmjs.org/@webassemblyjs/utf8/-/utf8-1.13.2.tgz 1307ms (cache miss)
1251 http fetch GET 200 https://registry.npmjs.org/@webassemblyjs/wasm-parser/-/wasm-parser-1.14.1.tgz 1314ms (cache miss)
1252 http fetch GET 200 https://registry.npmjs.org/@eslint/js/-/js-9.39.4.tgz 1285ms (cache miss)
1253 http fetch GET 200 https://registry.npmjs.org/@webassemblyjs/leb128/-/leb128-1.13.2.tgz 1343ms (cache miss)
1254 http fetch GET 200 https://registry.npmjs.org/@babel/helper-string-parser/-/helper-string-parser-7.27.1.tgz 1309ms (cache miss)
1255 http fetch GET 200 https://registry.npmjs.org/@esbuild-kit/core-utils/-/core-utils-3.3.2.tgz 1338ms (cache miss)
1256 warn deprecated @esbuild-kit/core-utils@3.3.2: Merged into tsx: https://tsx.is
1257 http fetch GET 200 https://registry.npmjs.org/@unpic/core/-/core-1.0.3.tgz 1370ms (cache miss)
1258 http fetch GET 200 https://registry.npmjs.org/@humanwhocodes/retry/-/retry-0.4.3.tgz 1368ms (cache miss)
1259 http fetch GET 200 https://registry.npmjs.org/@babel/helper-module-imports/-/helper-module-imports-7.28.6.tgz 1362ms (cache miss)
1260 http fetch GET 200 https://registry.npmjs.org/@humanwhocodes/module-importer/-/module-importer-1.0.1.tgz 1489ms (cache miss)
1261 http fetch GET 200 https://registry.npmjs.org/@types/react-dom/-/react-dom-19.2.3.tgz 1513ms (cache miss)
1262 http fetch GET 200 https://registry.npmjs.org/@xtuc/long/-/long-4.2.2.tgz 1543ms (cache miss)
1263 http fetch GET 200 https://registry.npmjs.org/@sindresorhus/is/-/is-7.2.0.tgz 1546ms (cache miss)
1264 http fetch GET 200 https://registry.npmjs.org/@drizzle-team/brocli/-/brocli-0.10.2.tgz 1538ms (cache miss)
1265 http fetch GET 200 https://registry.npmjs.org/@babel/helper-compilation-targets/-/helper-compilation-targets-7.28.6.tgz 1557ms (cache miss)
1266 http fetch GET 200 https://registry.npmjs.org/@typescript-eslint/types/-/types-8.59.3.tgz 1612ms (cache miss)
1267 http fetch GET 200 https://registry.npmjs.org/@jridgewell/source-map/-/source-map-0.3.11.tgz 1599ms (cache miss)
1268 http fetch GET 200 https://registry.npmjs.org/@babel/helper-globals/-/helper-globals-7.28.0.tgz 1585ms (cache miss)
1269 http fetch GET 200 https://registry.npmjs.org/@cloudflare/kv-asset-handler/-/kv-asset-handler-0.5.0.tgz 1611ms (cache miss)
1270 http fetch GET 200 https://registry.npmjs.org/@eslint/object-schema/-/object-schema-2.1.7.tgz 1681ms (cache miss)
1271 http fetch GET 200 https://registry.npmjs.org/@tailwindcss/node/-/node-4.2.1.tgz 1694ms (cache miss)
1272 http fetch GET 200 https://registry.npmjs.org/@humanfs/core/-/core-0.19.2.tgz 1687ms (cache miss)
1273 http fetch GET 200 https://registry.npmjs.org/@eslint-community/regexpp/-/regexpp-4.12.2.tgz 1687ms (cache miss)
1274 http fetch GET 200 https://registry.npmjs.org/@eslint/config-helpers/-/config-helpers-0.4.2.tgz 1686ms (cache miss)
1275 http fetch GET 200 https://registry.npmjs.org/@eslint/plugin-kit/-/plugin-kit-0.4.1.tgz 1696ms (cache miss)
1276 http fetch GET 200 https://registry.npmjs.org/@babel/helper-validator-option/-/helper-validator-option-7.27.1.tgz 1687ms (cache miss)
1277 http fetch GET 200 https://registry.npmjs.org/@babel/code-frame/-/code-frame-7.29.0.tgz 1678ms (cache miss)
1278 http fetch GET 200 https://registry.npmjs.org/@alloc/quick-lru/-/quick-lru-5.2.0.tgz 1682ms (cache miss)
1279 http fetch GET 200 https://registry.npmjs.org/@babel/helper-validator-identifier/-/helper-validator-identifier-7.28.5.tgz 1677ms (cache miss)
1280 http fetch GET 200 https://registry.npmjs.org/@eslint-community/eslint-utils/-/eslint-utils-4.9.1.tgz 1703ms (cache miss)
1281 http fetch GET 200 https://registry.npmjs.org/yallist/-/yallist-3.1.1.tgz 1691ms (cache miss)
1282 http fetch GET 200 https://registry.npmjs.org/youch-core/-/youch-core-0.3.3.tgz 1695ms (cache miss)
1283 http fetch GET 200 https://registry.npmjs.org/yocto-queue/-/yocto-queue-0.1.0.tgz 1692ms (cache miss)
1284 http fetch GET 200 https://registry.npmjs.org/word-wrap/-/word-wrap-1.2.5.tgz 1712ms (cache miss)
1285 http fetch GET 200 https://registry.npmjs.org/which-boxed-primitive/-/which-boxed-primitive-1.1.1.tgz 1716ms (cache miss)
1286 http fetch GET 200 https://registry.npmjs.org/which-collection/-/which-collection-1.0.2.tgz 1721ms (cache miss)
1287 http fetch GET 200 https://registry.npmjs.org/@types/eslint/-/eslint-9.6.1.tgz 1774ms (cache miss)
1288 http fetch GET 200 https://registry.npmjs.org/which/-/which-2.0.2.tgz 1733ms (cache miss)
1289 http fetch GET 200 https://registry.npmjs.org/@types/react/-/react-19.2.14.tgz 1827ms (cache miss)
1290 http fetch GET 200 https://registry.npmjs.org/which-typed-array/-/which-typed-array-1.1.20.tgz 1875ms (cache miss)
1291 http fetch GET 200 https://registry.npmjs.org/@eslint/config-array/-/config-array-0.21.2.tgz 1959ms (cache miss)
1292 http fetch GET 200 https://registry.npmjs.org/@babel/compat-data/-/compat-data-7.29.3.tgz 1946ms (cache miss)
1293 http fetch GET 200 https://registry.npmjs.org/@emnapi/wasi-threads/-/wasi-threads-1.2.1.tgz 1960ms (cache miss)
1294 http fetch GET 200 https://registry.npmjs.org/@emnapi/runtime/-/runtime-1.10.0.tgz 1979ms (cache miss)
1295 http fetch GET 200 https://registry.npmjs.org/vitefu/-/vitefu-1.1.3.tgz 1997ms (cache miss)
1296 http fetch GET 200 https://registry.npmjs.org/zod-validation-error/-/zod-validation-error-4.0.2.tgz 2159ms (cache miss)
1297 http fetch GET 200 https://registry.npmjs.org/@babel/helper-module-transforms/-/helper-module-transforms-7.28.6.tgz 2258ms (cache miss)
1298 http fetch GET 200 https://registry.npmjs.org/unrs-resolver/-/unrs-resolver-1.11.1.tgz 2297ms (cache miss)
1299 http fetch GET 200 https://registry.npmjs.org/@babel/template/-/template-7.28.6.tgz 2326ms (cache miss)
1300 http fetch GET 200 https://registry.npmjs.org/ws/-/ws-8.18.0.tgz 2314ms (cache miss)
1301 http fetch GET 200 https://registry.npmjs.org/vite-plugin-dynamic-import/-/vite-plugin-dynamic-import-1.6.0.tgz 2322ms (cache miss)
1302 http fetch GET 200 https://registry.npmjs.org/unicode-trie/-/unicode-trie-2.0.0.tgz 2321ms (cache miss)
1303 http fetch GET 200 https://registry.npmjs.org/@unrs/resolver-binding-win32-x64-msvc/-/resolver-binding-win32-x64-msvc-1.11.1.tgz 2391ms (cache miss)
1304 http fetch GET 200 https://registry.npmjs.org/which-builtin-type/-/which-builtin-type-1.2.1.tgz 2352ms (cache miss)
1305 http fetch GET 200 https://registry.npmjs.org/@resvg/resvg-wasm/-/resvg-wasm-2.4.0.tgz 2394ms (cache miss)
1306 http fetch GET 200 https://registry.npmjs.org/update-browserslist-db/-/update-browserslist-db-1.2.3.tgz 2352ms (cache miss)
1307 http fetch GET 200 https://registry.npmjs.org/typescript-eslint/-/typescript-eslint-8.59.3.tgz 2380ms (cache miss)
1308 http fetch GET 200 https://registry.npmjs.org/@jridgewell/remapping/-/remapping-2.3.5.tgz 2460ms (cache miss)
1309 http fetch GET 200 https://registry.npmjs.org/@jridgewell/gen-mapping/-/gen-mapping-0.3.13.tgz 2467ms (cache miss)
1310 http fetch GET 200 https://registry.npmjs.org/unbox-primitive/-/unbox-primitive-1.1.0.tgz 2430ms (cache miss)
1311 http fetch GET 200 https://registry.npmjs.org/@unpic/react/-/react-1.0.2.tgz 2495ms (cache miss)
1312 http fetch GET 200 https://registry.npmjs.org/typed-array-byte-length/-/typed-array-byte-length-1.0.3.tgz 2440ms (cache miss)
1313 http fetch GET 200 https://registry.npmjs.org/typed-array-byte-offset/-/typed-array-byte-offset-1.0.4.tgz 2444ms (cache miss)
1314 http fetch GET 200 https://registry.npmjs.org/@babel/parser/-/parser-7.29.3.tgz 2493ms (cache miss)
1315 http fetch GET 200 https://registry.npmjs.org/watchpack/-/watchpack-2.5.1.tgz 2521ms (cache miss)
1316 http fetch GET 200 https://registry.npmjs.org/type-check/-/type-check-0.4.0.tgz 2547ms (cache miss)
1317 http fetch GET 200 https://registry.npmjs.org/tinyglobby/-/tinyglobby-0.2.16.tgz 2583ms (cache miss)
1318 http fetch GET 200 https://registry.npmjs.org/vite-tsconfig-paths/-/vite-tsconfig-paths-6.1.1.tgz 2600ms (cache miss)
1319 http fetch GET 200 https://registry.npmjs.org/@poppinss/dumper/-/dumper-0.6.5.tgz 2660ms (cache miss)
1320 http fetch GET 200 https://registry.npmjs.org/@emnapi/core/-/core-1.10.0.tgz 2671ms (cache miss)
1321 http fetch GET 200 https://registry.npmjs.org/tiny-inflate/-/tiny-inflate-1.0.3.tgz 2639ms (cache miss)
1322 http fetch GET 200 https://registry.npmjs.org/supports-preserve-symlinks-flag/-/supports-preserve-symlinks-flag-1.0.0.tgz 2590ms (cache miss)
1323 http fetch GET 200 https://registry.npmjs.org/@webassemblyjs/ast/-/ast-1.14.1.tgz 2738ms (cache miss)
1324 http fetch GET 200 https://registry.npmjs.org/typed-array-length/-/typed-array-length-1.0.7.tgz 2689ms (cache miss)
1325 http fetch GET 200 https://registry.npmjs.org/strip-json-comments/-/strip-json-comments-3.1.1.tgz 2623ms (cache miss)
1326 http fetch GET 200 https://registry.npmjs.org/strip-literal/-/strip-literal-3.1.0.tgz 2630ms (cache miss)
1327 http fetch GET 200 https://registry.npmjs.org/string.prototype.trimend/-/string.prototype.trimend-1.0.9.tgz 2733ms (cache miss)
1328 http fetch GET 200 https://registry.npmjs.org/stop-iteration-iterator/-/stop-iteration-iterator-1.1.0.tgz 2735ms (cache miss)
1329 http fetch GET 200 https://registry.npmjs.org/string.prototype.repeat/-/string.prototype.repeat-1.0.0.tgz 2745ms (cache miss)
1330 http fetch GET 200 https://registry.npmjs.org/string.prototype.includes/-/string.prototype.includes-2.0.1.tgz 2762ms (cache miss)
1331 http fetch GET 200 https://registry.npmjs.org/string.prototype.trimstart/-/string.prototype.trimstart-1.0.8.tgz 2774ms (cache miss)
1332 http fetch GET 200 https://registry.npmjs.org/string.prototype.codepointat/-/string.prototype.codepointat-0.2.1.tgz 2869ms (cache miss)
1333 http fetch GET 200 https://registry.npmjs.org/stable-hash/-/stable-hash-0.0.5.tgz 2894ms (cache miss)
1334 http fetch GET 200 https://registry.npmjs.org/string.prototype.matchall/-/string.prototype.matchall-4.0.12.tgz 2903ms (cache miss)
1335 http fetch GET 200 https://registry.npmjs.org/side-channel/-/side-channel-1.1.0.tgz 2926ms (cache miss)
1336 http fetch GET 200 https://registry.npmjs.org/set-proto/-/set-proto-1.0.0.tgz 2929ms (cache miss)
1337 http fetch GET 200 https://registry.npmjs.org/side-channel-weakmap/-/side-channel-weakmap-1.0.2.tgz 2946ms (cache miss)
1338 http fetch GET 200 https://registry.npmjs.org/side-channel-map/-/side-channel-map-1.0.1.tgz 2948ms (cache miss)
1339 http fetch GET 200 https://registry.npmjs.org/side-channel-list/-/side-channel-list-1.0.1.tgz 2962ms (cache miss)
1340 http fetch GET 200 https://registry.npmjs.org/set-function-name/-/set-function-name-2.0.2.tgz 3003ms (cache miss)
1341 http fetch GET 200 https://registry.npmjs.org/vite-plugin-commonjs/-/vite-plugin-commonjs-0.10.4.tgz 3099ms (cache miss)
1342 http fetch GET 200 https://registry.npmjs.org/safe-push-apply/-/safe-push-apply-1.0.0.tgz 3010ms (cache miss)
1343 http fetch GET 200 https://registry.npmjs.org/resolve-pkg-maps/-/resolve-pkg-maps-1.0.0.tgz 3018ms (cache miss)
1344 http fetch GET 200 https://registry.npmjs.org/safe-array-concat/-/safe-array-concat-1.1.4.tgz 3070ms (cache miss)
1345 http fetch GET 200 https://registry.npmjs.org/ts-api-utils/-/ts-api-utils-2.5.0.tgz 3156ms (cache miss)
1346 http fetch GET 200 https://registry.npmjs.org/react-is/-/react-is-16.13.1.tgz 3137ms (cache miss)
1347 http fetch GET 200 https://registry.npmjs.org/semver/-/semver-6.3.1.tgz 3149ms (cache miss)
1348 http fetch GET 200 https://registry.npmjs.org/pathe/-/pathe-2.0.3.tgz 3149ms (cache miss)
1349 http fetch GET 200 https://registry.npmjs.org/turbo-stream/-/turbo-stream-3.2.0.tgz 3244ms (cache miss)
1350 http fetch GET 200 https://registry.npmjs.org/path-parse/-/path-parse-1.0.7.tgz 3241ms (cache miss)
1351 http fetch GET 200 https://registry.npmjs.org/source-map-support/-/source-map-support-0.5.21.tgz 3258ms (cache miss)
1352 http fetch GET 200 https://registry.npmjs.org/yoga-layout/-/yoga-layout-3.2.1.tgz 3371ms (cache miss)
1353 http fetch GET 200 https://registry.npmjs.org/p-locate/-/p-locate-5.0.0.tgz 3295ms (cache miss)
1354 http fetch GET 200 https://registry.npmjs.org/@tailwindcss/oxide-win32-x64-msvc/-/oxide-win32-x64-msvc-4.2.1.tgz 3483ms (cache miss)
1355 http fetch GET 200 https://registry.npmjs.org/path-exists/-/path-exists-4.0.0.tgz 3336ms (cache miss)
1356 http fetch GET 200 https://registry.npmjs.org/parse-css-color/-/parse-css-color-0.2.1.tgz 3335ms (cache miss)
1357 http fetch GET 200 https://registry.npmjs.org/own-keys/-/own-keys-1.0.1.tgz 3336ms (cache miss)
1358 http fetch GET 200 https://registry.npmjs.org/@eslint/eslintrc/-/eslintrc-3.3.5.tgz 3517ms (cache miss)
1359 http fetch GET 200 https://registry.npmjs.org/object.groupby/-/object.groupby-1.0.3.tgz 3404ms (cache miss)
1360 http fetch GET 200 https://registry.npmjs.org/object.fromentries/-/object.fromentries-2.0.8.tgz 3410ms (cache miss)
1361 http fetch GET 200 https://registry.npmjs.org/p-limit/-/p-limit-3.1.0.tgz 3414ms (cache miss)
1362 http fetch GET 200 https://registry.npmjs.org/object.entries/-/object.entries-1.1.9.tgz 3418ms (cache miss)
1363 http fetch GET 200 https://registry.npmjs.org/terser-webpack-plugin/-/terser-webpack-plugin-5.6.0.tgz 3512ms (cache miss)
1364 http fetch GET 200 https://registry.npmjs.org/node-releases/-/node-releases-2.0.44.tgz 3445ms (cache miss)
1365 http fetch GET 200 https://registry.npmjs.org/object-keys/-/object-keys-1.1.1.tgz 3447ms (cache miss)
1366 http fetch GET 200 https://registry.npmjs.org/loose-envify/-/loose-envify-1.4.0.tgz 3459ms (cache miss)
1367 http fetch GET 200 https://registry.npmjs.org/locate-path/-/locate-path-6.0.0.tgz 3473ms (cache miss)
1368 http fetch GET 200 https://registry.npmjs.org/lru-cache/-/lru-cache-5.1.1.tgz 3476ms (cache miss)
1369 http fetch GET 200 https://registry.npmjs.org/node-exports-info/-/node-exports-info-1.6.0.tgz 3483ms (cache miss)
1370 http fetch GET 200 https://registry.npmjs.org/merge-stream/-/merge-stream-2.0.0.tgz 3483ms (cache miss)
1371 http fetch GET 200 https://registry.npmjs.org/webpack-sources/-/webpack-sources-3.4.1.tgz 3612ms (cache miss)
1372 http fetch GET 200 https://registry.npmjs.org/natural-compare/-/natural-compare-1.4.0.tgz 3508ms (cache miss)
1373 http fetch GET 200 https://registry.npmjs.org/lodash.merge/-/lodash.merge-4.6.2.tgz 3511ms (cache miss)
1374 http fetch GET 200 https://registry.npmjs.org/keyv/-/keyv-4.5.4.tgz 3539ms (cache miss)
1375 http fetch GET 200 https://registry.npmjs.org/loader-runner/-/loader-runner-4.3.2.tgz 3547ms (cache miss)
1376 http fetch GET 200 https://registry.npmjs.org/levn/-/levn-0.4.1.tgz 3555ms (cache miss)
1377 http fetch GET 200 https://registry.npmjs.org/language-tags/-/language-tags-1.0.9.tgz 3569ms (cache miss)
1378 http fetch GET 200 https://registry.npmjs.org/kleur/-/kleur-4.1.5.tgz 3569ms (cache miss)
1379 http fetch GET 200 https://registry.npmjs.org/tsconfck/-/tsconfck-3.1.6.tgz 3675ms (cache miss)
1380 http fetch GET 200 https://registry.npmjs.org/@typescript-eslint/type-utils/-/type-utils-8.59.3.tgz 3743ms (cache miss)
1381 http fetch GET 200 https://registry.npmjs.org/json-buffer/-/json-buffer-3.0.1.tgz 3585ms (cache miss)
1382 http fetch GET 200 https://registry.npmjs.org/string.prototype.trim/-/string.prototype.trim-1.2.10.tgz 3635ms (cache miss)
1383 http fetch GET 200 https://registry.npmjs.org/json-stable-stringify-without-jsonify/-/json-stable-stringify-without-jsonify-1.0.1.tgz 3611ms (cache miss)
1384 http fetch GET 200 https://registry.npmjs.org/optionator/-/optionator-0.9.4.tgz 3633ms (cache miss)
1385 http fetch GET 200 https://registry.npmjs.org/prelude-ls/-/prelude-ls-1.2.1.tgz 3674ms (cache miss)
1386 http fetch GET 200 https://registry.npmjs.org/jsesc/-/jsesc-3.1.0.tgz 3656ms (cache miss)
1387 http fetch GET 200 https://registry.npmjs.org/path-to-regexp/-/path-to-regexp-6.3.0.tgz 3697ms (cache miss)
1388 http fetch GET 200 https://registry.npmjs.org/is-weakref/-/is-weakref-1.1.1.tgz 3680ms (cache miss)
1389 http fetch GET 200 https://registry.npmjs.org/postcss-value-parser/-/postcss-value-parser-4.2.0.tgz 3719ms (cache miss)
1390 http fetch GET 200 https://registry.npmjs.org/prop-types/-/prop-types-15.8.1.tgz 3724ms (cache miss)
1391 http fetch GET 200 https://registry.npmjs.org/is-weakset/-/is-weakset-2.0.4.tgz 3716ms (cache miss)
1392 http fetch GET 200 https://registry.npmjs.org/mime-db/-/mime-db-1.54.0.tgz 3738ms (cache miss)
1393 http fetch GET 200 https://registry.npmjs.org/is-set/-/is-set-2.0.3.tgz 3760ms (cache miss)
1394 http fetch GET 200 https://registry.npmjs.org/is-shared-array-buffer/-/is-shared-array-buffer-1.0.4.tgz 3767ms (cache miss)
1395 http fetch GET 200 https://registry.npmjs.org/react-loading-skeleton/-/react-loading-skeleton-3.5.0.tgz 3845ms (cache miss)
1396 http fetch GET 200 https://registry.npmjs.org/reflect.getprototypeof/-/reflect.getprototypeof-1.0.10.tgz 3873ms (cache miss)
1397 http fetch GET 200 https://registry.npmjs.org/scheduler/-/scheduler-0.27.0.tgz 3890ms (cache miss)
1398 http fetch GET 200 https://registry.npmjs.org/is-negative-zero/-/is-negative-zero-2.0.3.tgz 3861ms (cache miss)
1399 http fetch GET 200 https://registry.npmjs.org/iterator.prototype/-/iterator.prototype-1.1.5.tgz 3860ms (cache miss)
1400 http fetch GET 200 https://registry.npmjs.org/is-finalizationregistry/-/is-finalizationregistry-1.1.1.tgz 3861ms (cache miss)
1401 http fetch GET 200 https://registry.npmjs.org/imurmurhash/-/imurmurhash-0.1.4.tgz 3886ms (cache miss)
1402 http fetch GET 200 https://registry.npmjs.org/is-bun-module/-/is-bun-module-2.0.0.tgz 3889ms (cache miss)
1403 http fetch GET 200 https://registry.npmjs.org/is-data-view/-/is-data-view-1.0.2.tgz 3892ms (cache miss)
1404 http fetch GET 200 https://registry.npmjs.org/linebreak/-/linebreak-1.1.0.tgz 3906ms (cache miss)
1405 http fetch GET 200 https://registry.npmjs.org/@jridgewell/trace-mapping/-/trace-mapping-0.3.31.tgz 4063ms (cache miss)
1406 http fetch GET 200 https://registry.npmjs.org/tapable/-/tapable-2.3.3.tgz 4036ms (cache miss)
1407 http fetch GET 200 https://registry.npmjs.org/is-map/-/is-map-2.0.3.tgz 3963ms (cache miss)
1408 http fetch GET 200 https://registry.npmjs.org/is-core-module/-/is-core-module-2.16.2.tgz 3963ms (cache miss)
1409 http fetch GET 200 https://registry.npmjs.org/regexp.prototype.flags/-/regexp.prototype.flags-1.5.4.tgz 4069ms (cache miss)
1410 http fetch GET 200 https://registry.npmjs.org/is-bigint/-/is-bigint-1.1.0.tgz 4113ms (cache miss)
1411 http fetch GET 200 https://registry.npmjs.org/is-async-function/-/is-async-function-2.1.1.tgz 4116ms (cache miss)
1412 http fetch GET 200 https://registry.npmjs.org/is-array-buffer/-/is-array-buffer-3.0.5.tgz 4141ms (cache miss)
1413 http fetch GET 200 https://registry.npmjs.org/undici-types/-/undici-types-6.21.0.tgz 4296ms (cache miss)
1414 http fetch GET 200 https://registry.npmjs.org/is-boolean-object/-/is-boolean-object-1.2.2.tgz 4178ms (cache miss)
1415 http fetch GET 200 https://registry.npmjs.org/hex-rgb/-/hex-rgb-4.3.0.tgz 4185ms (cache miss)
1416 http fetch GET 200 https://registry.npmjs.org/hasown/-/hasown-2.0.3.tgz 4193ms (cache miss)
1417 http fetch GET 200 https://registry.npmjs.org/internal-slot/-/internal-slot-1.1.0.tgz 4196ms (cache miss)
1418 http fetch GET 200 https://registry.npmjs.org/has-proto/-/has-proto-1.2.0.tgz 4225ms (cache miss)
1419 http fetch GET 200 https://registry.npmjs.org/globrex/-/globrex-0.1.2.tgz 4240ms (cache miss)
1420 http fetch GET 200 https://registry.npmjs.org/is-weakmap/-/is-weakmap-2.0.2.tgz 4258ms (cache miss)
1421 http fetch GET 200 https://registry.npmjs.org/has-bigints/-/has-bigints-1.1.0.tgz 4254ms (cache miss)
1422 http fetch GET 200 https://registry.npmjs.org/object.values/-/object.values-1.2.1.tgz 4288ms (cache miss)
1423 http fetch GET 200 https://registry.npmjs.org/globalthis/-/globalthis-1.0.4.tgz 4274ms (cache miss)
1424 http fetch GET 200 https://registry.npmjs.org/flat-cache/-/flat-cache-4.0.1.tgz 4288ms (cache miss)
1425 http fetch GET 200 https://registry.npmjs.org/ipaddr.js/-/ipaddr.js-2.4.0.tgz 4304ms (cache miss)
1426 http fetch GET 200 https://registry.npmjs.org/is-symbol/-/is-symbol-1.1.1.tgz 4314ms (cache miss)
1427 http fetch GET 200 https://registry.npmjs.org/esrecurse/-/esrecurse-4.3.0.tgz 4298ms (cache miss)
1428 http fetch GET 200 https://registry.npmjs.org/glob-to-regexp/-/glob-to-regexp-0.4.1.tgz 4311ms (cache miss)
1429 http fetch GET 200 https://registry.npmjs.org/gensync/-/gensync-1.0.0-beta.2.tgz 4311ms (cache miss)
1430 http fetch GET 200 https://registry.npmjs.org/functions-have-names/-/functions-have-names-1.2.3.tgz 4310ms (cache miss)
1431 http fetch GET 200 https://registry.npmjs.org/find-up/-/find-up-5.0.0.tgz 4311ms (cache miss)
1432 http fetch GET 200 https://registry.npmjs.org/get-symbol-description/-/get-symbol-description-1.1.0.tgz 4312ms (cache miss)
1433 http fetch GET 200 https://registry.npmjs.org/fast-levenshtein/-/fast-levenshtein-2.0.6.tgz 4311ms (cache miss)
1434 http fetch GET 200 https://registry.npmjs.org/glob-parent/-/glob-parent-6.0.2.tgz 4334ms (cache miss)
1435 http fetch GET 200 https://registry.npmjs.org/flatted/-/flatted-3.4.2.tgz 4335ms (cache miss)
1436 http fetch GET 200 https://registry.npmjs.org/file-entry-cache/-/file-entry-cache-8.0.0.tgz 4337ms (cache miss)
1437 http fetch GET 200 https://registry.npmjs.org/eslint-config-next/-/eslint-config-next-16.2.6.tgz 4338ms (cache miss)
1438 http fetch GET 200 https://registry.npmjs.org/estree-walker/-/estree-walker-3.0.3.tgz 4350ms (cache miss)
1439 http fetch GET 200 https://registry.npmjs.org/is-string/-/is-string-1.1.1.tgz 4409ms (cache miss)
1440 http fetch GET 200 https://registry.npmjs.org/is-number-object/-/is-number-object-1.1.1.tgz 4428ms (cache miss)
1441 http fetch GET 200 https://registry.npmjs.org/is-date-object/-/is-date-object-1.1.0.tgz 4430ms (cache miss)
1442 http fetch GET 200 https://registry.npmjs.org/globals/-/globals-14.0.0.tgz 4424ms (cache miss)
1443 http fetch GET 200 https://registry.npmjs.org/eslint-import-resolver-node/-/eslint-import-resolver-node-0.3.10.tgz 4420ms (cache miss)
1444 http fetch GET 200 https://registry.npmjs.org/escape-html/-/escape-html-1.0.3.tgz 4496ms (cache miss)
1445 http fetch GET 200 https://registry.npmjs.org/object.assign/-/object.assign-4.1.7.tgz 4568ms (cache miss)
1446 http fetch GET 200 https://registry.npmjs.org/eslint-import-resolver-typescript/-/eslint-import-resolver-typescript-3.10.1.tgz 4707ms (cache miss)
1447 http fetch GET 200 https://registry.npmjs.org/es-shim-unscopables/-/es-shim-unscopables-1.1.0.tgz 4741ms (cache miss)
1448 http fetch GET 200 https://registry.npmjs.org/get-tsconfig/-/get-tsconfig-4.14.0.tgz 4824ms (cache miss)
1449 http fetch GET 200 https://registry.npmjs.org/emoji-regex-xs/-/emoji-regex-xs-2.0.1.tgz 4815ms (cache miss)
1450 http fetch GET 200 https://registry.npmjs.org/emoji-regex/-/emoji-regex-9.2.2.tgz 4828ms (cache miss)
1451 http fetch GET 200 https://registry.npmjs.org/styled-jsx/-/styled-jsx-5.1.6.tgz 4981ms (cache miss)
1452 http fetch GET 200 https://registry.npmjs.org/esbuild/-/esbuild-0.28.0.tgz 4933ms (cache miss)
1453 http fetch GET 200 https://registry.npmjs.org/schema-utils/-/schema-utils-4.3.3.tgz 5000ms (cache miss)
1454 http fetch GET 200 https://registry.npmjs.org/espree/-/espree-10.4.0.tgz 4948ms (cache miss)
1455 http fetch GET 200 https://registry.npmjs.org/detect-libc/-/detect-libc-2.1.2.tgz 4953ms (cache miss)
1456 http fetch GET 200 https://registry.npmjs.org/define-properties/-/define-properties-1.2.1.tgz 4965ms (cache miss)
1457 http fetch GET 200 https://registry.npmjs.org/lightningcss/-/lightningcss-1.31.1.tgz 5012ms (cache miss)
1458 http fetch GET 200 https://registry.npmjs.org/@tybys/wasm-util/-/wasm-util-0.10.2.tgz 5185ms (cache miss)
1459 http fetch GET 200 https://registry.npmjs.org/es-object-atoms/-/es-object-atoms-1.1.1.tgz 5011ms (cache miss)
1460 http fetch GET 200 https://registry.npmjs.org/data-view-byte-offset/-/data-view-byte-offset-1.0.1.tgz 5040ms (cache miss)
1461 http fetch GET 200 https://registry.npmjs.org/deep-is/-/deep-is-0.1.4.tgz 5043ms (cache miss)
1462 http fetch GET 200 https://registry.npmjs.org/data-view-byte-length/-/data-view-byte-length-1.0.2.tgz 5050ms (cache miss)
1463 http fetch GET 200 https://registry.npmjs.org/eslint-visitor-keys/-/eslint-visitor-keys-4.2.1.tgz 5075ms (cache miss)
1464 http fetch GET 200 https://registry.npmjs.org/damerau-levenshtein/-/damerau-levenshtein-1.0.8.tgz 5078ms (cache miss)
1465 http fetch GET 200 https://registry.npmjs.org/css-color-keywords/-/css-color-keywords-1.0.0.tgz 5092ms (cache miss)
1466 http fetch GET 200 https://registry.npmjs.org/css-background-parser/-/css-background-parser-0.1.0.tgz 5112ms (cache miss)
1467 http fetch GET 200 https://registry.npmjs.org/css-box-shadow/-/css-box-shadow-1.0.0-3.tgz 5115ms (cache miss)
1468 http fetch GET 200 https://registry.npmjs.org/client-only/-/client-only-0.0.1.tgz 5118ms (cache miss)
1469 http fetch GET 200 https://registry.npmjs.org/convert-source-map/-/convert-source-map-2.0.0.tgz 5143ms (cache miss)
1470 http fetch GET 200 https://registry.npmjs.org/camelize/-/camelize-1.0.1.tgz 5157ms (cache miss)
1471 http fetch GET 200 https://registry.npmjs.org/nanoid/-/nanoid-3.3.12.tgz 5231ms (cache miss)
1472 http fetch GET 200 https://registry.npmjs.org/react/-/react-19.2.6.tgz 5260ms (cache miss)
1473 http fetch GET 200 https://registry.npmjs.org/brace-expansion/-/brace-expansion-1.1.14.tgz 5216ms (cache miss)
1474 http fetch GET 200 https://registry.npmjs.org/json5/-/json5-2.2.3.tgz 5268ms (cache miss)
1475 http fetch GET 200 https://registry.npmjs.org/buffer-from/-/buffer-from-1.1.2.tgz 5236ms (cache miss)
1476 http fetch GET 200 https://registry.npmjs.org/base64-js/-/base64-js-0.0.8.tgz 5264ms (cache miss)
1477 http fetch GET 200 https://registry.npmjs.org/chrome-trace-event/-/chrome-trace-event-1.0.4.tgz 5272ms (cache miss)
1478 http fetch GET 200 https://registry.npmjs.org/napi-postinstall/-/napi-postinstall-0.3.4.tgz 5327ms (cache miss)
1479 http fetch GET 200 https://registry.npmjs.org/@babel/generator/-/generator-7.29.1.tgz 5469ms (cache miss)
1480 http fetch GET 200 https://registry.npmjs.org/async-function/-/async-function-1.0.0.tgz 5307ms (cache miss)
1481 http fetch GET 200 https://registry.npmjs.org/arraybuffer.prototype.slice/-/arraybuffer.prototype.slice-1.0.4.tgz 5310ms (cache miss)
1482 http fetch GET 200 https://registry.npmjs.org/ast-types-flow/-/ast-types-flow-0.0.8.tgz 5327ms (cache miss)
1483 http fetch GET 200 https://registry.npmjs.org/doctrine/-/doctrine-2.1.0.tgz 5338ms (cache miss)
1484 http fetch GET 200 https://registry.npmjs.org/eslint-scope/-/eslint-scope-8.4.0.tgz 5356ms (cache miss)
1485 http fetch GET 200 https://registry.npmjs.org/cookie/-/cookie-1.1.1.tgz 5360ms (cache miss)
1486 http fetch GET 200 https://registry.npmjs.org/function.prototype.name/-/function.prototype.name-1.1.8.tgz 5385ms (cache miss)
1487 http fetch GET 200 https://registry.npmjs.org/array.prototype.findlastindex/-/array.prototype.findlastindex-1.2.6.tgz 5374ms (cache miss)
1488 http fetch GET 200 https://registry.npmjs.org/array.prototype.flatmap/-/array.prototype.flatmap-1.3.3.tgz 5375ms (cache miss)
1489 http fetch GET 200 https://registry.npmjs.org/es-module-lexer/-/es-module-lexer-2.1.0.tgz 5386ms (cache miss)
1490 http fetch GET 200 https://registry.npmjs.org/array.prototype.tosorted/-/array.prototype.tosorted-1.1.4.tgz 5377ms (cache miss)
1491 http fetch GET 200 https://registry.npmjs.org/array.prototype.findlast/-/array.prototype.findlast-1.2.5.tgz 5392ms (cache miss)
1492 http fetch GET 200 https://registry.npmjs.org/array.prototype.flat/-/array.prototype.flat-1.3.3.tgz 5408ms (cache miss)
1493 http fetch GET 200 https://registry.npmjs.org/array-buffer-byte-length/-/array-buffer-byte-length-1.0.2.tgz 5407ms (cache miss)
1494 http fetch GET 200 https://registry.npmjs.org/@rolldown/pluginutils/-/pluginutils-1.0.0-rc.18.tgz 5408ms (cache miss)
1495 http fetch GET 200 https://registry.npmjs.org/brace-expansion/-/brace-expansion-5.0.6.tgz 5414ms (cache miss)
1496 http fetch GET 200 https://registry.npmjs.org/acorn-import-phases/-/acorn-import-phases-1.0.4.tgz 5417ms (cache miss)
1497 http fetch GET 200 https://registry.npmjs.org/data-view-buffer/-/data-view-buffer-1.0.2.tgz 5453ms (cache miss)
1498 http fetch GET 200 https://registry.npmjs.org/acorn-jsx/-/acorn-jsx-5.3.2.tgz 5439ms (cache miss)
1499 http fetch GET 200 https://registry.npmjs.org/hermes-estree/-/hermes-estree-0.25.1.tgz 5480ms (cache miss)
1500 http fetch GET 200 https://registry.npmjs.org/eslint-visitor-keys/-/eslint-visitor-keys-3.4.3.tgz 5440ms (cache miss)
1501 http fetch GET 200 https://registry.npmjs.org/balanced-match/-/balanced-match-4.0.4.tgz 5454ms (cache miss)
1502 http fetch GET 200 https://registry.npmjs.org/supports-color/-/supports-color-10.2.2.tgz 5468ms (cache miss)
1503 http fetch GET 200 https://registry.npmjs.org/error-stack-parser-es/-/error-stack-parser-es-1.0.5.tgz 5493ms (cache miss)
1504 http fetch GET 200 https://registry.npmjs.org/electron-to-chromium/-/electron-to-chromium-1.5.358.tgz 5507ms (cache miss)
1505 http fetch GET 200 https://registry.npmjs.org/css-gradient-parser/-/css-gradient-parser-0.0.16.tgz 5510ms (cache miss)
1506 http fetch GET 200 https://registry.npmjs.org/@next/eslint-plugin-next/-/eslint-plugin-next-16.2.6.tgz 5717ms (cache miss)
1507 http fetch GET 200 https://registry.npmjs.org/estraverse/-/estraverse-4.3.0.tgz 5522ms (cache miss)
1508 http fetch GET 200 https://registry.npmjs.org/ignore/-/ignore-7.0.5.tgz 5533ms (cache miss)
1509 http fetch GET 200 https://registry.npmjs.org/glob-parent/-/glob-parent-5.1.2.tgz 5535ms (cache miss)
1510 http fetch GET 200 https://registry.npmjs.org/workerd/-/workerd-1.20260515.1.tgz 5727ms (cache miss)
1511 http fetch GET 200 https://registry.npmjs.org/fflate/-/fflate-0.7.4.tgz 5579ms (cache miss)
1512 http fetch GET 200 https://registry.npmjs.org/fdir/-/fdir-6.5.0.tgz 5557ms (cache miss)
1513 http fetch GET 200 https://registry.npmjs.org/browserslist/-/browserslist-4.28.2.tgz 5588ms (cache miss)
1514 http fetch GET 200 https://registry.npmjs.org/js-tokens/-/js-tokens-9.0.1.tgz 5582ms (cache miss)
1515 http fetch GET 200 https://registry.npmjs.org/supports-color/-/supports-color-8.1.1.tgz 5604ms (cache miss)
1516 http fetch GET 200 https://registry.npmjs.org/json-schema-traverse/-/json-schema-traverse-1.0.0.tgz 5611ms (cache miss)
1517 http fetch GET 200 https://registry.npmjs.org/baseline-browser-mapping/-/baseline-browser-mapping-2.10.30.tgz 5757ms (cache miss)
1518 http fetch GET 200 https://registry.npmjs.org/esbuild/-/esbuild-0.18.20.tgz 5750ms (cache miss)
1519 http fetch GET 200 https://registry.npmjs.org/acorn-loose/-/acorn-loose-8.5.2.tgz 5765ms (cache miss)
1520 http fetch GET 200 https://registry.npmjs.org/esbuild/-/esbuild-0.27.3.tgz 5770ms (cache miss)
1521 http fetch GET 200 https://registry.npmjs.org/eslint-visitor-keys/-/eslint-visitor-keys-5.0.1.tgz 5784ms (cache miss)
1522 http fetch GET 200 https://registry.npmjs.org/es-to-primitive/-/es-to-primitive-1.3.0.tgz 5810ms (cache miss)
1523 http fetch GET 200 https://registry.npmjs.org/satori/-/satori-0.16.0.tgz 5863ms (cache miss)
1524 http fetch GET 200 https://registry.npmjs.org/object-inspect/-/object-inspect-1.13.4.tgz 5876ms (cache miss)
1525 http fetch GET 200 https://registry.npmjs.org/es-module-lexer/-/es-module-lexer-1.7.0.tgz 5813ms (cache miss)
1526 http fetch GET 200 https://registry.npmjs.org/glob-parent/-/glob-parent-5.1.2.tgz 5795ms (cache miss)
1527 http fetch GET 200 https://registry.npmjs.org/fast-uri 5427ms (cache miss)
1528 silly packumentCache corgi:https://registry.npmjs.org/fast-uri set size:undefined disposed:false
1529 http fetch GET 200 https://registry.npmjs.org/youch/-/youch-4.1.0-beta.10.tgz 6066ms (cache miss)
1530 http fetch GET 200 https://registry.npmjs.org/brace-expansion 5476ms (cache miss)
1531 silly packumentCache corgi:https://registry.npmjs.org/brace-expansion set size:undefined disposed:false
1532 http fetch GET 200 https://registry.npmjs.org/sharp/-/sharp-0.34.5.tgz 6014ms (cache miss)
1533 http fetch GET 200 https://registry.npmjs.org/tailwindcss/-/tailwindcss-4.2.1.tgz 6101ms (cache miss)
1534 http fetch GET 200 https://registry.npmjs.org/eslint-module-utils/-/eslint-module-utils-2.12.1.tgz 5979ms (cache miss)
1535 http fetch GET 200 https://registry.npmjs.org/picomatch/-/picomatch-4.0.4.tgz 5957ms (cache miss)
1536 http fetch GET 200 https://registry.npmjs.org/picomatch/-/picomatch-4.0.4.tgz 6008ms (cache miss)
1537 http fetch GET 200 https://registry.npmjs.org/globals/-/globals-16.4.0.tgz 6040ms (cache miss)
1538 http fetch GET 200 https://registry.npmjs.org/esquery/-/esquery-1.7.0.tgz 6092ms (cache miss)
1539 http fetch GET 200 https://registry.npmjs.org/debug/-/debug-3.2.7.tgz 6064ms (cache miss)
1540 http fetch GET 200 https://registry.npmjs.org/esbuild/-/esbuild-0.25.12.tgz 6066ms (cache miss)
1541 http fetch GET 200 https://registry.npmjs.org/debug/-/debug-3.2.7.tgz 6087ms (cache miss)
1542 http fetch GET 200 https://registry.npmjs.org/debug/-/debug-3.2.7.tgz 6122ms (cache miss)
1543 http fetch GET 200 https://registry.npmjs.org/js-yaml 5732ms (cache miss)
1544 silly packumentCache corgi:https://registry.npmjs.org/js-yaml set size:undefined disposed:false
1545 http fetch GET 200 https://registry.npmjs.org/json5/-/json5-1.0.2.tgz 6150ms (cache miss)
1546 http fetch GET 200 https://registry.npmjs.org/eslint-scope/-/eslint-scope-5.1.1.tgz 6161ms (cache miss)
1547 http fetch GET 200 https://registry.npmjs.org/array-includes/-/array-includes-3.1.9.tgz 6169ms (cache miss)
1548 http fetch GET 200 https://registry.npmjs.org/jest-worker/-/jest-worker-27.5.1.tgz 6221ms (cache miss)
1549 http fetch GET 200 https://registry.npmjs.org/pako/-/pako-0.2.9.tgz 6262ms (cache miss)
1550 http fetch GET 200 https://registry.npmjs.org/@babel%2fcore 5800ms (cache miss)
1551 silly packumentCache corgi:https://registry.npmjs.org/@babel%2fcore set size:undefined disposed:false
1552 http fetch GET 200 https://registry.npmjs.org/postcss 5863ms (cache miss)
1553 silly packumentCache corgi:https://registry.npmjs.org/postcss set size:undefined disposed:false
1554 http fetch GET 200 https://registry.npmjs.org/language-subtag-registry/-/language-subtag-registry-0.3.23.tgz 6357ms (cache miss)
1555 http fetch GET 200 https://registry.npmjs.org/srvx/-/srvx-0.11.15.tgz 6401ms (cache miss)
1556 http fetch GET 200 https://registry.npmjs.org/jiti/-/jiti-2.7.0.tgz 6370ms (cache miss)
1557 http fetch GET 200 https://registry.npmjs.org/acorn/-/acorn-8.16.0.tgz 6332ms (cache miss)
1558 http fetch GET 200 https://registry.npmjs.org/events/-/events-3.3.0.tgz 6416ms (cache miss)
1559 http fetch GET 200 https://registry.npmjs.org/ws 5989ms (cache miss)
1560 silly packumentCache corgi:https://registry.npmjs.org/ws set size:undefined disposed:false
1561 http fetch GET 200 https://registry.npmjs.org/sharp 6004ms (cache miss)
1562 silly packumentCache corgi:https://registry.npmjs.org/sharp set size:undefined disposed:false
1563 http fetch GET 200 https://registry.npmjs.org/undici 6133ms (cache miss)
1564 silly packumentCache corgi:https://registry.npmjs.org/undici set size:undefined disposed:false
1565 http fetch GET 200 https://registry.npmjs.org/esbuild 6179ms (cache miss)
1566 silly packumentCache corgi:https://registry.npmjs.org/esbuild set size:undefined disposed:false
1567 http fetch GET 200 https://registry.npmjs.org/@types/node/-/node-22.19.19.tgz 6835ms (cache miss)
1568 http fetch GET 200 https://registry.npmjs.org/js-yaml/-/js-yaml-4.1.1.tgz 6678ms (cache miss)
1569 http fetch GET 200 https://registry.npmjs.org/lightningcss/-/lightningcss-1.32.0.tgz 6659ms (cache miss)
1570 http fetch GET 200 https://registry.npmjs.org/react-server-dom-webpack/-/react-server-dom-webpack-19.2.6.tgz 6819ms (cache miss)
1571 http fetch GET 200 https://registry.npmjs.org/@vercel/og/-/og-0.8.6.tgz 7038ms (cache miss)
1572 http fetch GET 200 https://registry.npmjs.org/tsx/-/tsx-4.22.1.tgz 7035ms (cache miss)
1573 http fetch GET 200 https://registry.npmjs.org/@cloudflare/vite-plugin/-/vite-plugin-1.37.1.tgz 7082ms (cache miss)
1574 http fetch GET 200 https://registry.npmjs.org/@babel/traverse/-/traverse-7.29.0.tgz 7114ms (cache miss)
1575 http fetch GET 200 https://registry.npmjs.org/vite/-/vite-8.0.13.tgz 7095ms (cache miss)
1576 http fetch GET 200 https://registry.npmjs.org/postcss/-/postcss-8.5.14.tgz 7058ms (cache miss)
1577 http fetch GET 200 https://registry.npmjs.org/@shuding/opentype.js/-/opentype.js-1.4.0-beta.0.tgz 7386ms (cache miss)
1578 http fetch GET 200 https://registry.npmjs.org/rolldown/-/rolldown-1.0.1.tgz 7339ms (cache miss)
1579 http fetch GET 200 https://registry.npmjs.org/eslint-plugin-react-hooks/-/eslint-plugin-react-hooks-7.1.1.tgz 7329ms (cache miss)
1580 http fetch GET 200 https://registry.npmjs.org/vite 6918ms (cache miss)
1581 silly packumentCache corgi:https://registry.npmjs.org/vite set size:undefined disposed:false
1582 http fetch GET 200 https://registry.npmjs.org/@typescript-eslint/typescript-estree/-/typescript-estree-8.59.3.tgz 7674ms (cache miss)
1583 http fetch GET 200 https://registry.npmjs.org/terser/-/terser-5.47.1.tgz 7610ms (cache miss)
1584 http fetch GET 200 https://registry.npmjs.org/react-server-dom-webpack 7211ms (cache miss)
1585 silly packumentCache corgi:https://registry.npmjs.org/react-server-dom-webpack set size:undefined disposed:false
1586 http fetch GET 200 https://registry.npmjs.org/@typescript-eslint/utils/-/utils-8.59.3.tgz 7980ms (cache miss)
1587 http fetch GET 200 https://registry.npmjs.org/css-to-react-native/-/css-to-react-native-3.2.0.tgz 7906ms (cache miss)
1588 http fetch GET 200 https://registry.npmjs.org/semver/-/semver-7.8.0.tgz 7929ms (cache miss)
1589 http fetch GET 200 https://registry.npmjs.org/enhanced-resolve/-/enhanced-resolve-5.21.3.tgz 7980ms (cache miss)
1590 http fetch GET 200 https://registry.npmjs.org/semver/-/semver-7.8.0.tgz 7964ms (cache miss)
1591 http fetch GET 200 https://registry.npmjs.org/hermes-parser/-/hermes-parser-0.25.1.tgz 8032ms (cache miss)
1592 http fetch GET 200 https://registry.npmjs.org/semver/-/semver-7.8.0.tgz 8030ms (cache miss)
1593 http fetch GET 200 https://registry.npmjs.org/tsconfig-paths/-/tsconfig-paths-3.15.0.tgz 8414ms (cache miss)
1594 http fetch GET 200 https://registry.npmjs.org/postcss/-/postcss-8.4.31.tgz 8268ms (cache miss)
1595 http fetch GET 200 https://registry.npmjs.org/fast-glob/-/fast-glob-3.3.1.tgz 8326ms (cache miss)
1596 http fetch GET 200 https://registry.npmjs.org/axe-core/-/axe-core-4.11.4.tgz 8310ms (cache miss)
1597 http fetch GET 200 https://registry.npmjs.org/minimatch/-/minimatch-10.2.5.tgz 8756ms (cache miss)
1598 http fetch GET 200 https://registry.npmjs.org/@vitejs/plugin-rsc/-/plugin-rsc-0.5.26.tgz 8999ms (cache miss)
1599 http fetch GET 200 https://registry.npmjs.org/fast-glob/-/fast-glob-3.3.3.tgz 8784ms (cache miss)
1600 http fetch GET 200 https://registry.npmjs.org/@esbuild/win32-x64/-/win32-x64-0.28.0.tgz 9022ms (cache miss)
1601 http fetch GET 200 https://registry.npmjs.org/lightningcss-win32-x64-msvc/-/lightningcss-win32-x64-msvc-1.31.1.tgz 9235ms (cache miss)
1602 http fetch GET 200 https://registry.npmjs.org/react-dom/-/react-dom-19.2.6.tgz 9314ms (cache miss)
1603 http fetch GET 200 https://registry.npmjs.org/drizzle-kit/-/drizzle-kit-0.31.10.tgz 9625ms (cache miss)
1604 http fetch GET 200 https://registry.npmjs.org/@esbuild/win32-x64/-/win32-x64-0.18.20.tgz 10143ms (cache miss)
1605 http fetch GET 200 https://registry.npmjs.org/@babel/core/-/core-7.29.0.tgz 10373ms (cache miss)
1606 http fetch GET 200 https://registry.npmjs.org/lightningcss-win32-x64-msvc/-/lightningcss-win32-x64-msvc-1.32.0.tgz 10184ms (cache miss)
1607 http fetch GET 200 https://registry.npmjs.org/jsx-ast-utils/-/jsx-ast-utils-3.3.5.tgz 10269ms (cache miss)
1608 http fetch GET 200 https://registry.npmjs.org/resolve/-/resolve-2.0.0-next.7.tgz 10353ms (cache miss)
1609 http fetch GET 200 https://registry.npmjs.org/ajv/-/ajv-6.15.0.tgz 10298ms (cache miss)
1610 http fetch GET 200 https://registry.npmjs.org/es-iterator-helpers/-/es-iterator-helpers-1.3.2.tgz 10356ms (cache miss)
1611 http fetch GET 200 https://registry.npmjs.org/@esbuild/win32-x64/-/win32-x64-0.25.12.tgz 10388ms (cache miss)
1612 http fetch GET 200 https://registry.npmjs.org/image-size/-/image-size-2.0.2.tgz 10451ms (cache miss)
1613 http fetch GET 200 https://registry.npmjs.org/@esbuild/win32-x64/-/win32-x64-0.27.3.tgz 10497ms (cache miss)
1614 http fetch GET 200 https://registry.npmjs.org/web-vitals/-/web-vitals-4.2.4.tgz 10932ms (cache miss)
1615 http fetch GET 200 https://registry.npmjs.org/wrangler/-/wrangler-4.92.0.tgz 11076ms (cache miss)
1616 http fetch GET 200 https://registry.npmjs.org/eslint-plugin-import/-/eslint-plugin-import-2.32.0.tgz 11020ms (cache miss)
1617 http fetch GET 200 https://registry.npmjs.org/@img/sharp-win32-x64/-/sharp-win32-x64-0.34.5.tgz 11261ms (cache miss)
1618 http fetch GET 200 https://registry.npmjs.org/@rolldown/binding-win32-x64-msvc/-/binding-win32-x64-msvc-1.0.1.tgz 11552ms (cache miss)
1619 http fetch GET 200 https://registry.npmjs.org/@babel/types/-/types-7.29.0.tgz 11796ms (cache miss)
1620 http fetch GET 200 https://registry.npmjs.org/ajv-keywords/-/ajv-keywords-5.1.0.tgz 11612ms (cache miss)
1621 http fetch GET 200 https://registry.npmjs.org/axobject-query/-/axobject-query-4.1.0.tgz 11641ms (cache miss)
1622 http fetch GET 200 https://registry.npmjs.org/blake3-wasm/-/blake3-wasm-2.1.5.tgz 12106ms (cache miss)
1623 http fetch GET 200 https://registry.npmjs.org/next 11747ms (cache miss)
1624 silly packumentCache corgi:https://registry.npmjs.org/next set size:undefined disposed:false
1625 silly packumentCache corgi:https://registry.npmjs.org/@babel%2fhelper-module-transforms cache-miss
1626 silly packumentCache corgi:https://registry.npmjs.org/eslint-plugin-react-hooks cache-miss
1627 http fetch GET 200 https://registry.npmjs.org/undici/-/undici-7.24.8.tgz 13292ms (cache miss)
1628 http fetch GET 200 https://registry.npmjs.org/@babel%2fhelper-module-transforms 155ms (cache miss)
1629 silly packumentCache corgi:https://registry.npmjs.org/@babel%2fhelper-module-transforms set size:undefined disposed:false
1630 http fetch GET 200 https://registry.npmjs.org/@babel/helpers/-/helpers-7.29.2.tgz 13496ms (cache miss)
1631 http fetch GET 200 https://registry.npmjs.org/aria-query/-/aria-query-5.3.2.tgz 13422ms (cache miss)
1632 http fetch GET 200 https://registry.npmjs.org/@speed-highlight/core/-/core-1.2.15.tgz 13756ms (cache miss)
1633 http fetch GET 200 https://registry.npmjs.org/eslint-plugin-jsx-a11y/-/eslint-plugin-jsx-a11y-6.10.2.tgz 13889ms (cache miss)
1634 http fetch GET 200 https://registry.npmjs.org/eslint-plugin-react-hooks 810ms (cache miss)
1635 silly packumentCache corgi:https://registry.npmjs.org/eslint-plugin-react-hooks set size:undefined disposed:false
1636 silly packumentCache corgi:https://registry.npmjs.org/@esbuild-kit%2fcore-utils cache-miss
1637 http fetch GET 200 https://registry.npmjs.org/@esbuild-kit%2fcore-utils 242ms (cache miss)
1638 silly packumentCache corgi:https://registry.npmjs.org/@esbuild-kit%2fcore-utils set size:undefined disposed:false
1639 silly packumentCache corgi:https://registry.npmjs.org/tsx cache-miss
1640 silly packumentCache corgi:https://registry.npmjs.org/wrangler cache-miss
1641 http fetch GET 200 https://registry.npmjs.org/tsx 193ms (cache miss)
1642 silly packumentCache corgi:https://registry.npmjs.org/tsx set size:undefined disposed:false
1643 http fetch GET 200 https://registry.npmjs.org/@swc/helpers/-/helpers-0.5.15.tgz 14856ms (cache miss)
1644 http fetch GET 200 https://registry.npmjs.org/typescript/-/typescript-5.9.3.tgz 14914ms (cache miss)
1645 http fetch GET 200 https://registry.npmjs.org/@typescript-eslint/scope-manager/-/scope-manager-8.59.3.tgz 15142ms (cache miss)
1646 http fetch GET 200 https://registry.npmjs.org/miniflare/-/miniflare-4.20260515.0.tgz 15399ms (cache miss)
1647 http fetch GET 200 https://registry.npmjs.org/wrangler 1619ms (cache miss)
1648 silly packumentCache corgi:https://registry.npmjs.org/wrangler set size:undefined disposed:false
1649 silly packumentCache corgi:https://registry.npmjs.org/minimatch cache-miss
1650 http fetch GET 200 https://registry.npmjs.org/eslint-plugin-react/-/eslint-plugin-react-7.37.5.tgz 16326ms (cache miss)
1651 http fetch GET 200 https://registry.npmjs.org/minimatch 59ms (cache miss)
1652 silly packumentCache corgi:https://registry.npmjs.org/minimatch set size:undefined disposed:false
1653 silly packumentCache corgi:https://registry.npmjs.org/ajv cache-miss
1654 http fetch GET 200 https://registry.npmjs.org/ajv 302ms (cache miss)
1655 silly packumentCache corgi:https://registry.npmjs.org/ajv set size:undefined disposed:false
1656 silly packumentCache corgi:https://registry.npmjs.org/@eslint%2feslintrc cache-miss
1657 http fetch GET 200 https://registry.npmjs.org/@eslint%2feslintrc 83ms (cache miss)
1658 silly packumentCache corgi:https://registry.npmjs.org/@eslint%2feslintrc set size:undefined disposed:false
1659 silly packumentCache corgi:https://registry.npmjs.org/@unpic%2freact cache-miss
1660 http fetch GET 200 https://registry.npmjs.org/@unpic%2freact 53ms (cache miss)
1661 silly packumentCache corgi:https://registry.npmjs.org/@unpic%2freact set size:undefined disposed:false
1662 http fetch GET 200 https://registry.npmjs.org/unenv/-/unenv-2.0.0-rc.24.tgz 17102ms (cache miss)
1663 http fetch GET 200 https://registry.npmjs.org/@typescript-eslint/eslint-plugin/-/eslint-plugin-8.59.3.tgz 17336ms (cache miss)
1664 silly packumentCache corgi:https://registry.npmjs.org/@tailwindcss%2fpostcss cache-miss
1665 http fetch GET 200 https://registry.npmjs.org/unpic/-/unpic-4.2.2.tgz 17473ms (cache miss)
1666 http fetch GET 200 https://registry.npmjs.org/@tailwindcss%2fpostcss 188ms (cache miss)
1667 silly packumentCache corgi:https://registry.npmjs.org/@tailwindcss%2fpostcss set size:undefined disposed:false
1668 silly packumentCache corgi:https://registry.npmjs.org/@vitejs%2fplugin-rsc cache-miss
1669 silly packumentCache corgi:https://registry.npmjs.org/vinext cache-miss
1670 http fetch GET 200 https://registry.npmjs.org/vinext 49ms (cache miss)
1671 silly packumentCache corgi:https://registry.npmjs.org/vinext set size:undefined disposed:false
1672 http fetch GET 200 https://registry.npmjs.org/@vitejs%2fplugin-rsc 81ms (cache miss)
1673 silly packumentCache corgi:https://registry.npmjs.org/@vitejs%2fplugin-rsc set size:undefined disposed:false
1674 silly packumentCache corgi:https://registry.npmjs.org/miniflare cache-miss
1675 http fetch GET 200 https://registry.npmjs.org/eslint/-/eslint-9.39.4.tgz 18030ms (cache miss)
1676 http fetch GET 200 https://registry.npmjs.org/miniflare 529ms (cache miss)
1677 silly packumentCache corgi:https://registry.npmjs.org/miniflare set size:undefined disposed:false
1678 silly packumentCache corgi:https://registry.npmjs.org/@cloudflare%2fvite-plugin cache-miss
1679 silly packumentCache corgi:https://registry.npmjs.org/@vitejs%2fplugin-react cache-miss
1680 silly packumentCache corgi:https://registry.npmjs.org/vite-tsconfig-paths cache-miss
1681 silly packumentCache corgi:https://registry.npmjs.org/vitefu cache-miss
1682 http fetch GET 200 https://registry.npmjs.org/vitefu 64ms (cache miss)
1683 silly packumentCache corgi:https://registry.npmjs.org/vitefu set size:undefined disposed:false
1684 http fetch GET 200 https://registry.npmjs.org/vite-tsconfig-paths 88ms (cache miss)
1685 silly packumentCache corgi:https://registry.npmjs.org/vite-tsconfig-paths set size:undefined disposed:false
1686 http fetch GET 200 https://registry.npmjs.org/@vitejs%2fplugin-react 93ms (cache miss)
1687 silly packumentCache corgi:https://registry.npmjs.org/@vitejs%2fplugin-react set size:undefined disposed:false
1688 http fetch GET 200 https://registry.npmjs.org/@cloudflare%2fvite-plugin 165ms (cache miss)
1689 silly packumentCache corgi:https://registry.npmjs.org/@cloudflare%2fvite-plugin set size:undefined disposed:false
1690 silly packumentCache corgi:https://registry.npmjs.org/@esbuild-kit%2fesm-loader cache-miss
1691 http fetch GET 200 https://registry.npmjs.org/ajv/-/ajv-8.20.0.tgz 18601ms (cache miss)
1692 http fetch GET 200 https://registry.npmjs.org/@esbuild-kit%2fesm-loader 49ms (cache miss)
1693 silly packumentCache corgi:https://registry.npmjs.org/@esbuild-kit%2fesm-loader set size:undefined disposed:false
1694 silly packumentCache corgi:https://registry.npmjs.org/drizzle-kit cache-miss
1695 http fetch GET 200 https://registry.npmjs.org/drizzle-kit 152ms (cache miss)
1696 silly packumentCache corgi:https://registry.npmjs.org/drizzle-kit set size:undefined disposed:false
1697 http fetch GET 200 https://registry.npmjs.org/@cloudflare/workerd-windows-64/-/workerd-windows-64-1.20260515.1.tgz 25206ms (cache miss)
1698 http fetch GET 200 https://registry.npmjs.org/webpack/-/webpack-5.106.2.tgz 25986ms (cache miss)
1699 http fetch GET 200 https://registry.npmjs.org/vinext/-/vinext-0.0.50.tgz 26175ms (cache miss)
1700 http fetch GET 200 https://registry.npmjs.org/caniuse-lite/-/caniuse-lite-1.0.30001793.tgz 26711ms (cache miss)
1701 http fetch GET 200 https://registry.npmjs.org/zod/-/zod-4.4.3.tgz 26904ms (cache miss)
1702 http fetch GET 200 https://registry.npmjs.org/@next/swc-win32-x64-msvc/-/swc-win32-x64-msvc-16.2.6.tgz 26941ms (cache miss)
1703 http fetch GET 200 https://registry.npmjs.org/es-abstract/-/es-abstract-1.24.2.tgz 29640ms (cache miss)
1704 http fetch GET 200 https://registry.npmjs.org/drizzle-orm/-/drizzle-orm-0.45.2.tgz 33173ms (cache miss)
1705 http fetch GET 200 https://registry.npmjs.org/next/-/next-16.2.6.tgz 76666ms (cache miss)
1706 info run sharp@0.34.5 install node_modules/sharp node install/check.js || npm run build
1707 info run sharp@0.34.5 install { code: 0, signal: null }
1708 info run esbuild@0.28.0 postinstall node_modules/esbuild node install.js
1709 info run unrs-resolver@1.11.1 postinstall node_modules/unrs-resolver napi-postinstall unrs-resolver 1.11.1 check
1710 info run workerd@1.20260515.1 postinstall node_modules/workerd node install.js
1711 info run esbuild@0.18.20 postinstall node_modules/@esbuild-kit/core-utils/node_modules/esbuild node install.js
1712 info run esbuild@0.25.12 postinstall node_modules/drizzle-kit/node_modules/esbuild node install.js
1713 info run esbuild@0.27.3 postinstall node_modules/wrangler/node_modules/esbuild node install.js
1714 info run unrs-resolver@1.11.1 postinstall { code: 0, signal: null }
1715 info run esbuild@0.27.3 postinstall { code: 0, signal: null }
1716 info run esbuild@0.25.12 postinstall { code: 0, signal: null }
1717 info run esbuild@0.18.20 postinstall { code: 0, signal: null }
1718 info run esbuild@0.28.0 postinstall { code: 0, signal: null }
1719 info run workerd@1.20260515.1 postinstall { code: 0, signal: null }
1720 silly CHANGE node_modules/@xtuc/long
1721 silly CHANGE node_modules/@xtuc/ieee754
1722 silly CHANGE node_modules/@vitejs/plugin-rsc
1723 silly CHANGE node_modules/@vitejs/plugin-rsc/node_modules/@rolldown/pluginutils
1724 silly CHANGE node_modules/@vitejs/plugin-react
1725 silly CHANGE node_modules/@webassemblyjs/wast-printer
1726 silly CHANGE node_modules/@webassemblyjs/wasm-parser
1727 silly CHANGE node_modules/@webassemblyjs/wasm-opt
1728 silly CHANGE node_modules/@webassemblyjs/wasm-gen
1729 silly CHANGE node_modules/@webassemblyjs/wasm-edit
1730 silly CHANGE node_modules/@webassemblyjs/utf8
1731 silly CHANGE node_modules/@webassemblyjs/leb128
1732 silly CHANGE node_modules/@webassemblyjs/ieee754
1733 silly CHANGE node_modules/@webassemblyjs/helper-wasm-section
1734 silly CHANGE node_modules/@webassemblyjs/helper-wasm-bytecode
1735 silly CHANGE node_modules/@webassemblyjs/helper-numbers
1736 silly CHANGE node_modules/@webassemblyjs/helper-buffer
1737 silly CHANGE node_modules/@webassemblyjs/helper-api-error
1738 silly CHANGE node_modules/@webassemblyjs/floating-point-hex-parser
1739 silly CHANGE node_modules/@webassemblyjs/ast
1740 silly CHANGE node_modules/@vercel/og
1741 silly CHANGE node_modules/@unrs/resolver-binding-win32-x64-msvc
1742 silly CHANGE node_modules/@unpic/react
1743 silly CHANGE node_modules/@unpic/core
1744 silly CHANGE node_modules/@typescript-eslint/visitor-keys
1745 silly CHANGE node_modules/@typescript-eslint/visitor-keys/node_modules/eslint-visitor-keys
1746 silly CHANGE node_modules/@typescript-eslint/utils
1747 silly CHANGE node_modules/@typescript-eslint/typescript-estree
1748 silly CHANGE node_modules/@typescript-eslint/typescript-estree/node_modules/semver
1749 silly CHANGE node_modules/@typescript-eslint/typescript-estree/node_modules/minimatch
1750 silly CHANGE node_modules/@typescript-eslint/typescript-estree/node_modules/brace-expansion
1751 silly CHANGE node_modules/@typescript-eslint/typescript-estree/node_modules/balanced-match
1752 silly CHANGE node_modules/@typescript-eslint/types
1753 silly CHANGE node_modules/@typescript-eslint/type-utils
1754 silly CHANGE node_modules/@typescript-eslint/tsconfig-utils
1755 silly CHANGE node_modules/@typescript-eslint/project-service
1756 silly CHANGE node_modules/@typescript-eslint/scope-manager
1757 silly CHANGE node_modules/@typescript-eslint/parser
1758 silly CHANGE node_modules/@typescript-eslint/eslint-plugin
1759 silly CHANGE node_modules/@typescript-eslint/eslint-plugin/node_modules/ignore
1760 silly CHANGE node_modules/@types/react-dom
1761 silly CHANGE node_modules/@types/react
1762 silly CHANGE node_modules/@types/node
1763 silly CHANGE node_modules/@types/json5
1764 silly CHANGE node_modules/@types/json-schema
1765 silly CHANGE node_modules/@types/eslint-scope
1766 silly CHANGE node_modules/@types/eslint
1767 silly CHANGE node_modules/@tybys/wasm-util
1768 silly CHANGE node_modules/@tailwindcss/postcss
1769 silly CHANGE node_modules/@tailwindcss/oxide-win32-x64-msvc
1770 silly CHANGE node_modules/@tailwindcss/oxide
1771 silly CHANGE node_modules/@tailwindcss/node
1772 silly CHANGE node_modules/@swc/helpers
1773 silly CHANGE node_modules/@sindresorhus/is
1774 silly CHANGE node_modules/@shuding/opentype.js
1775 silly CHANGE node_modules/@speed-highlight/core
1776 silly CHANGE node_modules/@rtsao/scc
1777 silly CHANGE node_modules/@rolldown/binding-win32-x64-msvc
1778 silly CHANGE node_modules/@resvg/resvg-wasm
1779 silly CHANGE node_modules/@poppinss/exception
1780 silly CHANGE node_modules/@poppinss/dumper
1781 silly CHANGE node_modules/@poppinss/dumper/node_modules/supports-color
1782 silly CHANGE node_modules/@poppinss/colors
1783 silly CHANGE node_modules/@oxc-project/types
1784 silly CHANGE node_modules/@nolyfill/is-core-module
1785 silly CHANGE node_modules/@next/eslint-plugin-next
1786 silly CHANGE node_modules/@next/swc-win32-x64-msvc
1787 silly CHANGE node_modules/@next/env
1788 silly CHANGE node_modules/@jridgewell/trace-mapping
1789 silly CHANGE node_modules/@jridgewell/source-map
1790 silly CHANGE node_modules/@jridgewell/remapping
1791 silly CHANGE node_modules/@jridgewell/gen-mapping
1792 silly CHANGE node_modules/@img/sharp-win32-x64
1793 silly CHANGE node_modules/@humanwhocodes/retry
1794 silly CHANGE node_modules/@img/colour
1795 silly CHANGE node_modules/@humanwhocodes/module-importer
1796 silly CHANGE node_modules/@humanfs/types
1797 silly CHANGE node_modules/@humanfs/node
1798 silly CHANGE node_modules/@humanfs/core
1799 silly CHANGE node_modules/@eslint-community/regexpp
1800 silly CHANGE node_modules/@eslint-community/eslint-utils
1801 silly CHANGE node_modules/@eslint-community/eslint-utils/node_modules/eslint-visitor-keys
1802 silly CHANGE node_modules/@eslint/plugin-kit
1803 silly CHANGE node_modules/@eslint/object-schema
1804 silly CHANGE node_modules/@eslint/js
1805 silly CHANGE node_modules/@eslint/eslintrc
1806 silly CHANGE node_modules/@eslint/core
1807 silly CHANGE node_modules/@eslint/config-helpers
1808 silly CHANGE node_modules/@eslint/config-array
1809 silly CHANGE node_modules/@esbuild-kit/esm-loader
1810 silly CHANGE node_modules/@esbuild-kit/core-utils
1811 silly CHANGE node_modules/@esbuild-kit/core-utils/node_modules/@esbuild/win32-x64
1812 silly CHANGE node_modules/@esbuild-kit/core-utils/node_modules/esbuild
1813 silly CHANGE node_modules/@esbuild/win32-x64
1814 silly CHANGE node_modules/@emnapi/runtime
1815 silly CHANGE node_modules/@emnapi/wasi-threads
1816 silly CHANGE node_modules/@drizzle-team/brocli
1817 silly CHANGE node_modules/@emnapi/core
1818 silly CHANGE node_modules/@cloudflare/workerd-windows-64
1819 silly CHANGE node_modules/@cloudflare/vite-plugin
1820 silly CHANGE node_modules/@cloudflare/unenv-preset
1821 silly CHANGE node_modules/@cloudflare/kv-asset-handler
1822 silly CHANGE node_modules/@babel/types
1823 silly CHANGE node_modules/@babel/traverse
1824 silly CHANGE node_modules/@babel/template
1825 silly CHANGE node_modules/@babel/parser
1826 silly CHANGE node_modules/@babel/helpers
1827 silly CHANGE node_modules/@babel/helper-validator-option
1828 silly CHANGE node_modules/@babel/helper-validator-identifier
1829 silly CHANGE node_modules/@babel/helper-string-parser
1830 silly CHANGE node_modules/@babel/helper-module-transforms
1831 silly CHANGE node_modules/@babel/helper-module-imports
1832 silly CHANGE node_modules/@babel/helper-globals
1833 silly CHANGE node_modules/@babel/helper-compilation-targets
1834 silly CHANGE node_modules/@babel/generator
1835 silly CHANGE node_modules/@babel/core
1836 silly CHANGE node_modules/@babel/compat-data
1837 silly CHANGE node_modules/@babel/code-frame
1838 silly CHANGE node_modules/@alloc/quick-lru
1839 silly CHANGE node_modules/zod-validation-error
1840 silly CHANGE node_modules/zod
1841 silly CHANGE node_modules/youch-core
1842 silly CHANGE node_modules/youch
1843 silly CHANGE node_modules/yoga-layout
1844 silly CHANGE node_modules/yocto-queue
1845 silly CHANGE node_modules/yallist
1846 silly CHANGE node_modules/wrangler
1847 silly CHANGE node_modules/wrangler/node_modules/@esbuild/win32-x64
1848 silly CHANGE node_modules/wrangler/node_modules/esbuild
1849 silly CHANGE node_modules/ws
1850 silly CHANGE node_modules/workerd
1851 silly CHANGE node_modules/which-typed-array
1852 silly CHANGE node_modules/word-wrap
1853 silly CHANGE node_modules/which-collection
1854 silly CHANGE node_modules/which-builtin-type
1855 silly CHANGE node_modules/which-boxed-primitive
1856 silly CHANGE node_modules/which
1857 silly CHANGE node_modules/webpack-sources
1858 silly CHANGE node_modules/webpack
1859 silly CHANGE node_modules/webpack/node_modules/estraverse
1860 silly CHANGE node_modules/webpack/node_modules/eslint-scope
1861 silly CHANGE node_modules/web-vitals
1862 silly CHANGE node_modules/watchpack
1863 silly CHANGE node_modules/vitefu
1864 silly CHANGE node_modules/vite-tsconfig-paths
1865 silly CHANGE node_modules/vite-plugin-dynamic-import
1866 silly CHANGE node_modules/vite-plugin-dynamic-import/node_modules/glob-parent
1867 silly CHANGE node_modules/vite-plugin-dynamic-import/node_modules/es-module-lexer
1868 silly CHANGE node_modules/vite-plugin-dynamic-import/node_modules/fast-glob
1869 silly CHANGE node_modules/vite-plugin-commonjs
1870 silly CHANGE node_modules/vite
1871 silly CHANGE node_modules/vite/node_modules/lightningcss-win32-x64-msvc
1872 silly CHANGE node_modules/vite/node_modules/picomatch
1873 silly CHANGE node_modules/vite/node_modules/lightningcss
1874 silly CHANGE node_modules/vinext
1875 silly CHANGE node_modules/update-browserslist-db
1876 silly CHANGE node_modules/unrs-resolver
1877 silly CHANGE node_modules/unpic
1878 silly CHANGE node_modules/unicode-trie
1879 silly CHANGE node_modules/unenv
1880 silly CHANGE node_modules/undici-types
1881 silly CHANGE node_modules/undici
1882 silly CHANGE node_modules/typescript-eslint
1883 silly CHANGE node_modules/unbox-primitive
1884 silly CHANGE node_modules/typescript
1885 silly CHANGE node_modules/typed-array-length
1886 silly CHANGE node_modules/typed-array-byte-length
1887 silly CHANGE node_modules/typed-array-byte-offset
1888 silly CHANGE node_modules/type-check
1889 silly CHANGE node_modules/turbo-stream
1890 silly CHANGE node_modules/tsx
1891 silly CHANGE node_modules/tiny-inflate
1892 silly CHANGE node_modules/tsconfig-paths
1893 silly CHANGE node_modules/tsconfig-paths/node_modules/json5
1894 silly CHANGE node_modules/tsconfck
1895 silly CHANGE node_modules/ts-api-utils
1896 silly CHANGE node_modules/terser-webpack-plugin
1897 silly CHANGE node_modules/tinyglobby
1898 silly CHANGE node_modules/tinyglobby/node_modules/picomatch
1899 silly CHANGE node_modules/tinyglobby/node_modules/fdir
1900 silly CHANGE node_modules/terser
1901 silly CHANGE node_modules/tapable
1902 silly CHANGE node_modules/tailwindcss
1903 silly CHANGE node_modules/supports-preserve-symlinks-flag
1904 silly CHANGE node_modules/styled-jsx
1905 silly CHANGE node_modules/strip-json-comments
1906 silly CHANGE node_modules/strip-literal
1907 silly CHANGE node_modules/strip-literal/node_modules/js-tokens
1908 silly CHANGE node_modules/string.prototype.trimstart
1909 silly CHANGE node_modules/string.prototype.trimend
1910 silly CHANGE node_modules/string.prototype.trim
1911 silly CHANGE node_modules/string.prototype.matchall
1912 silly CHANGE node_modules/string.prototype.repeat
1913 silly CHANGE node_modules/string.prototype.includes
1914 silly CHANGE node_modules/stop-iteration-iterator
1915 silly CHANGE node_modules/string.prototype.codepointat
1916 silly CHANGE node_modules/stable-hash
1917 silly CHANGE node_modules/srvx
1918 silly CHANGE node_modules/source-map-support
1919 silly CHANGE node_modules/side-channel-weakmap
1920 silly CHANGE node_modules/side-channel-map
1921 silly CHANGE node_modules/side-channel-list
1922 silly CHANGE node_modules/side-channel
1923 silly CHANGE node_modules/sharp
1924 silly CHANGE node_modules/sharp/node_modules/semver
1925 silly CHANGE node_modules/schema-utils
1926 silly CHANGE node_modules/schema-utils/node_modules/json-schema-traverse
1927 silly CHANGE node_modules/schema-utils/node_modules/ajv-keywords
1928 silly CHANGE node_modules/schema-utils/node_modules/ajv
1929 silly CHANGE node_modules/set-proto
1930 silly CHANGE node_modules/scheduler
1931 silly CHANGE node_modules/set-function-name
1932 silly CHANGE node_modules/semver
1933 silly CHANGE node_modules/satori
1934 silly CHANGE node_modules/safe-push-apply
1935 silly CHANGE node_modules/safe-array-concat
1936 silly CHANGE node_modules/rolldown
1937 silly CHANGE node_modules/resolve-pkg-maps
1938 silly CHANGE node_modules/resolve
1939 silly CHANGE node_modules/regexp.prototype.flags
1940 silly CHANGE node_modules/reflect.getprototypeof
1941 silly CHANGE node_modules/react-server-dom-webpack
1942 silly CHANGE node_modules/react-loading-skeleton
1943 silly CHANGE node_modules/react-is
1944 silly CHANGE node_modules/react-dom
1945 silly CHANGE node_modules/react
1946 silly CHANGE node_modules/prop-types
1947 silly CHANGE node_modules/prelude-ls
1948 silly CHANGE node_modules/postcss-value-parser
1949 silly CHANGE node_modules/postcss
1950 silly CHANGE node_modules/pathe
1951 silly CHANGE node_modules/path-to-regexp
1952 silly CHANGE node_modules/path-parse
1953 silly CHANGE node_modules/path-exists
1954 silly CHANGE node_modules/parse-css-color
1955 silly CHANGE node_modules/p-locate
1956 silly CHANGE node_modules/pako
1957 silly CHANGE node_modules/p-limit
1958 silly CHANGE node_modules/own-keys
1959 silly CHANGE node_modules/object.values
1960 silly CHANGE node_modules/optionator
1961 silly CHANGE node_modules/object.groupby
1962 silly CHANGE node_modules/object.fromentries
1963 silly CHANGE node_modules/object.entries
1964 silly CHANGE node_modules/object.assign
1965 silly CHANGE node_modules/object-keys
1966 silly CHANGE node_modules/object-inspect
1967 silly CHANGE node_modules/node-releases
1968 silly CHANGE node_modules/node-exports-info
1969 silly CHANGE node_modules/next
1970 silly CHANGE node_modules/next/node_modules/postcss
1971 silly CHANGE node_modules/natural-compare
1972 silly CHANGE node_modules/napi-postinstall
1973 silly CHANGE node_modules/nanoid
1974 silly CHANGE node_modules/miniflare
1975 silly CHANGE node_modules/mime-db
1976 silly CHANGE node_modules/merge-stream
1977 silly CHANGE node_modules/loose-envify
1978 silly CHANGE node_modules/lru-cache
1979 silly CHANGE node_modules/lodash.merge
1980 silly CHANGE node_modules/locate-path
1981 silly CHANGE node_modules/loader-runner
1982 silly CHANGE node_modules/linebreak
1983 silly CHANGE node_modules/lightningcss-win32-x64-msvc
1984 silly CHANGE node_modules/lightningcss
1985 silly CHANGE node_modules/levn
1986 silly CHANGE node_modules/language-tags
1987 silly CHANGE node_modules/language-subtag-registry
1988 silly CHANGE node_modules/kleur
1989 silly CHANGE node_modules/jsx-ast-utils
1990 silly CHANGE node_modules/keyv
1991 silly CHANGE node_modules/json5
1992 silly CHANGE node_modules/json-stable-stringify-without-jsonify
1993 silly CHANGE node_modules/json-buffer
1994 silly CHANGE node_modules/jsesc
1995 silly CHANGE node_modules/js-yaml
1996 silly CHANGE node_modules/jiti
1997 silly CHANGE node_modules/jest-worker
1998 silly CHANGE node_modules/jest-worker/node_modules/supports-color
1999 silly CHANGE node_modules/iterator.prototype
2000 silly CHANGE node_modules/is-weakset
2001 silly CHANGE node_modules/is-weakref
2002 silly CHANGE node_modules/is-weakmap
2003 silly CHANGE node_modules/is-string
2004 silly CHANGE node_modules/is-symbol
2005 silly CHANGE node_modules/is-shared-array-buffer
2006 silly CHANGE node_modules/is-set
2007 silly CHANGE node_modules/is-number-object
2008 silly CHANGE node_modules/is-negative-zero
2009 silly CHANGE node_modules/is-map
2010 silly CHANGE node_modules/is-finalizationregistry
2011 silly CHANGE node_modules/is-date-object
2012 silly CHANGE node_modules/is-bun-module
2013 silly CHANGE node_modules/is-bun-module/node_modules/semver
2014 silly CHANGE node_modules/is-data-view
2015 silly CHANGE node_modules/is-core-module
2016 silly CHANGE node_modules/imurmurhash
2017 silly CHANGE node_modules/is-boolean-object
2018 silly CHANGE node_modules/is-bigint
2019 silly CHANGE node_modules/is-async-function
2020 silly CHANGE node_modules/is-array-buffer
2021 silly CHANGE node_modules/ipaddr.js
2022 silly CHANGE node_modules/internal-slot
2023 silly CHANGE node_modules/image-size
2024 silly CHANGE node_modules/hex-rgb
2025 silly CHANGE node_modules/hermes-parser
2026 silly CHANGE node_modules/hermes-estree
2027 silly CHANGE node_modules/hasown
2028 silly CHANGE node_modules/has-proto
2029 silly CHANGE node_modules/has-bigints
2030 silly CHANGE node_modules/globrex
2031 silly CHANGE node_modules/globalthis
2032 silly CHANGE node_modules/globals
2033 silly CHANGE node_modules/glob-to-regexp
2034 silly CHANGE node_modules/glob-parent
2035 silly CHANGE node_modules/get-tsconfig
2036 silly CHANGE node_modules/get-symbol-description
2037 silly CHANGE node_modules/gensync
2038 silly CHANGE node_modules/functions-have-names
2039 silly CHANGE node_modules/function.prototype.name
2040 silly CHANGE node_modules/flatted
2041 silly CHANGE node_modules/flat-cache
2042 silly CHANGE node_modules/find-up
2043 silly CHANGE node_modules/file-entry-cache
2044 silly CHANGE node_modules/fflate
2045 silly CHANGE node_modules/fast-levenshtein
2046 silly CHANGE node_modules/fast-glob
2047 silly CHANGE node_modules/fast-glob/node_modules/glob-parent
2048 silly CHANGE node_modules/events
2049 silly CHANGE node_modules/estree-walker
2050 silly CHANGE node_modules/esrecurse
2051 silly CHANGE node_modules/esquery
2052 silly CHANGE node_modules/espree
2053 silly CHANGE node_modules/eslint-visitor-keys
2054 silly CHANGE node_modules/eslint-scope
2055 silly CHANGE node_modules/eslint-plugin-react-hooks
2056 silly CHANGE node_modules/eslint-plugin-react
2057 silly CHANGE node_modules/eslint-plugin-jsx-a11y
2058 silly CHANGE node_modules/eslint-plugin-import
2059 silly CHANGE node_modules/eslint-plugin-import/node_modules/debug
2060 silly CHANGE node_modules/eslint-module-utils
2061 silly CHANGE node_modules/eslint-module-utils/node_modules/debug
2062 silly CHANGE node_modules/eslint-import-resolver-typescript
2063 silly CHANGE node_modules/eslint-import-resolver-node
2064 silly CHANGE node_modules/eslint-import-resolver-node/node_modules/debug
2065 silly CHANGE node_modules/eslint-config-next
2066 silly CHANGE node_modules/eslint-config-next/node_modules/globals
2067 silly CHANGE node_modules/eslint
2068 silly CHANGE node_modules/escape-html
2069 silly CHANGE node_modules/esbuild
2070 silly CHANGE node_modules/es-to-primitive
2071 silly CHANGE node_modules/es-shim-unscopables
2072 silly CHANGE node_modules/es-object-atoms
2073 silly CHANGE node_modules/es-module-lexer
2074 silly CHANGE node_modules/es-iterator-helpers
2075 silly CHANGE node_modules/es-abstract
2076 silly CHANGE node_modules/error-stack-parser-es
2077 silly CHANGE node_modules/enhanced-resolve
2078 silly CHANGE node_modules/emoji-regex-xs
2079 silly CHANGE node_modules/emoji-regex
2080 silly CHANGE node_modules/electron-to-chromium
2081 silly CHANGE node_modules/drizzle-orm
2082 silly CHANGE node_modules/drizzle-kit
2083 silly CHANGE node_modules/drizzle-kit/node_modules/@esbuild/win32-x64
2084 silly CHANGE node_modules/drizzle-kit/node_modules/esbuild
2085 silly CHANGE node_modules/doctrine
2086 silly CHANGE node_modules/detect-libc
2087 silly CHANGE node_modules/define-properties
2088 silly CHANGE node_modules/deep-is
2089 silly CHANGE node_modules/data-view-byte-offset
2090 silly CHANGE node_modules/data-view-byte-length
2091 silly CHANGE node_modules/data-view-buffer
2092 silly CHANGE node_modules/damerau-levenshtein
2093 silly CHANGE node_modules/css-to-react-native
2094 silly CHANGE node_modules/css-gradient-parser
2095 silly CHANGE node_modules/css-color-keywords
2096 silly CHANGE node_modules/css-box-shadow
2097 silly CHANGE node_modules/css-background-parser
2098 silly CHANGE node_modules/cookie
2099 silly CHANGE node_modules/convert-source-map
2100 silly CHANGE node_modules/client-only
2101 silly CHANGE node_modules/chrome-trace-event
2102 silly CHANGE node_modules/caniuse-lite
2103 silly CHANGE node_modules/camelize
2104 silly CHANGE node_modules/buffer-from
2105 silly CHANGE node_modules/browserslist
2106 silly CHANGE node_modules/brace-expansion
2107 silly CHANGE node_modules/base64-js
2108 silly CHANGE node_modules/blake3-wasm
2109 silly CHANGE node_modules/baseline-browser-mapping
2110 silly CHANGE node_modules/axobject-query
2111 silly CHANGE node_modules/axe-core
2112 silly CHANGE node_modules/async-function
2113 silly CHANGE node_modules/ast-types-flow
2114 silly CHANGE node_modules/arraybuffer.prototype.slice
2115 silly CHANGE node_modules/array.prototype.tosorted
2116 silly CHANGE node_modules/array.prototype.flatmap
2117 silly CHANGE node_modules/array.prototype.flat
2118 silly CHANGE node_modules/array.prototype.findlastindex
2119 silly CHANGE node_modules/array.prototype.findlast
2120 silly CHANGE node_modules/array-includes
2121 silly CHANGE node_modules/array-buffer-byte-length
2122 silly CHANGE node_modules/aria-query
2123 silly CHANGE node_modules/ajv
2124 silly CHANGE node_modules/acorn-loose
2125 silly CHANGE node_modules/acorn-import-phases
2126 silly CHANGE node_modules/acorn-jsx
2127 silly CHANGE node_modules/acorn
2128 verbose cwd C:\wang\mobile-order
2129 verbose os Windows_NT 10.0.26200
2130 verbose node v24.14.1
2131 verbose npm  v11.11.0
2132 verbose exit 0
2133 info ok
